First,Last,Name,Title,Company,Sub-Sector,Vertical,Seniority,Email,Phone,LinkedIn,Source
Ken,Potrock,Ken Potrock,"SVP, Global Sports Enterprises",Walt Disney Company,Big Media Networks & Studios,Media & Publishing,VP,ken.potrock@disney.com,407-824-4321,http://www.linkedin.com/in/ken-potrock-1a080b5,original_list
Patricia,Hennebry,Patricia Hennebry,"Director, Sponsorship",Verizon,Consumer Telecom Giants,Telecom & Connectivity,Director,patricia.hennebry@verizon.com,908-559-2000,http://www.linkedin.com/in/pat-hennebry-47a7837,original_list
Suzy,Deering,Suzy Deering,"Executive Director, Brand Marketing, Media & Sponsorships",Verizon,Consumer Telecom Giants,Telecom & Connectivity,Director,suzy.deering@verizonwireless.com,908-559-2000,,original_list
Walker,Jones,Walker Jones,"Director, NCAA & Sports Marketing",Under Armour,Athletic Footwear/Apparel Giants,Sports & Athletics,Director,wjones@underarmour.com,410-454-6428,http://www.linkedin.com/in/walker-jones-95222837,original_list
Matthew,Mirchin,Matthew Mirchin,"SVP, Sports Marketing",Under Armour,Athletic Footwear/Apparel Giants,Sports & Athletics,VP,mmirchin@underarmour.com,410-454-6428,http://www.linkedin.com/in/matt-mirchin-632109124,original_list
Dennis,Adamovich,Dennis Adamovich,"SVP, Brand & Digital Activation",Turner Broadcasting,Other Enterprise,Other,VP,dennis.adamovich@turner.com,404-827-1717,http://www.linkedin.com/in/dennis-adamovich-8b98904,original_list
Chuck,Presto,Chuck Presto,"SVP, Global Sports Marketing",TaylorMade-adidas Golf,Athletic Footwear/Apparel Giants,Sports & Athletics,VP,chuck.presto@tmag.com,760-918-6000,,original_list
Krista,Massey,Krista Massey,"Director, Sponsorships & Event Marketing",SunTrust Banks,Other Enterprise,Other,Director,krista.massey@suntrust.com,404-588-7711,http://www.linkedin.com/in/krista-massey-4828524,original_list
Brian,Goerke,Brian Goerke,"SVP, Strategic Sponsorships",PNC Financial,Big Banks,Finance & Fintech,VP,brian.goerke@pnc.com,412-762-2000,http://www.linkedin.com/in/brian-goerke-1a2066135,original_list
Yusuf,Mehdi,Yusuf Mehdi,"SVP, Online Audience Business Group",Microsoft,Enterprise SaaS Giants,Tech & SaaS,VP,yusufm@microsoft.com,425-882-8080,http://www.linkedin.com/in/yusuf-ibrahim-musa-8b1a03240,original_list
Lawrence,Aldridge,Lawrence Aldridge,"SVP, Corporate Alliances",Walt Disney Company,Big Media Networks & Studios,Media & Publishing,VP,lawrence.aldridge@disney.com,818-560-1000,http://www.linkedin.com/in/lawrence-aldridge-993379a,original_list
Tim,Collins,Tim Collins,"EVP, Experiential Marketing",Wells Fargo,Big Banks,Finance & Fintech,VP,tim.collins@wellsfargo.com,415-547-3000,http://www.linkedin.com/in/tim-collins-58745423b,original_list
Laysha,Ward,Laysha Ward,"EVP, Community Relations",Target,Other Enterprise,Other,VP,laysha.ward@target.com,612-304-6073,http://www.linkedin.com/in/laysha-ward,original_list
Susan,Jurevics,Susan Jurevics,"SVP, Global Retail & Brand Marketing",Sony,Other Enterprise,Other,VP,susan.jurevics@us.sony.com,212-833-6800,http://www.linkedin.com/in/sjurevics,original_list
Elizabeth,Pinkham,Elizabeth Pinkham,"SVP, Marketing & Events",Salesforce,Enterprise SaaS Giants,Tech & SaaS,VP,epinkham@salesforce.com,415-901-7000,http://www.linkedin.com/in/elizabeth-pinkham-366a,original_list
Jeffrey,Moran,Jeffrey Moran,"VP, Public Relations, Events & Sponsorship",Pernod Ricard USA,Art & Culture,Art & Culture,VP,jeffrey.moran@pernodricard-usa.com,914-848-4800,,original_list
Ann,Miller,Ann Miller,"EVP, Global Sports Marketing",Nike,Athletic Footwear/Apparel Giants,Sports & Athletics,VP,ann.miller@nike.com,503-671-6453,http://www.linkedin.com/in/annmillernike,original_list
Howard,White,Howard White,"VP, Jordan Brand",Nike,Athletic Footwear/Apparel Giants,Sports & Athletics,VP,howard.white@nike.com,503-671-6453,http://www.linkedin.com/in/howard-white-b85b224,original_list
John,Slusher,John Slusher,"VP, Global Sports Marketing",Nike,Athletic Footwear/Apparel Giants,Sports & Athletics,VP,john.slusher@nike.com,503-671-6453,,original_list
Keith,Turner,Keith Turner,"SVP, Media, Sales & Sponsorship",NFL Properties,US Pro Sports Leagues,Sports & Athletics,VP,keith.turner@nfl.com,212-450-2000,,original_list
Frank,Supovitz,Frank Supovitz,"SVP, Events",NFL Properties,US Pro Sports Leagues,Sports & Athletics,VP,frank.supovitz@nfl.com,212-450-2000,http://www.linkedin.com/in/frank-supovitz-1077a07,original_list
Gail,Hunter,Gail Hunter,"SVP, Events & Attractions",NBA,Sports,Sports & Athletics,VP,ghunter@nba.com,212-407-8000,,original_list
Mark,Tatum,Mark Tatum,"EVP, Marketing Partnerships",NBA,Sports,Sports & Athletics,VP,mtatum@nba.com,212-407-8000,http://www.linkedin.com/in/mark-tatum-46699a4,original_list
Michael,Robichaud,Michael Robichaud,"SVP, Global Sponsorships",MasterCard,Finance/Fintech,Finance & Fintech,VP,michael_robichaud@mastercard.com,914-249-2000,http://www.linkedin.com/in/michael-robichaud,original_list
Robin,Hall,Robin Hall,"SVP, Macy's Parade & Entertainment Group",Macy's,Big Box Retailers,Retail & Home,VP,robin.hall@macys.com,646-429-6000,http://www.linkedin.com/in/robin-hall-90705b88,original_list
Mary Ellen,Keating,Mary Ellen Keating,"SVP, Corporate Communications & Public Affairs",Barnes & Noble,Book Publishers,Media & Publishing,VP,mkeating@bn.com,212-633-3300,,original_list
Linda,Federici,Linda Federici,"Director, Global Sponsorships",Bank of America,Big Banks,Finance & Fintech,Director,linda.federici@bankofamerica.com,212-236-4316,,original_list
Jeff,Elliott,Jeff Elliott,NASCAR Marketing Manager,Bank of America,Big Banks,Finance & Fintech,Manager,jeff.elliott@bankofamerica.com,704-386-4771,http://www.linkedin.com/in/jeff-elliott-1494294,original_list
Brad,Brown,Brad Brown,"Senior Director, Sports Marketing",Anheuser-Busch InBev,Beverage,Food & Beverage,Director,brad.brown@anheuser-busch.com,314-577-2000,http://www.linkedin.com/in/brad-brown-73ba0158,original_list
Mark,Wright,Mark Wright,"VP, Media & Sports Entertainment Marketing",Anheuser-Busch InBev,Beverage,Food & Beverage,VP,mark.wright@anheuser-busch.com,314-577-2000,,original_list
Jim,Tietjens,Jim Tietjens,"Senior Director, Trade Marketing",Anheuser-Busch InBev,Beverage,Food & Beverage,Director,jim.tietjens@anheuser-busch.com,314-577-2000,http://www.linkedin.com/in/james-tietjens-9bb6446,original_list
Courtney,Kelso,Courtney Kelso,"VP, Sports & Entertainment Access Strategy",American Express,Financial Services Giants,Finance & Fintech,VP,courtney.e.kelso@aexp.com,212-640-2000,http://www.linkedin.com/in/courtney-kelso,original_list
Mary Ann,Fitzmaurice-Reilly,Mary Ann Fitzmaurice-Reilly,"SVP, Partnerships & New Business Development",American Express,Financial Services Giants,Finance & Fintech,VP,maryann.fitzmaurice@aexp.com,212-640-2000,,original_list
Jessica,Igoe,Jessica Igoe,"VP, Global Sponsorship & Event Marketing",American Express,Financial Services Giants,Finance & Fintech,VP,jessica.a.igoe@aexp.com,212-640-2000,,original_list
Rich,Lehrfeld,Rich Lehrfeld,"VP, Global Sponsorship Marketing",American Express,Financial Services Giants,Finance & Fintech,VP,rich.lehrfeld@aexp.com,212-640-2000,http://www.linkedin.com/in/rich-lehrfeld-776b7786,original_list
Nancy,Smith,Nancy Smith,"VP, Global Media - Content & Community",American Express,Financial Services Giants,Finance & Fintech,VP,nancy.smith@aexp.com,212-640-2000,,original_list
Dan,Fleishman,Dan Fleishman,"VP, Sponsorships & Emerging Markets",AFLAC,Insurance,Finance & Fintech,VP,dfleishman@aflac.com,706-323-3431,http://www.linkedin.com/in/danny-fleishman-5b369a11,original_list
Michael,Zuna,Michael Zuna,Chief Marketing Officer,AFLAC,Insurance,Finance & Fintech,C-Suite,mzuna@aflac.com,706-323-3431,http://www.linkedin.com/in/michaelzuna,original_list
Jennifer,Walker,Jennifer Walker,"Manager, Marketing Services",AFLAC,Insurance,Finance & Fintech,Manager,jwalker@aflac.com,706-323-3431,http://www.linkedin.com/in/jessica-walker-7b17a090,original_list
Jamie,Woods,Jamie Woods,"Director, Sponsorship Marketing",Advance Auto Parts,Other Enterprise,Other,Director,jamie.woods@advanceauto.com,540-362-4911,,original_list
Lisa,Markusen,Lisa Markusen,Event Marketing Manager,Adidas America,Athletic Footwear/Apparel Giants,Sports & Athletics,Manager,lisa.markusen@adidasus.com,971-234-2300,http://www.linkedin.com/in/lisa-brew-markusen-78631a4,original_list
Jeff,McAllister,Jeff McAllister,"MLS Coordinator, Soccer Sports Marketing",Adidas America,Athletic Footwear/Apparel Giants,Sports & Athletics,C-Suite,jeff.mcallister@adidas.com,971-234-2300,http://www.linkedin.com/in/jeff-mcallister-8589464,original_list
Aaron,Barrett,Aaron Barrett,Sports Marketing Coordinator,Adidas America,Athletic Footwear/Apparel Giants,Sports & Athletics,C-Suite,aaron.barrett@adidas.com,971-234-2300,http://www.linkedin.com/in/aaron-barrett-4b14054,original_list
Brad,Fisher,Brad Fisher,"Director, Strategy - Store Innovations",Walmart,Big Box Retailers,Retail & Home,Director,brad.fisher@walmart.com,479-273-4000,http://www.linkedin.com/in/bradleyjfisher,original_list
Anne,Hickey,Anne Hickey,"VP, Marketing Communications",The Clorox Company,CPG Household & Personal Care,Beauty & Personal Care,VP,anne.hickey@clorox.com,510-271-7000,http://www.linkedin.com/in/anne-hickey-b7b700,original_list
David,Palmer,David Palmer,"Brand Manager, Global Sports Marketing",Pantene / P&G,Consumer/CPG,Food & Beverage,Manager,palmer.dw@pg.com,513-983-1100,http://www.linkedin.com/in/davidwpalmer,original_list
Alex,Keith,Alex Keith,"VP, North American Laundry",Pantene / P&G,Consumer/CPG,Food & Beverage,VP,keith.as@pg.com,513-983-1100,,original_list
Maria,Campbell,Maria Campbell,"Director, Diversity",S.C. Johnson & Son,Alt Sneaker & Comfort Footwear,Fashion & Apparel,Director,mlcampbe@scj.com,262-260-2000,,original_list
Joy,Herfel,Joy Herfel,"President, Polo Ralph Lauren Menswear",Polo Ralph Lauren,Other Enterprise,Other,C-Suite,joy.herfel@poloralphlauren.com,212-318-7000,,original_list
Jackie,Parker,Jackie Parker,"VP, Inclusion, Diversity & Corporate Philanthropy",Newell Rubbermaid,Other Enterprise,Other,VP,jackie.parker@newellco.com,770-418-7000,http://www.linkedin.com/in/jackie-parker-atlanta,original_list
Peter,Alberti,Peter Alberti,"Senior Director, Segment Marketing",Merck,Pharmaceutical Giants,Health & Wellness,Director,peter_alberti@merck.com,215-652-5000,http://www.linkedin.com/in/peter-alberti,original_list
Leah,Salak,Leah Salak,"Director, Marketing & Events",Liz Claiborne,Other Enterprise,Other,Director,leah_salak@liz.com,212-354-4900,,original_list
Lisa,Capparelli,Lisa Capparelli,"VP, Interactive Media & Communications",L'Oreal USA,Beauty,Beauty & Personal Care,VP,lcapparelli@us.loreal.com,212-818-1500,,original_list
Pam,Alabaster,Pam Alabaster,"SVP, Corporate Communications",L'Oreal USA,Beauty,Beauty & Personal Care,VP,palabaster@us.loreal.com,212-818-1500,,original_list
Yolanda,Angulo,Yolanda Angulo,"Director, Multicultural Marketing",Kraft Foods,Consumer/CPG,Food & Beverage,Director,yolanda.angulo@kraft.com,973-503-2000,http://www.linkedin.com/in/yolanda-angulo-a1b53b3,original_list
Greg,Via,Greg Via,"Director, Global Sports Marketing",Pantene / P&G,Consumer/CPG,Food & Beverage,Director,via.gl@pg.com,617-463-3000,http://www.linkedin.com/in/greg-via-a724423,original_list
Kathleen,Longo,Kathleen Longo,"Director, Contributions",Estee Lauder Companies,Beauty,Beauty & Personal Care,Director,klongo@estee.com,212-572-4200,http://www.linkedin.com/in/kathleen-longo-1310264,original_list
Susan,Akkad,Susan Akkad,"SVP, Corporate Marketing Diversity",Estee Lauder Companies,Beauty,Beauty & Personal Care,VP,sakkad@estee.com,212-572-4200,http://www.linkedin.com/in/susan-akkad-ba0b666,original_list
Jane,Lauder,Jane Lauder,"Global President & GM, Origins",Estee Lauder Companies,Beauty,Beauty & Personal Care,C-Suite,jlauder@estee.com,212-572-4200,http://www.linkedin.com/in/jedlauder,original_list
Jeff,Ziminski,Jeff Ziminski,"CMO & VP, Global Marketing",Energizer Holdings,CPG Household & Personal Care,Beauty & Personal Care,C-Suite,jefft.ziminski@energizer.com,314-985-2000,,original_list
Diane,Nicosia,Diane Nicosia,"Director, Marketing",Conair Corporation,Other Enterprise,Other,Director,diane_nicosia@conair.com,203-351-9000,http://www.linkedin.com/in/diane-nicosia-0864512a,original_list
Shawn,Tollerson,Shawn Tollerson,"VP, Marketing - Multicultural Division",Colomer USA,Consumer/CPG,Food & Beverage,VP,shawn.tollerson@us.thecolomergroup.com,904-693-1200,http://www.linkedin.com/in/shawn-tollerson-85837a1,original_list
Vanessa,Solomon,Vanessa Solomon,"President, Multicultural Group",Colomer USA,Consumer/CPG,Food & Beverage,C-Suite,vanessa.solomon@us.thecolomergroup.com,904-693-1200,http://www.linkedin.com/in/vanessa-solomon-4262108,original_list
Sarah,Upbin,Sarah Upbin,"Brand Manager, Oral Care Multicultural",Colgate-Palmolive,CPG Household & Personal Care,Beauty & Personal Care,Manager,sarah_upbin@colpal.com,212-310-2000,http://www.linkedin.com/in/sarah-upbin-5660933,original_list
Carla,Kelly,Carla Kelly,"General Manager, Multicultural Marketing",Colgate-Palmolive,CPG Household & Personal Care,Beauty & Personal Care,Manager,carla_kelly@colpal.com,212-310-2000,http://www.linkedin.com/in/carla-kelly-9103227,original_list
Sally,Phipps,Sally Phipps,Global Contributions Director,Colgate-Palmolive,CPG Household & Personal Care,Beauty & Personal Care,Director,sally_phipps@colpal.com,212-310-2000,http://www.linkedin.com/in/sally-phipps-4a556712,original_list
Brenda,Zuck,Brenda Zuck,"Manager, Global Design - Kids Equities",Colgate-Palmolive,CPG Household & Personal Care,Beauty & Personal Care,Manager,brenda_zuck@colpal.com,212-310-2000,http://www.linkedin.com/in/brendazuck,original_list
Christine,Dagousset,Christine Dagousset,"EVP, Events & Beauty",Chanel,Luxury Fashion & Jewelry,Fashion & Apparel,VP,christine.dagousset@chanelusa.com,212-688-5055,,original_list
Steve,Caputo,Steve Caputo,"VP, Advertising Services",Chanel,Luxury Fashion & Jewelry,Fashion & Apparel,VP,steve.caputo@chanelusa.com,212-688-5055,http://www.linkedin.com/in/steve-caputo-700167174,original_list
Marvin,Clayton,Marvin Clayton,"VP, Diversity",Bath & Body Works,Home Fragrance & Prestige Beauty Retail,Beauty & Personal Care,VP,mclayton@bbw.com,614-856-6000,http://www.linkedin.com/in/marvin-clayton-303b481,original_list
Kizzy,Maitland,Kizzy Maitland,"Assoc. Brand Manager, Personal Care",Avon Products,Alt Sneaker & Comfort Footwear,Fashion & Apparel,Manager,kizzy.maitland@avon.com,212-282-5000,,original_list
Jennifer,Iino-Harvey,Jennifer Iino-Harvey,"Sr. Manager, PR & Promotions",Avon Products,Alt Sneaker & Comfort Footwear,Fashion & Apparel,Manager,jennifer.iinoharvey@avon.com,212-282-5000,,original_list
Earlean,Ward,Earlean Ward,"Director, U.S. Events & Motivation",Avon Products,Alt Sneaker & Comfort Footwear,Fashion & Apparel,Director,earlean.ward@avon.com,212-282-5000,http://www.linkedin.com/in/earlean-ward-a7ba03154,original_list
Deb,Kalmbach,Deb Kalmbach,"Manager, Global Citizenship",Alticor,Other Enterprise,Other,Manager,debra.kalmbach@alticor.com,616-787-1000,,original_list
Holly,Thomas,Holly Thomas,Publicist,Macy's,Big Box Retailers,Retail & Home,Other,holly.thomas@macys.com,646-429-5250,http://www.linkedin.com/in/hollythomas-exec,original_list
Johanna,Almstead,Johanna Almstead,Marketing Manager,Kate Spade,Contemporary Handbags,Fashion & Apparel,Manager,jalmstead@katespade.com,+1 866-999-5283,http://www.linkedin.com/in/johanna-saum-almstead-20565858,original_list
Javier,Farfan,Javier Farfan,VP of Marketing,PepsiCo,Beverage Conglomerates,Food & Beverage,VP,javier.farfan@pepsico.com,+1 914-253-3500,http://www.linkedin.com/in/javierfarfan,original_list
Jennifer,Storms,Jennifer Storms,"SVP, Sports Marketing - Gatorade",PepsiCo,Beverage Conglomerates,Food & Beverage,VP,jennifer.storms@nbcuni.com,312-821-1000,http://www.linkedin.com/in/jennystorms,original_list
Robert,Macdonald,Robert Macdonald,"SVP, Marketing & Sales",mmm.com,Other Enterprise,Other,VP,rdmacdonald@mmm.com,651-733-1110,,original_list
Caroline,Van Hove,Caroline Van Hove,"VP, Global Corporate Communications",Allergan,Other Enterprise,Other,VP,vanhove_caroline@allergan.com,714-246-4500,,original_list
Ansley,Brown,Ansley Brown,Publicist,Macy's,Big Box Retailers,Retail & Home,Other,ansley.brown@macys.com,+1 212-695-4400,,original_list
Mari,Rella,Mari Rella,PR,Pantene / Taylor Strategy,Consumer/CPG,Food & Beverage,Other,mrella@taylorstrategy.com,516-316-4611,,original_list
Jennifer,Fahey,Jennifer Fahey,Public Relations,Victoria's Secret,Fast Fashion & Iconic Retail,Fashion & Apparel,Other,jfahey@victoria.com,614-577-7121,http://www.linkedin.com/in/john-fahey-61974b29,original_list
Annette,Reichel,Annette Reichel,Publicist,Dove / Edelman,Agency/Marketing,Agencies & Rights Holders,Other,annette.reichel@edelman.com,+1 212-768-0550,http://www.linkedin.com/in/annette-reichel-b224462,original_list
Wendy,Clark,Wendy Clark,"SVP, Integrated Marketing Communications",The Coca-Cola Company,Beverage Conglomerates,Food & Beverage,VP,wclark@cokecce.com,404-676-2121,http://www.linkedin.com/in/wendy-clark-5403ab6,original_list
Scott,McCune,Scott McCune,"VP, Global Partnerships & Experimental Marketing",The Coca-Cola Company,Beverage Conglomerates,Food & Beverage,VP,smccune@na.ko.com,404-676-2121,http://www.linkedin.com/in/scottkmccune,original_list
Jeff,Dubiel,Jeff Dubiel,"VP, Sports Marketing",PepsiCo,Beverage Conglomerates,Food & Beverage,VP,jeff.dubiel@pepsi.com,914-253-2000,http://www.linkedin.com/in/jeff-dubiel-93362ba,original_list
Dylan,Casey,Dylan Casey,Brand & Entertainment Marketing Director,Google,Tech Giants,Tech & SaaS,Director,dcasey@google.com,650-253-0000,http://www.linkedin.com/in/seobydaniel,original_list
Peter,Sterling,Peter Sterling,"VP, Marketing - U.S.",McDonald's,QSR/Restaurants,Food & Beverage,VP,peter.sterling@us.mcd.com,630-623-3000,http://www.linkedin.com/in/peter-sterling-620ba3a,original_list
Seth,Ader,Seth Ader,"Senior Director, Sports & Marketing",ESPN,Major News Publishers,Media & Publishing,Director,seth.ader@espn.com,212-456-7777,http://www.linkedin.com/in/seth-ader-35626a59,original_list
Brad,Ross,Brad Ross,"VP, Global Sports Entertainment Marketing & Partnerships",The Coca-Cola Company,Beverage Conglomerates,Food & Beverage,VP,bradford.ross@bofa.com,404-676-2121,http://www.linkedin.com/in/brad-ross-a527b225,original_list
Orlando,Veras,Orlando Veras,Publicist,Macy's,Big Box Retailers,Retail & Home,Other,orlando.veras@macys.com,646-429-7450,http://www.linkedin.com/in/orlandoveras,original_list
Andy,Allmann,Andy Allmann,"Director, Strategic Partnerships",Southwest Airlines,Airlines,Travel & Hospitality,Director,andy.allmann@wnco.com,214-792-4961,http://www.linkedin.com/in/andy-allmann-11799513,original_list
John,Egan,John Egan,"Group Director, Sports Marketing",The Coca-Cola Company,Beverage Conglomerates,Food & Beverage,Director,jegan@na.ko.com,404-676-2121,http://www.linkedin.com/in/john-egan22,original_list
Jane,Randell,Jane Randell,"VP, Communications",Kate Spade,Contemporary Handbags,Fashion & Apparel,VP,jrandel@fnpc.com,212-626-3408,,original_list
Emma,Oldenkamp,Emma Oldenkamp,Publicist,UGG / Deckers,Other Enterprise,Other,Other,emma.oldenkamp@deckers.com,212-247-8552,,original_list
Vinay,Sharma,Vinay Sharma,"Director, Marketing",Kraft Foods,Consumer/CPG,Food & Beverage,Director,vinay.sharma@kraft.com,+91 99718 77744,,original_list
Jimmy,Comerota,Jimmy Comerota,Director Corporate Partnerships,Houston Astros,MLB Teams & League,Sports & Athletics,Director,jcomerota@astros.com,,http://www.linkedin.com/in/jimmy-comerota-082a4866,new_enriched
Nick,Michaels,Nick Michaels,"Director, Corporate Partnerships",Philadelphia Eagles,NFL Teams (Individual Franchises),Sports & Athletics,Director,nmichaels@eagles.nfl.com,,http://www.linkedin.com/in/nicklmichaels,new_enriched
Danny,O'Leary,Danny O'Leary,Director of Corporate Partnerships,Legends Global,Sports & Entertainment Talent Agencies,Agencies & Rights Holders,Director,doleary@legends.net,,http://www.linkedin.com/in/dannyoleary1,new_enriched
Anthony,Perez,Anthony Perez,"Director, Corporate Partnerships",Miami HEAT,NBA Teams (Individual Franchises),Sports & Athletics,Director,aperez@heat.com,,http://www.linkedin.com/in/anthonyfperez,new_enriched
Matthew,Primavera,Matthew Primavera,"Director, Corporate Partnerships",Philadelphia Phillies,MLB Teams & League,Sports & Athletics,Director,mprimavera@phillies.com,,http://www.linkedin.com/in/matthew-primavera-065b88a8,new_enriched
Neale,Hood,Neale Hood,Vice President of Corporate Partnerships,Kansas City Chiefs,NFL Teams (Individual Franchises),Sports & Athletics,C-Suite,nhood@chiefs.nfl.com,,http://www.linkedin.com/in/neale-hood,new_enriched
Joey,Swanner,Joey Swanner,"Director, Corporate Partnerships",Las Vegas Raiders,NFL Teams (Individual Franchises),Sports & Athletics,Director,jswanner@raiders.com,,http://www.linkedin.com/in/joey-swanner-10b793112,new_enriched
Beau,Orth,Beau Orth,Director of Corporate Partnerships,Las Vegas Raiders,NFL Teams (Individual Franchises),Sports & Athletics,Director,borth@raiders.com,,http://www.linkedin.com/in/beau-orth-645951113,new_enriched
Trey,Greene,Trey Greene,Director of Brand Partnerships,iHeartMedia,Audio Streaming & Podcasts,Music & Live,Director,treygreene@iheartmedia.com,,http://www.linkedin.com/in/treygreene3,new_enriched
Danielle,Gartland,Danielle Gartland,Director of Corporate Partnerships,Professional Sports Publications,Art & Culture,Art & Culture,Director,dgartland@pspsports.com,,http://www.linkedin.com/in/daniellegartland,new_enriched
Ryan,Kreissig,Ryan Kreissig,Director of Corporate Partnerships,Attain Sports,Other Enterprise,Other,Director,rkreissig@attainsports.com,,http://www.linkedin.com/in/ryan-kreissig-742768a,new_enriched
Wade,Leaphart,Wade Leaphart,"Director, Corporate Partnerships",Miller Sports + Entertainment,Sports,Sports & Athletics,Director,wade.leaphart@millerse.com,,http://www.linkedin.com/in/leaphart3,new_enriched
Natalie,Winters,Natalie Winters,"Manager, Partnership Marketing",RCX Sports,Other Enterprise,Other,Manager,nwinters@rcxsports.com,,http://www.linkedin.com/in/natalie-winters-39a770198,new_enriched
Nick,Barr,Nick Barr,Vice President of Corporate Partnerships,Tulsa Oilers Football,Other Enterprise,Other,C-Suite,nick@tulsaoilers.com,,http://www.linkedin.com/in/nick-barr-573a2787,new_enriched
Luke,Loewenstein,Luke Loewenstein,Partnership Marketing Manager,Miller Sports + Entertainment,Sports,Sports & Athletics,Manager,luke.loewenstein@millerse.com,,http://www.linkedin.com/in/luke-loewenstein,new_enriched
Caitlin,Jackson,Caitlin Jackson,"Director, Partnership Marketing",Athletes Unlimited,Other Enterprise,Other,Director,caitlin@auprosports.com,,http://www.linkedin.com/in/cjaxlax,new_enriched
Adam,Schuh,Adam Schuh,Corporate Partnerships Specialist & Director of Game Operations,Tulsa Indoor Football,Other Enterprise,Other,Director,aschuh@tulsaoilers.com,,http://www.linkedin.com/in/adam-schuh-123b98ab,new_enriched
Ellory,Fuqua,Ellory Fuqua,Corporate Partnerships Sales Manager,AMB Sports and Entertainment,Sports,Sports & Athletics,Manager,ellory.fuqua@ambse.com,,http://www.linkedin.com/in/ellory-fuqua,new_enriched
Adam,Cross,Adam Cross,Senior Vice President Corporate Partnerships,New York Islanders,Sports,Sports & Athletics,C-Suite,adam.cross@newyorkislanders.com,,http://www.linkedin.com/in/adamcross424,new_enriched
Mayah,Bourne,Mayah Bourne,Corporate Partnerships Sales Manager,AMB Sports and Entertainment,Sports,Sports & Athletics,Manager,mayah.bourne@ambse.com,,http://www.linkedin.com/in/mayah-bourne-66726b231,new_enriched
Christian,Filimon,Christian Filimon,Director of Corporate Partnerships,Major Arena Soccer League,Other Enterprise,Other,Director,christian@maslsoccer.com,,http://www.linkedin.com/in/christian-filimon-254653382,new_enriched
Ishana,Thanawala,Ishana Thanawala,"Manager, Partnership Marketing",Premier Lacrosse League,Sports,Sports & Athletics,Manager,ithanawala@premierlacrosseleague.com,,http://www.linkedin.com/in/ishana-thanawala,new_enriched
Kelli,Mark,Kelli Mark,"Manager, Partnership Marketing",Premier Lacrosse League,Sports,Sports & Athletics,Manager,kmark@premierlacrosseleague.com,,http://www.linkedin.com/in/kelli-mark,new_enriched
Alexa,Alonso,Alexa Alonso,"Director, Partnership Marketing",Premier Lacrosse League,Sports,Sports & Athletics,Director,aalonso@premierlacrosseleague.com,,http://www.linkedin.com/in/alexa-alonso-815159134,new_enriched
Aimee,Jackson,Aimee Jackson,"Director, Corporate Sponsorship Sales",Miller Sports + Entertainment,Sports,Sports & Athletics,Director,aimee.jackson@millerse.com,,http://www.linkedin.com/in/aimee-jackson-7776761a4,new_enriched
Blake,Taub,Blake Taub,"Manager, Business Development",New York Islanders,Sports,Sports & Athletics,Manager,blake.taub@newyorkislanders.com,,http://www.linkedin.com/in/blake-taub-bt23,new_enriched
Hanna,Langenderfer,Hanna Langenderfer,"Manager, Business Development",New York Islanders,Sports,Sports & Athletics,Manager,hanna.langenderfer@newyorkislanders.com,,http://www.linkedin.com/in/hannalangenderfer,new_enriched
AJ,Burckhardt,AJ Burckhardt,Business Development Manager,New York Islanders,Sports,Sports & Athletics,Manager,aj.burckhardt@newyorkislanders.com,,http://www.linkedin.com/in/aj-burckhardt-817199105,new_enriched
EJ,Sutphen,EJ Sutphen,Director of Corporate Partnerships,Zawyer Sports & Entertainment,Sports,Sports & Athletics,Director,ej@zawyersports.com,,http://www.linkedin.com/in/ej-sutphen-5982041a1,new_enriched
Victoria,Terry,Victoria Terry,Director of Corporate Partnerships,Zawyer Sports & Entertainment,Sports,Sports & Athletics,Director,victoria@zawyersports.com,,http://www.linkedin.com/in/victoria-c-terry,new_enriched
Holly,Jaehn,Holly Jaehn,"Business Development Manager, Corporate Partnerships",Sporting Kansas City,Other Enterprise,Other,Manager,holly.jaehn@sportingkc.com,,http://www.linkedin.com/in/holly-john,new_enriched
Tia,Washington,Tia Washington,Director of Corporate Partnerships,Tepper Sports & Entertainment,Sports,Sports & Athletics,Director,tia.washington@teppersportsentertainment.com,,http://www.linkedin.com/in/tiawashingtonhawks,new_enriched
Jenna,Martindale,Jenna Martindale,"Director, Corporate Partnerships",Tepper Sports & Entertainment,Sports,Sports & Athletics,Director,jenna.martindale@teppersportsentertainment.com,,http://www.linkedin.com/in/jennamartindale,new_enriched
Kristen,Bandos,Kristen Bandos,"Vice President, Partnership Marketing",Premier Lacrosse League,Sports,Sports & Athletics,C-Suite,kbandos@premierlacrosseleague.com,,http://www.linkedin.com/in/kristenbandos,new_enriched
Lauren,D'Amico,Lauren D'Amico,"Senior Director, Partnership Marketing",Premier Lacrosse League,Sports,Sports & Athletics,Director,ldamico@premierlacrosseleague.com,,http://www.linkedin.com/in/lauren-d-amico2626,new_enriched
Ryan,Pikunas,Ryan Pikunas,"Senior Manager, Business Development",Washington Commanders,NFL Teams (Individual Franchises),Sports & Athletics,Manager,ryan.pikunas@commanders.com,,http://www.linkedin.com/in/ryan-pikunas-10264b10b,new_enriched
Lily,Stade,Lily Stade,"Manager, Partnership Marketing",National Hockey League (NHL),NHL Teams & League,Sports & Athletics,Manager,lvonstade@nhl.com,,http://www.linkedin.com/in/lily-von-stade-6356b31a2,new_enriched
Valerie,Denapoli,Valerie Denapoli,"Manager, Partnership Marketing",National Hockey League (NHL),NHL Teams & League,Sports & Athletics,Manager,vdenapoli@nhl.com,,http://www.linkedin.com/in/valerie-denapoli-33771ab0,new_enriched
Freddy,Weber,Freddy Weber,"Director, Partnership Marketing",National Hockey League (NHL),NHL Teams & League,Sports & Athletics,Director,fweber@nhl.com,,http://www.linkedin.com/in/frederickaweber,new_enriched
Mario,Picciotto,Mario Picciotto,Director of Corporate Partnerships,South Carolina Stingrays,Other Enterprise,Other,Director,mpicciotto@stingrayshockey.com,,http://www.linkedin.com/in/mario-picciotto,new_enriched
Rachel,Severance,Rachel Severance,"Director, Partnership Marketing",Tepper Sports & Entertainment,Sports,Sports & Athletics,Director,rachel.severance@teppersportsentertainment.com,,http://www.linkedin.com/in/rachelseverance,new_enriched
Jenna,Pantano,Jenna Pantano,"Manager, Partnership Marketing",Tepper Sports & Entertainment,Sports,Sports & Athletics,Manager,jenna.pantano@teppersportsentertainment.com,,http://www.linkedin.com/in/jenna-pantano-b08220199,new_enriched
Mark,Handler,Mark Handler,"Manager, Partnership Marketing",Tepper Sports & Entertainment,Sports,Sports & Athletics,Manager,mark.handler@teppersportsentertainment.com,,http://www.linkedin.com/in/mark-handler-028666151,new_enriched
Molly,Melvin,Molly Melvin,"Manager, Partnership Marketing",Tepper Sports & Entertainment,Sports,Sports & Athletics,Manager,molly.melvin@teppersportsentertainment.com,,http://www.linkedin.com/in/molly-melvin-a9316a185,new_enriched
Megan,Wechsler,Megan Wechsler,"Director, Partnership Marketing",Major League Baseball,MLB Teams & League,Sports & Athletics,Director,megan.mucatel@mlb.com,,http://www.linkedin.com/in/megan-mucatel-wechsler,new_enriched
Todd,Bernstein,Todd Bernstein,"Account Manager, New Business Development",New York Islanders,Sports,Sports & Athletics,Manager,todd.bernstein@newyorkislanders.com,,http://www.linkedin.com/in/todd-bernstein-9042322b,new_enriched
Helen,Dubas,Helen Dubas,Head of Corporate and Brand Partnerships,POLITICO,Other Enterprise,Other,Head,hdubas@politico.com,,http://www.linkedin.com/in/helenbroemmelsiek,new_enriched
Kevin,Morgan,Kevin Morgan,Director of Brand & Partnerships,Choctaw Casinos & Resorts,Other Enterprise,Other,Director,kevinm@choctawnation.com,,http://www.linkedin.com/in/kevin-morgan-a0b0142a,new_enriched
Kodiak,Shroyer,Kodiak Shroyer,"Director, Brand Partnerships",Nielsen,Other Enterprise,Other,Director,kodiak.shroyer@nielsen.com,,http://www.linkedin.com/in/kodiakshroyer,new_enriched
Sam,Kline,Sam Kline,Director of Brand Partnerships,Airbnb,Online Travel Agencies,Travel & Hospitality,Director,sam.kline@airbnb.com,,http://www.linkedin.com/in/sam-kline-45657b2,new_enriched
Shoshana,Gorelick,Shoshana Gorelick,Director of Brand Partnerships,Universal Music Group,Music - Labels,Music & Live,Director,shoshana.gorelick@umusic.com,,http://www.linkedin.com/in/shoshanagorelick,new_enriched
Stephanie,Begnal,Stephanie Begnal,Director Brand Partnerships,Hagerty,Other Enterprise,Other,Director,sbegnal@hagerty.com,,http://www.linkedin.com/in/stephanie-begnal-5595223,new_enriched
Pina,Jabbari,Pina Jabbari,"Head, Corporate Partnerships",Save the Children US,Nonprofits/Cause,Art & Culture,Other,pjabbari@savechildren.org,,http://www.linkedin.com/in/pinajabbari,new_enriched
Michael,Galbe,Michael Galbe,"Director, Brand Partnerships",The Orchard,Other Enterprise,Other,Director,mgalbe@theorchard.com,,http://www.linkedin.com/in/michaelgalbe,new_enriched
Mark,Feldman,Mark Feldman,Director - Brand Partnerships,DraftKings Inc.,Sportsbook & Sports Betting,Sports & Athletics,Director,m.feldman@draftkings.com,,http://www.linkedin.com/in/markfeldmanespn,new_enriched
Samantha,Scharmett,Samantha Scharmett,"Director, Strategic Partnerships",People Inc.,Media/Entertainment,Media & Publishing,Director,samantha.scharmett@people.inc,,http://www.linkedin.com/in/samanthascharmett,new_enriched
Laura,Beyer,Laura Beyer,Head of Brand Partnerships,TED Conferences,Other Enterprise,Other,Head,laura@ted.com,,http://www.linkedin.com/in/laura-beyer-71710b20,new_enriched
Raul,Medina,Raul Medina,Director of Brand Partnerships,"Audacy, Inc.",Podcast Networks & Audio Media,Music & Live,Director,raul.medina@audacy.com,,http://www.linkedin.com/in/raul-medina-80371479,new_enriched
Emily,Smith,Emily Smith,"Director, Brand Partnerships",Instacart,Ride Share & Delivery,Auto & Mobility,Director,emily.smith@instacart.com,,http://www.linkedin.com/in/emilyeroesmith,new_enriched
Mike,McNee,Mike McNee,Director of Brand Partnerships,iHeartMedia,Audio Streaming & Podcasts,Music & Live,Director,michaelmcnee@iheartmedia.com,,http://www.linkedin.com/in/michaelmcnee,new_enriched
Rick,Rubin,Rick Rubin,Head of Brand Partnerships,"Audacy, Inc.",Podcast Networks & Audio Media,Music & Live,Head,rick.rubin@audacy.com,,http://www.linkedin.com/in/rick-rubin-audacy,new_enriched
Christian,Miller,Christian Miller,"Director, Brand Partnerships",FOX Sports,Other Enterprise,Other,Director,christian.miller@fox.com,,http://www.linkedin.com/in/christian-james-miller,new_enriched
Christi,Stahl,Christi Stahl,"Director, Brand Partnerships",Autodesk,Other Enterprise,Other,Director,christi.stahl@autodesk.com,,http://www.linkedin.com/in/christistahl,new_enriched
Amanda,Morse,Amanda Morse,"Director, Brand Partnerships","GUESS?, Inc.",Other Enterprise,Other,Director,amorse@guess.com,,http://www.linkedin.com/in/amanda-morse-053977b3,new_enriched
Mike,Daugherty,Mike Daugherty,"Director, Brand Partnerships",tms,Other Enterprise,Other,Director,mike.daugherty@tmsw.com,,http://www.linkedin.com/in/daughertymichael,new_enriched
Matthew,Dec,Matthew Dec,"Director, Brand Partnerships",Universal Music Group,Music - Labels,Music & Live,Director,matthew.dec@umusic.com,,http://www.linkedin.com/in/matthewdec,new_enriched
Aja,Koenig,Aja Koenig,"Director, Brand Partnerships",People Inc.,Media/Entertainment,Media & Publishing,Director,aja.koenig@people.inc,,http://www.linkedin.com/in/ajackoenig,new_enriched
Nathaniel,Keller,Nathaniel Keller,"Director, Brand Partnerships",PDI Technologies,Other Enterprise,Other,Director,nat.keller@pditechnologies.com,,http://www.linkedin.com/in/natkeller,new_enriched
Alexandra,Comerota,Alexandra Comerota,Director of Brand Partnerships,Texas Children's Hospital,Other Enterprise,Other,Director,ancomero@texaschildrens.org,,http://www.linkedin.com/in/alexandra-comerota,new_enriched
Maria,Grosso,Maria Grosso,Head of Brand Partnerships,Coinbase,Crypto/Web3,Finance & Fintech,Head,maria.grosso@coinbase.com,,http://www.linkedin.com/in/mariagrosso,new_enriched
Ned,Mitchell,Ned Mitchell,Head of Brand Partnerships,Prime Video & Amazon MGM Studios,Alt Sneaker & Comfort Footwear,Fashion & Apparel,Head,ned.mitchell@amazonstudios.com,,http://www.linkedin.com/in/nedrmitchell,new_enriched
Seth,Sackowitz,Seth Sackowitz,"Director, Brand Partnerships","Audacy, Inc.",Podcast Networks & Audio Media,Music & Live,Director,seth.sackowitz@audacy.com,,http://www.linkedin.com/in/sethsackowitz,new_enriched
Marielle,Constandse,Marielle Constandse,"Director, Brand Partnerships",Fox Corporation,Big Media Networks & Studios,Media & Publishing,Director,marielle.constandse@fox.com,,http://www.linkedin.com/in/marielle-constandse-44794356,new_enriched
Cindi,Blount,Cindi Blount,Director - Brand Partnerships,iHeart Media,Audio Streaming & Podcasts,Music & Live,Director,cindiblount@iheartmedia.com,,http://www.linkedin.com/in/blountlyspeaking,new_enriched
Sarah,Berger,Sarah Berger,"Director, Brand Partnerships",People Inc.,Media/Entertainment,Media & Publishing,Director,sberger@people.inc,,http://www.linkedin.com/in/sarah-bergman6,new_enriched
Erica,Greenberg,Erica Greenberg,Director Brand Partnerships,MRM,Other Enterprise,Other,Director,erica.greenberg@mrm.com,,http://www.linkedin.com/in/erica-greenberg-a2718b43,new_enriched
Kathryn,Magagna,Kathryn Magagna,Director Brand Partnerships,Tishman Speyer,Other Enterprise,Other,Director,kmagagna@tishmanspeyer.com,,http://www.linkedin.com/in/kathryn-magagna,new_enriched
Alyssa,Cohen,Alyssa Cohen,"Director, Brand Partnerships",People Inc.,Media/Entertainment,Media & Publishing,Director,alyssa.cramercohen@people.inc,,http://www.linkedin.com/in/alyssa-cramer-cohen,new_enriched
Brooke,Salvatore,Brooke Salvatore,"Director, Brand Partnerships",People Inc.,Media/Entertainment,Media & Publishing,Director,brooke.salvatore@people.inc,,http://www.linkedin.com/in/brooke-salvatore,new_enriched
Carey,Woodruff,Carey Woodruff,Director of Brand Partnerships,Instacart,Ride Share & Delivery,Auto & Mobility,Director,carey.woodruff@instacart.com,,http://www.linkedin.com/in/carey-woodruff-3361439,new_enriched
Melissa,Binder,Melissa Binder,"Director, Brand Partnerships",People Inc.,Media/Entertainment,Media & Publishing,Director,melissa.binder@people.inc,,http://www.linkedin.com/in/melissameilybinder,new_enriched
Craig,Lennon,Craig Lennon,Director of Brand Partnerships,iHeartMedia,Audio Streaming & Podcasts,Music & Live,Director,craiglennon@iheartmedia.com,,http://www.linkedin.com/in/craig-lennon-89bb4b84,new_enriched
Joe,Dunn,Joe Dunn,"Director, Brand Partnerships",Sinclair Inc.,Other Enterprise,Other,Director,joedunn@sbgtv.com,,http://www.linkedin.com/in/joe-dunn-60534450,new_enriched
Alexandra,Henderson,Alexandra Henderson,"Director, Brand Partnerships",PDI Technologies,Other Enterprise,Other,Director,alexandra.henderson@pditechnologies.com,,http://www.linkedin.com/in/hendersonalexandra,new_enriched
Cindy,Murphy,Cindy Murphy,"Director, Brand Partnerships, Big Tech | Enterprise AI & Strategic Growth",Business Insider,Publisher Brand Studios,Media & Publishing,Director,clmurphy@businessinsider.com,,http://www.linkedin.com/in/cindygatissmurphy,new_enriched
Kristin,Bruno,Kristin Bruno,"Director, Brand Partnerships",Supercell,Gaming/Esports,Sports & Athletics,Director,kristin.bruno@supercell.com,,http://www.linkedin.com/in/kristinbruno,new_enriched
Abagail,Stollbrink,Abagail Stollbrink,"Account Director, Global Sports Sponsorship",Octagon,Sports & Entertainment Talent Agencies,Agencies & Rights Holders,Director,abagail.langdon@octagon.com,,http://www.linkedin.com/in/abagail-stollbrink-03829264,new_enriched
David,Compher,David Compher,"Director, Sponsorship Consulting",MKTG,Sports & Entertainment Talent Agencies,Agencies & Rights Holders,Director,david.compher@mktg.com,,http://www.linkedin.com/in/davidcompher,new_enriched
Jon,Prabhu,Jon Prabhu,"Director, Sponsorship Consulting",MKTG,Sports & Entertainment Talent Agencies,Agencies & Rights Holders,Director,jon.prabhu@mktg.com,,http://www.linkedin.com/in/jonprabhu,new_enriched
Jorden,Bagley,Jorden Bagley,"Director, Sponsorship Consulting",MKTG,Sports & Entertainment Talent Agencies,Agencies & Rights Holders,Director,jorden.bagley@mktg.com,,http://www.linkedin.com/in/jordenbagley,new_enriched
Erica,Wolfe,Erica Wolfe,"Director, Sponsorship Strategy",Octagon,Sports & Entertainment Talent Agencies,Agencies & Rights Holders,Director,erica.wolfe@octagon.com,,http://www.linkedin.com/in/mackenziewolfe,new_enriched
Caitlin,Casazza,Caitlin Casazza,Director of Sponsorship Consulting,MKTG,Sports & Entertainment Talent Agencies,Agencies & Rights Holders,Director,caitlin.casazza@mktg.com,,http://www.linkedin.com/in/caitlin-casazza,new_enriched
Whitney,Marks,Whitney Marks,Director of Sponsorship Consulting,MKTG,Sports & Entertainment Talent Agencies,Agencies & Rights Holders,Director,whitney.marks@mktg.com,,http://www.linkedin.com/in/whitneymarks,new_enriched
Matthew,McBreen,Matthew McBreen,"Director, Sponsorship Consulting",MKTG,Sports & Entertainment Talent Agencies,Agencies & Rights Holders,Director,matthew.mcbreen@mktg.com,,http://www.linkedin.com/in/matthewmcbreen,new_enriched
Dana,Aschaker,Dana Aschaker,Account Director,GMR Marketing,Sports & Entertainment Talent Agencies,Agencies & Rights Holders,Director,daschaker@gmrmarketing.com,,http://www.linkedin.com/in/dana-a-b867b826,new_enriched
Ellen,Metzger,Ellen Metzger,Account Director,Octagon,Sports & Entertainment Talent Agencies,Agencies & Rights Holders,Director,ellen.metzger@octagon.com,,http://www.linkedin.com/in/ellenmetzger,new_enriched
Kyler,Rose,Kyler Rose,Account Director,Octagon,Sports & Entertainment Talent Agencies,Agencies & Rights Holders,Director,kyler.rose@octagon.com,,http://www.linkedin.com/in/kylerrose,new_enriched
Michelle,Siporin,Michelle Siporin,Account Director,GMR Marketing,Sports & Entertainment Talent Agencies,Agencies & Rights Holders,Director,msiporin@gmrmarketing.com,,http://www.linkedin.com/in/michellesiporin,new_enriched
Leah,Turnblom,Leah Turnblom,Account Director,Octagon,Sports & Entertainment Talent Agencies,Agencies & Rights Holders,Director,leah.turnblom@octagon.com,,http://www.linkedin.com/in/leahturnblom,new_enriched
Anna,Quenneville,Anna Quenneville,Account Director,Octagon,Sports & Entertainment Talent Agencies,Agencies & Rights Holders,Director,anna.quenneville@octagon.com,,http://www.linkedin.com/in/annaquenneville,new_enriched
Clementina,Riobueno,Clementina Riobueno,Account Director,Octagon,Sports & Entertainment Talent Agencies,Agencies & Rights Holders,Director,clementina.riobueno@octagon.com,,http://www.linkedin.com/in/criobueno,new_enriched
Erica,Piazza,Erica Piazza,Account Director,Octagon,Sports & Entertainment Talent Agencies,Agencies & Rights Holders,Director,erica.piazza@octagon.com,,http://www.linkedin.com/in/erica-piazza-3337a6b0,new_enriched
Ben,Richardson,Ben Richardson,Account Director,Octagon,Sports & Entertainment Talent Agencies,Agencies & Rights Holders,Director,ben.richardson@octagon.com,,http://www.linkedin.com/in/be23rich,new_enriched
Emily,Burstein,Emily Burstein,Account Director,Octagon,Sports & Entertainment Talent Agencies,Agencies & Rights Holders,Director,emily.burstein@octagon.com,,http://www.linkedin.com/in/emily-burstein,new_enriched
Dave,McGovern,Dave McGovern,Account Director,rEvolution,Sports & Entertainment Talent Agencies,Agencies & Rights Holders,Director,dmcgovern@revolutionworld.com,,http://www.linkedin.com/in/djmcgovern,new_enriched
Brooke,Zubal,Brooke Zubal,Account Director,rEvolution,Sports & Entertainment Talent Agencies,Agencies & Rights Holders,Director,bzubal@revolutionworld.com,,http://www.linkedin.com/in/brooke-zubal,new_enriched
Ricky,Kim,Ricky Kim,Senior Director Experiential Marketing and Partnerships,Nintendo,Gaming Hardware & Peripherals,Gaming,Director,ricky.kim@noa.nintendo.com,,http://www.linkedin.com/in/rickykim,new_enriched
Melissa,Willis,Melissa Willis,"Senior Director, Strategic Partnerships Consumer Engagement",PDI Technologies,Other Enterprise,Other,Director,mwillis@pditechnologies.com,,http://www.linkedin.com/in/melissapwest,new_enriched
Amy,Cox,Amy Cox,"Chief Marketing Officer, Experiential Marketing & Partnerships",Rightory Blockchain (cryptocurrency digital ledger),Crypto Exchanges & Wallets,Finance & Fintech,C-Suite,amy@amycoxinc.com,,http://www.linkedin.com/in/amycox1,new_enriched
Jennifer,Baligian,Jennifer Baligian,"Executive Director, Experiential Marketing & Brand Experience",Fox Entertainment,Other Enterprise,Other,Director,jennifer.baligian@fox.com,,http://www.linkedin.com/in/jenniferbaligian,new_enriched
Karina,Jaramillo-Saa,Karina Jaramillo-Saa,Head of Partnerships & Experiential Marketing,Volvo Cars,Automotive,Auto & Mobility,Head,karina.jaramillo-saa@volvocars.com,,http://www.linkedin.com/in/karina-jaramillo-saa-8954404,new_enriched
Elizabeth,Brochhausen,Elizabeth Brochhausen,"Director, Partnerships & Experiential Marketing",SiriusXM,Audio Streaming & Podcasts,Music & Live,Director,liz.brochhausen@siriusxm.com,,http://www.linkedin.com/in/lizbrochhausen,new_enriched
Nicolas,Prevost-Maltas,Nicolas Prevost-Maltas,Head of Marketing & Strategic Partnerships,Thales,Other Enterprise,Other,Head,nicolas.prevost-maltas@asia.thalesgroup.com,,http://www.linkedin.com/in/nicolas-prevost-maltas-381b6176,new_enriched
Natalie,Watson,Natalie Watson,Director of Marketing & Strategic Partnerships,Simon Property Group,Alt Sneaker & Comfort Footwear,Fashion & Apparel,Director,nwatson@simon.com,,http://www.linkedin.com/in/natalie-watson-cmd,new_enriched
Molly,Cody,Molly Cody,"Director, Marketing Strategic Partnerships",Sony Pictures Entertainment,Consumer Electronics Giants,Tech & SaaS,Director,molly_cody@spe.sony.com,,http://www.linkedin.com/in/mollystonecody,new_enriched
AJ,Stallings,AJ Stallings,"Director, Marketing - Strategic Partnerships",The Baldwin Group,Other Enterprise,Other,Director,aj.stallings@baldwin.com,,http://www.linkedin.com/in/aj-stallings-design-thinker,new_enriched
Lina,Tarantul,Lina Tarantul,Director of Marketing & Strategic Partnerships,Capital One,Financial Services Giants,Finance & Fintech,Director,lina.tarantul@capitalone.com,,http://www.linkedin.com/in/linatarantul,new_enriched
Sara,Sulock,Sara Sulock,"Director, Global Partnerships & Experiential Marketing",Yahoo,Other Enterprise,Other,Director,sara.sulock@yahooinc.com,,http://www.linkedin.com/in/sarasulock,new_enriched
Nicole,Peterson,Nicole Peterson,Head of Experiential Marketing & National Partnerships,Lexus,Automotive,Auto & Mobility,Head,nicole.peterson@lexus.com,,http://www.linkedin.com/in/nicole-peterson-76759683,new_enriched
Bil,Khan,Bil Khan,"Director, Product Marketing (Strategic Partnerships)",OneStream Software,Other Enterprise,Other,Director,bkhan@onestreamsoftware.com,,http://www.linkedin.com/in/bilkhan,new_enriched
Matthew,Alexander,Matthew Alexander,Director of Growth Marketing & Strategic Partnerships,Fulcrum Digital Inc,Other Enterprise,Other,Director,matthew.alexander@fulcrumdigital.com,,http://www.linkedin.com/in/matthew-a-862250a7,new_enriched
Kim,Haney,Kim Haney,Director of Experiential Marketing,Pernod Ricard,Art & Culture,Art & Culture,Director,kim.haney@pernod-ricard.com,,http://www.linkedin.com/in/kim-haney-527a073,new_enriched
Karen,Walne,Karen Walne,"Director, Experiential Marketing",Ecolab,Consumer/CPG,Food & Beverage,Director,karen.walne@ecolab.com,,http://www.linkedin.com/in/karenwalne,new_enriched
Cindy,Thompson,Cindy Thompson,"Director, Experiential Marketing",Ecolab,Consumer/CPG,Food & Beverage,Director,cindy.thompson@ecolab.com,,http://www.linkedin.com/in/cindy-thompson-611bb822,new_enriched
Ashley,Rowe,Ashley Rowe,"Director, Experiential Marketing",Gartner,Other Enterprise,Other,Director,ashley.rowe@gartner.com,,http://www.linkedin.com/in/ashleyzitorowe,new_enriched
Clint,Shobert,Clint Shobert,Director of Experiential Marketing,Tampa Bay Rays,Other Enterprise,Other,Director,cshobert@raysbaseball.com,,http://www.linkedin.com/in/clint-shobert,new_enriched
Bridget,Harvey,Bridget Harvey,"VP, Integrated Marketing & Sponsorship",Sphere Entertainment Co.,Other Enterprise,Other,VP,bridget.harvey@sphereentertainmentco.com,,http://www.linkedin.com/in/bridgetharvey,new_enriched
Janelle,Alexander,Janelle Alexander,Director Integrated Marketing,Live Nation Entertainment,Major Live Entertainment Venues,Music & Live,Director,janellealexander@livenation.com,,http://www.linkedin.com/in/janellealexandercv,new_enriched
Allison,Torres,Allison Torres,"Director, Integrated Marketing",Live Nation Entertainment,Major Live Entertainment Venues,Music & Live,Director,allietorres@livenation.com,,http://www.linkedin.com/in/allisontorres,new_enriched
Taylor,Bartel,Taylor Bartel,"Director, Integrated Marketing",Live Nation Entertainment,Major Live Entertainment Venues,Music & Live,Director,taylorbartel@livenation.com,,http://www.linkedin.com/in/taylor-bartel-1688a884,new_enriched
Ali,Barnes,Ali Barnes,"Director, Integrated Marketing",Live Nation Entertainment,Major Live Entertainment Venues,Music & Live,Director,alibarnes@livenation.com,,http://www.linkedin.com/in/ali-adam-barnes-839a3863,new_enriched
Juan,Nunez,Juan Nunez,"Sr Director, Integrated Marketing",Live Nation Entertainment,Major Live Entertainment Venues,Music & Live,Director,juannunez@livenation.com,,http://www.linkedin.com/in/juangnunez,new_enriched
Suzanne,Janow,Suzanne Janow,Senior Director Integrated Marketing,Live Nation Entertainment,Major Live Entertainment Venues,Music & Live,Director,suzannejanow@livenation.com,,http://www.linkedin.com/in/suzanne-janow-49933248,new_enriched
Brianna,Schlesinger,Brianna Schlesinger,"Vice President, Integrated Marketing",Live Nation Entertainment,Major Live Entertainment Venues,Music & Live,C-Suite,briannaschlesinger@livenation.com,,http://www.linkedin.com/in/briannaschlesinger,new_enriched
Pat,Vaughn,Pat Vaughn,"Sr. Director, Integrated Marketing",Live Nation Entertainment,Major Live Entertainment Venues,Music & Live,Director,patvaughn@livenation.com,,http://www.linkedin.com/in/patvaughndesign,new_enriched
Ryan,Karpusiewicz,Ryan Karpusiewicz,"Vice President, Integrated Marketing",Live Nation Entertainment,Major Live Entertainment Venues,Music & Live,C-Suite,ryankarpusiewicz@livenation.com,,http://www.linkedin.com/in/ryan-karpusiewicz-27990023,new_enriched
Leana,Less,Leana Less,CMO / SVP Marketing,"Bealls, Inc.",Other Enterprise,Other,C-Suite,lless@beallsinc.com,,http://www.linkedin.com/in/leana-less-6b39672a,new_enriched
Jeffrey,Lack,Jeffrey Lack,CMO/Vice President of Marketing,Discount Tire,Other Enterprise,Other,C-Suite,jeffrey.lack@discounttire.com,,http://www.linkedin.com/in/jlack,new_enriched
Seamus,Deegan,Seamus Deegan,Vice President Marketing,PUMA Group,Athletic Footwear/Apparel Giants,Sports & Athletics,C-Suite,seamus.deegan@puma.com,,http://www.linkedin.com/in/seamusdeegan,new_enriched
Chris,Davis,Chris Davis,Brand President & Chief Marketing Officer,New Balance,Athletic Footwear/Apparel Giants,Sports & Athletics,C-Suite,chris.davis@newbalance.com,,http://www.linkedin.com/in/chris-davis-684893132,new_enriched
Sofia,Colucci,Sofia Colucci,Chief Marketing Officer,Molson Coors Beverage Company,Alt Sneaker & Comfort Footwear,Fashion & Apparel,C-Suite,sofia.colucci@molsoncoors.com,,http://www.linkedin.com/in/sofia-colucci-8298621,new_enriched
Tom,Boland,Tom Boland,Chief Marketing Officer,"Bojangles'​ Restaurants, Inc.",Other Enterprise,Other,C-Suite,tboland@bojangles.com,,http://www.linkedin.com/in/tomboland,new_enriched
Jason,Dasal,Jason Dasal,Vice President of Marketing,Genesco - Johnston & Murphy,Alt Sneaker & Comfort Footwear,Fashion & Apparel,C-Suite,jdasal@genesco.com,,http://www.linkedin.com/in/jasondasal,new_enriched
Marissa,McFadden,Marissa McFadden,Vice President of Marketing,JD Finish Line,Other Enterprise,Other,C-Suite,mmcfadden@finishline.com,,http://www.linkedin.com/in/marissalucero,new_enriched
Catherine,Ayers,Catherine Ayers,VP of Marketing,ASICS,Athletic Footwear/Apparel Giants,Sports & Athletics,VP,catherine.ayers@asics.com,,http://www.linkedin.com/in/catherine-rau-ayers-87422563,new_enriched
Brett,O'Brien,Brett O'Brien,Chief Marketing Officer,Foot Locker,Other Enterprise,Other,C-Suite,brett.obrien@footlocker.com,,http://www.linkedin.com/in/brett-obrien,new_enriched
Joon,Silverstein,Joon Silverstein,Chief Marketing Officer,Coach,Contemporary Handbags,Fashion & Apparel,C-Suite,jsilverstein@coach.com,,http://www.linkedin.com/in/joon-silverstein,new_enriched
Gordie,Mackenzie,Gordie Mackenzie,VP Marketing,Breakthru Beverage Group,Other Enterprise,Other,VP,gordiem@abdc-az.com,,http://www.linkedin.com/in/gordie-mackenzie-57a857132,new_enriched
Karen,Mitchell,Karen Mitchell,"CMO/Senior Vice President, Marketing",Stop & Shop,Other Enterprise,Other,C-Suite,karen.mitchell@stopandshop.com,,http://www.linkedin.com/in/karen-mitchell-mba,new_enriched
Carole,Diarra,Carole Diarra,Global Vice President Marketing,UGG,Other Enterprise,Other,C-Suite,carole.diarra@deckers.com,,http://www.linkedin.com/in/carolediarra,new_enriched
Evan,Olesh,Evan Olesh,"Vice President, Marketing",L.L.Bean,Other Enterprise,Other,C-Suite,eolesh@llbean.com,,http://www.linkedin.com/in/evanolesh,new_enriched
Maria,Hokanson,Maria Hokanson,"Executive Vice President, Marketing",Dairy Queen,Global QSR Chains (Emerging),Food & Beverage,C-Suite,maria.hokanson@idq.com,,http://www.linkedin.com/in/mhokanson,new_enriched
Jamie,Richardson,Jamie Richardson,Chief Marketing Officer,White Castle,Other Enterprise,Other,C-Suite,richarjt@whitecastle.com,,http://www.linkedin.com/in/jamie-richardson-0b39184,new_enriched
Mike,Meyer,Mike Meyer,Chief Marketing Officer,Fleet Farm,Other Enterprise,Other,C-Suite,mike.meyer@fleetfarm.com,,http://www.linkedin.com/in/mike-meyer-0b65653,new_enriched
Abigail,Jacobs,Abigail Jacobs,Chief Marketing Officer,REI,Other Enterprise,Other,C-Suite,abjacob@rei.com,,http://www.linkedin.com/in/abigailreedjacobs,new_enriched
Martine,Reardon,Martine Reardon,"Chief Marketing Officer, Macy's",macys,Consumer/CPG,Food & Beverage,C-Suite,martine.reardon@macys.com,,http://www.linkedin.com/in/martine-reardon-232b378,new_enriched
Kelly,Bicy,Kelly Bicy,Director of Corporate Partnerships,Colorado Technical University,Art & Culture,Art & Culture,Director,kbicy@coloradotech.edu,,http://www.linkedin.com/in/kellybicy,new_enriched
Chad,McDermott,Chad McDermott,Director of Corporate Partnerships,Genesys Works,Other Enterprise,Other,Director,cmcdermott@genesysworks.org,,http://www.linkedin.com/in/chadjmcdermott,new_enriched
Daniel,Caraviello,Daniel Caraviello,Director of Corporate Partnerships,The Johns Hopkins University,Other Enterprise,Other,Director,dcaravi1@jh.edu,,http://www.linkedin.com/in/daniel-caraviello,new_enriched
Jonathan,Fink,Jonathan Fink,Director of Corporate Partnerships,Goodwill Southern California,Other Enterprise,Other,Director,jfink@goodwillsocal.org,,http://www.linkedin.com/in/jonathanfinkprofile,new_enriched
Patrick,Montague,Patrick Montague,Director of Corporate Partnerships,Cincinnati Reds,Other Enterprise,Other,Director,pmontague@reds.com,,http://www.linkedin.com/in/patrick-montague-63717711,new_enriched
Neal,Fleming,Neal Fleming,Director of Corporate Partnerships,SHRM,Other Enterprise,Other,Director,neal.fleming@shrm.org,,http://www.linkedin.com/in/neal-fleming-he-him-his-2a008579,new_enriched
Casey,Sosa,Casey Sosa,Director of Corporate Partnerships,United Parks & Resorts,Other Enterprise,Other,Director,casey.sosa@unitedparks.com,,http://www.linkedin.com/in/casey-sosa,new_enriched
Crystal,Mullins,Crystal Mullins,"Director, Corporate Partnerships",Management Leadership for Tomorrow,Other Enterprise,Other,Director,cmullins@mlt.org,,http://www.linkedin.com/in/crystal-mullins,new_enriched
Russ,Evans,Russ Evans,Director of Corporate Partnerships,IMG,Other Enterprise,Other,Director,russ.evans@img.com,,http://www.linkedin.com/in/russ-evans-02a1849,new_enriched
Hank,Cobb,Hank Cobb,"Director, Corporate Partnerships",Atlanta Braves,MLB Teams & League,Sports & Athletics,Director,hank.cobb@braves.com,,http://www.linkedin.com/in/hankcobb1,new_enriched
Donna,Graham,Donna Graham,Director of Corporate Partnerships,Management Leadership for Tomorrow,Other Enterprise,Other,Director,dgraham@mlt.org,,http://www.linkedin.com/in/dgraham01,new_enriched
Camilla,Stringfellow,Camilla Stringfellow,Director of Corporate Partnerships,Vanderbilt University,Other Enterprise,Other,Director,camilla.stringfellow@vanderbilt.edu,,http://www.linkedin.com/in/camilla-stringfellow,new_enriched
Benjamin,Albert,Benjamin Albert,Head of Corporate Partnerships,Water.org,Other Enterprise,Other,Head,balbert@water.org,,http://www.linkedin.com/in/benjaminalbert,new_enriched
Joseph,Johnson,Joseph Johnson,"Director, Corporate Partnerships",Philadelphia Phillies,MLB Teams & League,Sports & Athletics,Director,jjohnson@phillies.com,,http://www.linkedin.com/in/johnsonjoejj,new_enriched
Chad,Clarke,Chad Clarke,"Director, Corporate Partnerships",Atlanta Braves,MLB Teams & League,Sports & Athletics,Director,chad.clarke@braves.com,,http://www.linkedin.com/in/chad-clarke-3056ab3,new_enriched
Blade,Griffin,Blade Griffin,"Director, Corporate Partnerships",Bakersfield Condors,Other Enterprise,Other,Director,bgriffin@bakersfieldcondors.com,,http://www.linkedin.com/in/blade-griffin,new_enriched
Dana,Harple,Dana Harple,"Vice President, Corporate Partnerships - Atlanta Falcons, Atlanta United and Mercedes-Benz Stadium",AMB Sports and Entertainment,Sports,Sports & Athletics,C-Suite,dharple@ambse.com,,http://www.linkedin.com/in/danasenkowski,new_enriched
Amanda,Harden,Amanda Harden,"Senior Manager, Corporate Partnerships || AMB Sports + Entertainment - The Home Depot Backyard",AMB Sports and Entertainment,Sports,Sports & Athletics,Manager,amanda.harden@ambse.com,,http://www.linkedin.com/in/amandaeguthrie,new_enriched
Erica,Bernadas,Erica Bernadas,Vice President | Corporate Partnerships,New Orleans Saints,Sports,Sports & Athletics,C-Suite,erica.bernadas@saints.nfl.com,,http://www.linkedin.com/in/erica-bernadas-99295229,new_enriched
Brittney,Barr,Brittney Barr,"Manager, Partnership Marketing",Arizona Cardinals Football Club,NBA Teams (Individual Franchises),Sports & Athletics,Manager,bmcdonald@cardinals.nfl.net,,http://www.linkedin.com/in/brittney-mcdonald-barr-8267577b,new_enriched
Kyle,O'Rourke,Kyle O'Rourke,Corporate Partnerships Activation Manager,San Diego Gulls,Other Enterprise,Other,Manager,korourke@sandiegogulls.com,,http://www.linkedin.com/in/korourke15,new_enriched
Paul,O'Leary,Paul O'Leary,Manager of Corporate Partnerships,Worcester Railers HC,Other Enterprise,Other,Manager,paulo@railershc.com,,http://www.linkedin.com/in/pauloleary-,new_enriched
Kaitlyn,Moseley,Kaitlyn Moseley,"Manager, Corporate Partnerships",Dallas Cowboys,NFL Teams (Individual Franchises),Sports & Athletics,Manager,kmoseley@dallascowboys.net,,http://www.linkedin.com/in/kaitlynkravik,new_enriched
Jason,Mackey,Jason Mackey,"VP, Business Development",GF Sports & Entertainment,Sports,Sports & Athletics,VP,jmackey@gfsportsandentertainment.com,,http://www.linkedin.com/in/jasonmackey1,new_enriched
Mike,Bower,Mike Bower,Senior VP of Business Development,Fastbreak AI,Other Enterprise,Other,VP,mike.bower@fastbreak.ai,,http://www.linkedin.com/in/grouphousing,new_enriched
Shaun,Gallagher,Shaun Gallagher,"Senior Director, Corporate Partnerships",Philadelphia Union,Other Enterprise,Other,Director,sgallagher@philadelphiaunion.com,,http://www.linkedin.com/in/shaunpgallagher,new_enriched
Ryan,Sollazzo,Ryan Sollazzo,"Vice President, Global Corporate Partnerships",Major League Baseball,MLB Teams & League,Sports & Athletics,C-Suite,ryan.sollazzo@mlb.com,,http://www.linkedin.com/in/ryan-sollazzo-83719b25,new_enriched
Becky,Kaiser,Becky Kaiser,"Vice President, Corporate Partnerships",Arizona Diamondbacks,Sports,Sports & Athletics,C-Suite,bkaiser@dbacks.com,,http://www.linkedin.com/in/beckykaiser,new_enriched
Hope,Allen,Hope Allen,Partnership Marketing Manager,Major League Rugby,Other Enterprise,Other,Manager,hopeallen@usmlr.com,,http://www.linkedin.com/in/hopekallen,new_enriched
Casey,Loftus,Casey Loftus,Corporate Partnerships,Philadelphia Union,Other Enterprise,Other,Other,cloftus@philadelphiaunion.com,,http://www.linkedin.com/in/casey-loftus-892b141b6,new_enriched
Rich,Arthur,Rich Arthur,Vice President Marketing/Creative,NAVY EXCHANGE SERVICE COMMAND (NEXCOM),Other Enterprise,Other,C-Suite,rich.arthur@mynavyexchange.com,,http://www.linkedin.com/in/richarthur,new_enriched
David,Nies,David Nies,Chief Marketing Officer / SVP Marketing,Lantmännen Unibake,Other Enterprise,Other,C-Suite,david.nies@lantmannen.com,,http://www.linkedin.com/in/david-nies-06b90181,new_enriched
Leslie,Vesper,Leslie Vesper,Cmo/svp of Marketing,Bimbo Bakeries USA,Other Enterprise,Other,C-Suite,leslie.vesper@grupobimbo.com,,http://www.linkedin.com/in/leslie-vesper-68736811,new_enriched
Hank,Thobe,Hank Thobe,CMO,Zaxby's Franchising LLC,Other Enterprise,Other,C-Suite,hank.thobe@zaxbys.com,,http://www.linkedin.com/in/hank-thobe,new_enriched
Mary,Putman,Mary Putman,"CMO | Vice President, Marketing & Brand","GE Appliances, a Haier Company",Other Enterprise,Other,C-Suite,mary.putman@geappliances.com,,http://www.linkedin.com/in/mary-moulton-putman-07445813,new_enriched
Stuart,Martin,Stuart Martin,Vice President of Marketing,Zumiez,Other Enterprise,Other,C-Suite,stuartmartin@zumiez.com,,http://www.linkedin.com/in/thestuartmartin,new_enriched
Margarita,Fitzpatrick,Margarita Fitzpatrick,VP of Marketing,Family Dollar,Other Enterprise,Other,VP,mfitzp15@familydollar.com,,http://www.linkedin.com/in/margaritafitzpatrick,new_enriched
Alice,Morgan,Alice Morgan,Chief Marketing Officer,Coach,Contemporary Handbags,Fashion & Apparel,C-Suite,amorgan@coach.com,,http://www.linkedin.com/in/alice-morgan-9b647178,new_enriched
Sepanta,Bagherpour,Sepanta Bagherpour,Chief Marketing Officer - Americas & EMEA,Gong cha Global,Other Enterprise,Other,C-Suite,sepanta.bagherpour@gong-cha.com,,http://www.linkedin.com/in/sepantabagherpour,new_enriched
Becky,Felling,Becky Felling,VP of Marketing Communications,Dairy Queen,Global QSR Chains (Emerging),Food & Beverage,VP,becky.felling@idq.com,,http://www.linkedin.com/in/becky-felling-72070713,new_enriched
Jeremy,Sherman,Jeremy Sherman,"VP, Marketing Innovation & Insights",NAVY EXCHANGE SERVICE COMMAND (NEXCOM),Other Enterprise,Other,VP,jeremy.sherman@nexweb.org,,http://www.linkedin.com/in/jeremysherman,new_enriched
Ian,Barrett,Ian Barrett,Vice President Marketing & Ecommerce,PUMA Group (Cobra Puma Golf),Golf Equipment Brands,Sports & Athletics,C-Suite,ian.barrett@cobrapuma.com,,http://www.linkedin.com/in/ianbarrett11,new_enriched
Luke,Estep,Luke Estep,Chief Marketing Officer,Ocean State Job Lot,Fine Art Museums,Art & Culture,C-Suite,l.estep@osjl.com,,http://www.linkedin.com/in/lestep,new_enriched
Steven,David,Steven David,Vice President Marketing - DTC,PUMA Group,Athletic Footwear/Apparel Giants,Sports & Athletics,C-Suite,steven.david@puma.com,,http://www.linkedin.com/in/steven-j-david,new_enriched
Agustin,Quinn,Agustin Quinn,Vice President Marketing,Gucci,Luxury Fashion & Jewelry,Fashion & Apparel,C-Suite,quinn.agustin@gucci.com,,http://www.linkedin.com/in/agustin-quinn-080b07252,new_enriched
Patricia,Harris,Patricia Harris,Chief Marketing Officer,Blue Yonder,Other Enterprise,Other,C-Suite,patricia.harris@blueyonder.com,,http://www.linkedin.com/in/patriciajharris,new_enriched
Cedric,Davy,Cedric Davy,"Vice President, Marketing",Bass Pro Shops,Hunting/Fishing,Sports & Athletics,C-Suite,cdavy@basspro.com,,http://www.linkedin.com/in/cedricdavy,new_enriched
Billie,Waara,Billie Waara,Chief Marketing Officer,"Jack's Family Restaurants, LP",Other Enterprise,Other,C-Suite,bwaara@eatatjacks.com,,http://www.linkedin.com/in/billiejowaara,new_enriched
Marcus,Thornton,Marcus Thornton,VP of Marketing,Scheels,Other Enterprise,Other,VP,mwthornton@scheels.com,,http://www.linkedin.com/in/marcus-thornton-9b11a2121,new_enriched
Thomas,Miller,Thomas Miller,Vice President Marketing Operations,Columbia Sportswear Company,Outdoor Apparel,Sports & Athletics,C-Suite,tmiller@columbia.com,,http://www.linkedin.com/in/thomas-miller-11480811,new_enriched
David,Gallagher,David Gallagher,"Vice President, Marketing",New Look Roofing,Other Enterprise,Other,C-Suite,david.gallagher@newlookgroup.com,,http://www.linkedin.com/in/david-gallagher-2a399012,new_enriched
Jennifer,Anderson,Jennifer Anderson,Chief Marketing Officer,Torchy's Tacos,QSR Fast Casual Chains,Food & Beverage,C-Suite,jennifer.anderson@torchystacos.com,,http://www.linkedin.com/in/jennifer-anderson-74a7825,new_enriched
Scott,Johnson,Scott Johnson,Chief Marketing Officer,Checkers & Rally’s Drive-In Restaurants,Other Enterprise,Other,C-Suite,johnsons@checkers.com,,http://www.linkedin.com/in/scott-johnson-5666862,new_enriched
Stephen,Loscko,Stephen Loscko,"VP, Marketing and Media",Boot Barn,Other Enterprise,Other,VP,sloscko@bootbarn.com,,http://www.linkedin.com/in/stephen-loscko-63b65927,new_enriched
David,Schansberg,David Schansberg,Vice President of Marketing,"Blain's Farm & Fleet (Blain Supply, Inc.)",Other Enterprise,Other,C-Suite,d.schansberg@farmandfleet.com,,http://www.linkedin.com/in/david-schansberg-8660b835,new_enriched
Julia,Collier,Julia Collier,CMO,J.Crew,DTC Apparel Mall Brands,Fashion & Apparel,C-Suite,julia.collier@jcrew.com,,http://www.linkedin.com/in/juliacollier,new_enriched
Donna,Tuttle,Donna Tuttle,"Vice President, Marketing",Whataburger,Global QSR Chains (Emerging),Food & Beverage,C-Suite,dtuttle@wbhq.com,,http://www.linkedin.com/in/donnajtuttle,new_enriched
Drew,Slaven,Drew Slaven,Vice President Marketing,Asbury Automotive Group,Other Enterprise,Other,C-Suite,dslaven@asburyauto.com,,http://www.linkedin.com/in/drew-slaven-39752840,new_enriched
Sara,Griffin,Sara Griffin,Chief Marketing Officer,Belk,Other Enterprise,Other,C-Suite,sara_griffin@belk.com,,http://www.linkedin.com/in/sara-m-griffin,new_enriched
Ana,Henao,Ana Henao,Chief Marketing Officer (CMO),Sigma,Other Enterprise,Other,C-Suite,ahenao@sigma-alimentos.com,,http://www.linkedin.com/in/ana-maria-henao,new_enriched
Kim,Freer,Kim Freer,"CMO, Fry Cook & Cashier",Raising Cane's Chicken Fingers,Global QSR Chains (Emerging),Food & Beverage,C-Suite,kfreer@raisingcanes.com,,http://www.linkedin.com/in/kim-freer-496a555,new_enriched
Christie,Raymond,Christie Raymond,Chief Marketing Officer,Kohl's,Big Box Retailers,Retail & Home,C-Suite,christie.raymond@kohls.com,,http://www.linkedin.com/in/christiexraymond,new_enriched
Erin,Walter,Erin Walter,Chief Marketing Officer,Freddy's Frozen Custard & Steakburgers,Other Enterprise,Other,C-Suite,erinw@freddysusa.com,,http://www.linkedin.com/in/erin-schwak-walter-1690406,new_enriched
Deborah,Kutzleben,Deborah Kutzleben,Chief Marketing Officer,Tropical Smoothie Cafe,Art & Culture,Art & Culture,C-Suite,dvonkutzleben@tropicalsmoothie.com,,http://www.linkedin.com/in/deborah-von-kutzleben-aa58b38,new_enriched
Gary,Murfin,Gary Murfin,"Div. Vice President, Marketing",Macy's Northwest,Big Box Retailers,Retail & Home,C-Suite,gary.murfin@macys.com,,http://www.linkedin.com/in/gary-murfin-1790b27,new_enriched
Bill,Averill,Bill Averill,Vice President - Marketing Activation,Molson Coors Beverage Company,Alt Sneaker & Comfort Footwear,Fashion & Apparel,C-Suite,bill.averill@molsoncoors.com,,http://www.linkedin.com/in/bill-averill-12a2228,new_enriched
Stacy,Doren,Stacy Doren,Chief Marketing Officer - Journeys Group,Genesco,Other Enterprise,Other,C-Suite,dstacy@genesco.com,,http://www.linkedin.com/in/stacydoren,new_enriched
Susan,Rodgers,Susan Rodgers,SVP Marketing/Chief Marketing Officer,At Home Group Inc.,Home Improvement & Big Box Home,Retail & Home,C-Suite,srodgers@athome.com,,http://www.linkedin.com/in/scrodgers,new_enriched
Kristin,Wilson,Kristin Wilson,Director of Integrated Marketing,"Audacy, Inc.",Podcast Networks & Audio Media,Music & Live,Director,kristin.wilson@audacy.com,,http://www.linkedin.com/in/kristin-wilson-5337006,new_enriched
Frank,Gutierrez,Frank Gutierrez,"Global Head, Ecommerce Sponsorship",Live Nation Entertainment,Major Live Entertainment Venues,Music & Live,Other,frankgutierrez@livenation.com,,http://www.linkedin.com/in/frankgutierrez1,new_enriched
Jay,Leblanc,Jay Leblanc,"Vice President, Sponsorship Ticketing",Live Nation Entertainment,Major Live Entertainment Venues,Music & Live,C-Suite,jayleblanc@livenation.com,,http://www.linkedin.com/in/jay-leblanc-b226401a,new_enriched
Chelsea,Cloud,Chelsea Cloud,VP Integrated Marketing,Goldenvoice,Major Live Entertainment Venues,Music & Live,VP,chelseac@goldenvoice.com,,http://www.linkedin.com/in/chelsea-cloud-b3917710,new_enriched
Jane,Chen,Jane Chen,"Senior Vice President, Integrated Marketing and Loyalty Solutions",Live Nation Entertainment,Major Live Entertainment Venues,Music & Live,C-Suite,janechen@livenation.com,,http://www.linkedin.com/in/janecchen,new_enriched
Russell,Wallach,Russell Wallach,"President, Live Nation Media & Sponsorship",Live Nation Entertainment,Major Live Entertainment Venues,Music & Live,C-Suite,russellwallach@livenation.com,,http://www.linkedin.com/in/russellwallach,new_enriched
Ned,Watkins,Ned Watkins,"Vice President, Media & Sponsorship Sales",Live Nation Entertainment,Major Live Entertainment Venues,Music & Live,C-Suite,nedwatkins@livenation.com,,http://www.linkedin.com/in/watkinsned,new_enriched
Jon,Landa,Jon Landa,"SVP, Media & Sponsorship",Live Nation,Music - Venues/Festivals,Music & Live,VP,jonlanda@livenation.com,,http://www.linkedin.com/in/jonlanda,new_enriched
Katharine,Santeiro,Katharine Santeiro,Director Integrated Marketing,Paramount,Big Media Networks & Studios,Media & Publishing,Director,katharine.santeiro@paramount.com,,http://www.linkedin.com/in/katharinesanteiro,new_enriched
Taylor,Lawson,Taylor Lawson,"Director, Integrated Marketing",Paramount,Big Media Networks & Studios,Media & Publishing,Director,taylor.lawson@paramount.com,,http://www.linkedin.com/in/taylorlawson,new_enriched
Jeffrey,Fuller,Jeffrey Fuller,"Director, Integrated Marketing",Paramount,Big Media Networks & Studios,Media & Publishing,Director,jeff.fuller@paramount.com,,http://www.linkedin.com/in/fullerjeff,new_enriched
Amber,Moller,Amber Moller,"Director, Integrated Marketing",Paramount,Big Media Networks & Studios,Media & Publishing,Director,amber.moller@paramount.com,,http://www.linkedin.com/in/ambermoller,new_enriched
Carisa,Knox,Carisa Knox,Director Integrated Marketing,Paramount,Big Media Networks & Studios,Media & Publishing,Director,carisa.knox@paramount.com,,http://www.linkedin.com/in/carisaknox,new_enriched
Jennifer,Bennett-Lee,Jennifer Bennett-Lee,Director Integrated Marketing,Paramount,Big Media Networks & Studios,Media & Publishing,Director,jennifer_bennett-lee@paramount.com,,http://www.linkedin.com/in/jennifer-bennett-lee-23217a7,new_enriched
Barry,Gabel,Barry Gabel,SVP Marketing and Sponsorship Sales,Live Nation,Music - Venues/Festivals,Music & Live,VP,barrygabel@livenation.com,,http://www.linkedin.com/in/barry-gabel-b66b5414,new_enriched
Jannelle,Andes,Jannelle Andes,"Director of Partnership Strategy, Media & Sponsorships",Live Nation Entertainment,Major Live Entertainment Venues,Music & Live,Director,jannelleandes@livenation.com,,http://www.linkedin.com/in/jannelleandes,new_enriched
Aaron,Cook,Aaron Cook,"Director, Partnership Marketing & Media Sales",Kroenke Sports & Entertainment,NHL Teams & League,Sports & Athletics,Director,aaron.cook@teamkse.com,,http://www.linkedin.com/in/aaron-cook-375b4a3,new_enriched
Andrew,Bickers,Andrew Bickers,"Director, Partnership Marketing & Media Sales",Kroenke Sports & Entertainment,NHL Teams & League,Sports & Athletics,Director,andrew.bickers@teamkse.com,,http://www.linkedin.com/in/andrewbickers,new_enriched
Christopher,Niess,Christopher Niess,"Director, Partnership Marketing & Media Sales",Kroenke Sports & Entertainment,NHL Teams & League,Sports & Athletics,Director,christopher.niess@teamkse.com,,http://www.linkedin.com/in/christopher-niess-96b7a74a,new_enriched
Kaylin,Harshbarger,Kaylin Harshbarger,"Director, Partnership Marketing & Media Sales",Kroenke Sports & Entertainment,NHL Teams & League,Sports & Athletics,Director,kaylin.harshbarger@teamkse.com,,http://www.linkedin.com/in/kaylinharshbarger,new_enriched
Natasha,Billups,Natasha Billups,"Director, Partnership Marketing & Media Sales",Kroenke Sports & Entertainment,NHL Teams & League,Sports & Athletics,Director,natasha.billups@teamkse.com,,http://www.linkedin.com/in/natasharbillups,new_enriched
Kelly,Flatow,Kelly Flatow,"SVP, Partnership Marketing",Live Nation,Music - Venues/Festivals,Music & Live,VP,kellyflatow@livenation.com,,http://www.linkedin.com/in/kelly-flatow-85479913,new_enriched
Brandy,Schaefer,Brandy Schaefer,"Senior Brand Director, Live Nation Media & Sponsorship",Live Nation Entertainment,Major Live Entertainment Venues,Music & Live,Director,brandyschaefer@livenation.com,,http://www.linkedin.com/in/brandyschaefer,new_enriched
Jeff,Wallace,Jeff Wallace,Regional Vice President Live Nation Media & Sponsorship,Live Nation Entertainment,Major Live Entertainment Venues,Music & Live,C-Suite,jeffwallace@livenation.com,,http://www.linkedin.com/in/jeff-wallace-a65a553,new_enriched
Evan,Wirths,Evan Wirths,"Sr. Graphic Designer, Partnership Marketing",Kroenke Sports & Entertainment,NHL Teams & League,Sports & Athletics,Other,evan.wirths@teamkse.com,,http://www.linkedin.com/in/evan-wirths,new_enriched
Adam,Boettger,Adam Boettger,"Director, Partnership Sales - Colorado Rapids",Kroenke Sports & Entertainment,NHL Teams & League,Sports & Athletics,Director,adam.boettger@ballarena.com,,http://www.linkedin.com/in/adam-b-149b5257,new_enriched
Sarah,Toth,Sarah Toth,"Director of Product Marketing, Strategic Partnerships",Trustpilot,Other Enterprise,Other,Director,sart@trustpilot.com,,http://www.linkedin.com/in/sarahrtoth,new_enriched
Rene,Hirschbolz,Rene Hirschbolz,Director Consumer Engagement,adidas,Athletic Footwear/Apparel Giants,Sports & Athletics,Director,rene.hirschbolz@adidas.com,,http://www.linkedin.com/in/ren%c3%a9-hirschbolz-4ab16584,new_enriched
Malori,Nader,Malori Nader,Director of Consumer Engagement,Össur,Other Enterprise,Other,Director,mnader@ossur.com,,http://www.linkedin.com/in/malori-nader,new_enriched
Diane,Hun,Diane Hun,Consumer Engagement Director,Dermalogica,Art & Culture,Art & Culture,Director,diane.hun@dermalogica.com,,http://www.linkedin.com/in/dianebenhun,new_enriched
Brian,Heimann,Brian Heimann,VP of Marketing / Strategic Partnerships,Motion,Other Enterprise,Other,VP,brian.heimann@motion.cloud,,http://www.linkedin.com/in/brian-heimann-2612549,new_enriched
Heather,Sheehan,Heather Sheehan,"Director, Consumer Engagement",Cotiviti,Other Enterprise,Other,Director,heather.sheehan@cotiviti.com,,http://www.linkedin.com/in/heather-sheehan-7210a214,new_enriched
Jessica,Wykoff,Jessica Wykoff,"Director, Sports Marketing & Strategic Partnerships",SoFi,Fintech / BNPL,Tech & SaaS,Director,jwykoff@sofi.com,,http://www.linkedin.com/in/jessicawykoff,new_enriched
Jayme,Buonocore,Jayme Buonocore,Head of Consumer Engagement,William Grant & Sons,Other Enterprise,Other,Head,jayme.buonocore@wgrant.com,,http://www.linkedin.com/in/jaymejennings,new_enriched
Rich,Price,Rich Price,Chief Marketing & Strategic Partnerships Officer,Western Carolina University,Other Enterprise,Other,C-Suite,rprice@email.wcu.edu,,http://www.linkedin.com/in/rich-price-706216a,new_enriched
Tim,Balzer,Tim Balzer,Director - Consumer Engagement,PDI Software,Other Enterprise,Other,Director,tbalzer@pditechnologies.com,,http://www.linkedin.com/in/tim-balzer,new_enriched
Danny,Rohrdanz,Danny Rohrdanz,"Director of Marketing and Communications, Strategic Partnerships",Websults,Other Enterprise,Other,Director,drohrdanz@ijm.org,,http://www.linkedin.com/in/dannyrohrdanz,new_enriched
Justin,Fales,Justin Fales,Director of Consumer Engagement,SCL Health,Other Enterprise,Other,Director,justin.fales@sclhs.net,,http://www.linkedin.com/in/justinfales,new_enriched
Manuel,Parra,Manuel Parra,Vice President Strategic Partnerships and Marketing,Xylem,Other Enterprise,Other,C-Suite,manuel.parra@xylem.com,,http://www.linkedin.com/in/mpb3,new_enriched
Lauren,Fink,Lauren Fink,"Director, Customer Marketing, Strategic Partnerships",The Coca-Cola Company,Beverage Conglomerates,Food & Beverage,Director,lfink@coca-cola.com,,http://www.linkedin.com/in/lpfink,new_enriched
Natalia,Mendoza-Agoitia,Natalia Mendoza-Agoitia,"Associate Marketing Director, Strategic Partnerships",Hearst Magazines,Major News Publishers,Media & Publishing,Director,natalia.mendoza-agoitia@hearst.com,,http://www.linkedin.com/in/nataliamendozaagoitia,new_enriched
Teresa,Mairn,Teresa Mairn,Executive Director of Strategic Partnerships and Marketing,AdventHealth,Other Enterprise,Other,Director,teresa.mairn@adventhealth.com,,http://www.linkedin.com/in/teresa-mairn-a314b3150,new_enriched
Izzy,Lugo,Izzy Lugo,"Director, Experiential Marketing",Milwaukee Brewers,MLB Teams & League,Sports & Athletics,Director,izzy.lugo@brewers.com,,http://www.linkedin.com/in/izzylugoiii,new_enriched
Willie,Breslau,Willie Breslau,Vice President - Strategic Partnerships & Marketing,Atlantic Records,Music - Labels,Music & Live,C-Suite,william.breslau@atlanticrecords.com,,http://www.linkedin.com/in/willie-breslau-05695bb1,new_enriched
Lisa,Beekman,Lisa Beekman,"Director, Experiential Marketing",Rapid7,Other Enterprise,Other,Director,lisa_beekman@rapid7.com,,http://www.linkedin.com/in/lisa-beekman,new_enriched
Liv,Coe,Liv Coe,Head of Experiential Marketing,Uber,Other Enterprise,Other,Head,liv.coe@uber.com,,http://www.linkedin.com/in/liv-coe-84533877,new_enriched
Aisling,McAuliffe,Aisling McAuliffe,Director of Experiential Marketing,"SIG SAUER, Inc.",Other Enterprise,Other,Director,aisling.mcauliffe@sigsauer.com,,http://www.linkedin.com/in/aisling-mcauliffe-400331117,new_enriched
Andrea,Young,Andrea Young,"President, Experiential Marketing","Advantage Solutions: Sales, Marketing, Technology",Other Enterprise,Other,C-Suite,andrea.young@advantagesolutions.net,,http://www.linkedin.com/in/andrea-young-9bb705117,new_enriched
Summer,Shaffer,Summer Shaffer,Just Making Things Happen.,Dell Technologies,Consumer Tech Hardware,Tech & SaaS,Other,summer.shaffer@dell.com,,http://www.linkedin.com/in/summer-shaffer-68206a1a,new_enriched
Dianna,Scina,Dianna Scina,Director of Experiential Marketing,San Manuel Band of Mission Indians,Alt Sneaker & Comfort Footwear,Fashion & Apparel,Director,dianna.scina@sanmanuel-nsn.gov,,http://www.linkedin.com/in/dianna-scina-81486b42,new_enriched
Jake,Pereira,Jake Pereira,Experiential Marketing Director,Porsche Cars North America,Art & Culture,Art & Culture,Director,jpereira@porschewestwood.com,,http://www.linkedin.com/in/jakerpereira,new_enriched
Stacey,Lee,Stacey Lee,"Director, Strategic Marketing Partnerships & Events",TRIMEDX,Other Enterprise,Other,Director,stacey.lee@trimedx.com,,http://www.linkedin.com/in/stacey-lee-aa025aa,new_enriched
Christine,Brello,Christine Brello,Vice President of Strategic Marketing & Partnerships,Scorpion,Other Enterprise,Other,C-Suite,christine.brello@scorpion.co,,http://www.linkedin.com/in/christine-brello,new_enriched
Mike,McSherry,Mike McSherry,"Director, Strategic Partnerships",Capital One,Financial Services Giants,Finance & Fintech,Director,michael.mcsherry@capitalone.com,,http://www.linkedin.com/in/mikemcsherry1,new_enriched
Nathan,Lawrence,Nathan Lawrence,Director of Strategic Partnerships,GoDaddy,Website Builders & Hosting,Tech & SaaS,Director,nlawrence@godaddy.com,,http://www.linkedin.com/in/natelawrence2,new_enriched
Megan,Cowee,Megan Cowee,Top Director of Strategic Partnerships,Instawork,Other Enterprise,Other,Director,mcowee@instawork.com,,http://www.linkedin.com/in/megcowee,new_enriched
Camille,Crenshaw,Camille Crenshaw,Director of Strategic Partnerships,Collectors,Other Enterprise,Other,Director,ccrenshaw@collectors.com,,http://www.linkedin.com/in/camillecrenshaw,new_enriched
Brian,Dresher,Brian Dresher,"Director, Strategic Partnerships",Udemy,Online Learning Platforms,Creator & Learning,Director,brian.dresher@udemy.com,,http://www.linkedin.com/in/briandresher,new_enriched
Grace,Moore,Grace Moore,Director of Strategic Partnerships,FanDuel,Sportsbook & Sports Betting,Sports & Athletics,Director,grace.moore@fanduel.com,,http://www.linkedin.com/in/grace-moore-a28894173,new_enriched
John,Buzzell,John Buzzell,"Director, Strategic Partnerships",Epic Games,Video Game Publishers,Gaming,Director,john.buzzell@epicgames.com,,http://www.linkedin.com/in/jbuzzell,new_enriched
Adrienne,Pabst,Adrienne Pabst,"President, Strategic Partnerships",iHeartMedia,Audio Streaming & Podcasts,Music & Live,C-Suite,adriennepabst@iheartmedia.com,,http://www.linkedin.com/in/adrienne-pabst-57307624,new_enriched
Aaron,Neuenschwander,Aaron Neuenschwander,Head of Strategic Partnerships,SchoolAI,Other Enterprise,Other,Head,aaron@schoolai.com,,http://www.linkedin.com/in/aaron-neuenschwander,new_enriched
Rich,Goldman,Rich Goldman,Director of Strategic Partnerships,Ansys,Other Enterprise,Other,Director,rich.goldman@ansys.com,,http://www.linkedin.com/in/drrichgoldman,new_enriched
Tricia,Swanson,Tricia Swanson,Director of Strategic Partnerships,Montgomery County Government,Other Enterprise,Other,Director,tricia.swanson@montgomerycountymd.gov,,http://www.linkedin.com/in/tricia-swanson-447249119,new_enriched
James,Colinders,James Colinders,Head of Strategic Partnerships,TMANY | Treasury Management Association of New York,Alt Sneaker & Comfort Footwear,Fashion & Apparel,Head,jcolinders@statestreet.com,,http://www.linkedin.com/in/jcolinders,new_enriched
Yanira,Ruiz,Yanira Ruiz,Director of Strategic Partnerships,Herzog,Other Enterprise,Other,Director,yruiz@herzog.com,,http://www.linkedin.com/in/yanniruiz,new_enriched
Riju,Khetarpal,Riju Khetarpal,Head of Strategic Partnerships,Verily Health,Other Enterprise,Other,Head,riju@verily.com,,http://www.linkedin.com/in/rijukhetarpal,new_enriched
Laura,Wieber,Laura Wieber,Director of Strategic Partnerships,Chartwells Higher Education Dining Services,Alt Sneaker & Comfort Footwear,Fashion & Apparel,Director,laura.wheeldon@compass-usa.com,,http://www.linkedin.com/in/laurawieber,new_enriched
Natalie,Bartlett,Natalie Bartlett,Head of Strategic Partnerships,Grow Therapy,Other Enterprise,Other,Head,natalie.bartlett@growtherapy.com,,http://www.linkedin.com/in/npbartlett,new_enriched
Tom,Lynch,Tom Lynch,"Director, Strategic Partnerships",Smarsh,Other Enterprise,Other,Director,tom.lynch@smarsh.com,,http://www.linkedin.com/in/tom-lynch-b37738107,new_enriched
Debra,Gordon,Debra Gordon,Director of Strategic Partnerships,FranklinCovey,Other Enterprise,Other,Director,debra.gordon@franklincovey.com,,http://www.linkedin.com/in/debragordon1,new_enriched
Brendan,Rowe,Brendan Rowe,Director of Strategic Partnerships,PIH Health,Other Enterprise,Other,Director,brendan.rowe@pihhealth.org,,http://www.linkedin.com/in/brendandrowe,new_enriched
Michele,Ahouse,Michele Ahouse,Director of Strategic Partnerships,EF Education First,Alt Sneaker & Comfort Footwear,Fashion & Apparel,Director,michele.ahouse@ef.com,,http://www.linkedin.com/in/michele-ahouse,new_enriched
Rachel,Krasnow,Rachel Krasnow,Head of Strategic Partnerships,Hudl,Other Enterprise,Other,Head,rachel.krasnow@hudl.com,,http://www.linkedin.com/in/rachelkrasnow,new_enriched
Rob,Sipniewski,Rob Sipniewski,"Vice President, Sponsorship Consulting",MKTG,Sports & Entertainment Talent Agencies,Agencies & Rights Holders,C-Suite,rob.sipniewski@mktg.com,,http://www.linkedin.com/in/rob-sipniewski-7612bb1a,new_enriched
Dylan,Ferguson,Dylan Ferguson,"Vice President, Sponsorship Consulting",MKTG,Sports & Entertainment Talent Agencies,Agencies & Rights Holders,C-Suite,dylan.ferguson@mktg.com,,http://www.linkedin.com/in/dylan-ferguson-marketing,new_enriched
Caroline,Mitzner,Caroline Mitzner,"Associate Director, Sponsorship Strategy",Octagon,Sports & Entertainment Talent Agencies,Agencies & Rights Holders,Director,caroline.abrams@octagon.com,,http://www.linkedin.com/in/caroline-abrams1,new_enriched
Marissa,Beck,Marissa Beck,"VP, Sponsorship Consulting",MKTG,Sports & Entertainment Talent Agencies,Agencies & Rights Holders,VP,marissa.beck@mktg.com,,http://www.linkedin.com/in/marissa-beck-bb53668,new_enriched
Grace,Wallmeyer,Grace Wallmeyer,"Senior Director, Sponsorship Consulting",MKTG,Sports & Entertainment Talent Agencies,Agencies & Rights Holders,Director,grace.wallmeyer@mktg.com,,http://www.linkedin.com/in/grace-wallmeyer,new_enriched
Brianne,Ehrenkranz,Brianne Ehrenkranz,"Vice President, Sponsorship Consulting",MKTG,Sports & Entertainment Talent Agencies,Agencies & Rights Holders,C-Suite,brianne.ehrenkranz@mktg.com,,http://www.linkedin.com/in/brianne-ehrenkranz-08427a1,new_enriched
Gheric,Berton,Gheric Berton,"VP, Sponsorship Consulting",MKTG,Sports & Entertainment Talent Agencies,Agencies & Rights Holders,VP,gheric.berton@mktg.com,,http://www.linkedin.com/in/gheric,new_enriched
Shaun,Sloan,Shaun Sloan,Sponsorship Strategies & Activation Director,MKTG,Sports & Entertainment Talent Agencies,Agencies & Rights Holders,Director,shaun.sloan@mktg.com,,http://www.linkedin.com/in/shaun-sloan-76b974129,new_enriched
Justine,Miller,Justine Miller,Associate Director - Sponsorship Strategy,Octagon,Sports & Entertainment Talent Agencies,Agencies & Rights Holders,Director,justine.miller@octagon.com,,http://www.linkedin.com/in/justine-miller-58082596,new_enriched
Jose,Jimenez,Jose Jimenez,Group Account Director,Octagon,Sports & Entertainment Talent Agencies,Agencies & Rights Holders,Director,jose.jimenez@octagon.com,,http://www.linkedin.com/in/jimenez3,new_enriched
Logan,James,Logan James,"Director, Partnership Consulting",GMR Marketing,Sports & Entertainment Talent Agencies,Agencies & Rights Holders,Director,ljames@gmrmarketing.com,,http://www.linkedin.com/in/logjam,new_enriched
Rebecca,Libo,Rebecca Libo,Group Account Director,Octagon,Sports & Entertainment Talent Agencies,Agencies & Rights Holders,Director,rebecca.libo@octagon.com,,http://www.linkedin.com/in/rebeccalibo,new_enriched
Julia,Seaton,Julia Seaton,Account Director (gaming),rEvolution,Sports & Entertainment Talent Agencies,Agencies & Rights Holders,Director,jseaton@revolutionworld.com,,http://www.linkedin.com/in/juliaseaton,new_enriched
Jessica,Giordano,Jessica Giordano,Chief Partnership Officer,GMR Marketing,Sports & Entertainment Talent Agencies,Agencies & Rights Holders,C-Suite,jgiordano@gmrmarketing.com,,http://www.linkedin.com/in/jessica-giordano-65466415,new_enriched
Michael,Baird,Michael Baird,Group Account Director,Octagon,Sports & Entertainment Talent Agencies,Agencies & Rights Holders,Director,michael.baird@octagon.com,,http://www.linkedin.com/in/michael--baird,new_enriched
Dana,Vinci,Dana Vinci,Group Account Director,Octagon,Sports & Entertainment Talent Agencies,Agencies & Rights Holders,Director,dana.vinci@octagon.com,,http://www.linkedin.com/in/danavinci,new_enriched
Erin,Levine,Erin Levine,Group Account Director,Octagon,Sports & Entertainment Talent Agencies,Agencies & Rights Holders,Director,erin.levine@octagon.com,,http://www.linkedin.com/in/erinensley,new_enriched
Ja,Yun,Ja Yun,Global Partnership Director,IMG,Other Enterprise,Other,Director,ja.yun@img.com,,http://www.linkedin.com/in/ja-young-yun-46177151,new_enriched
Larissa,Wolfberg,Larissa Wolfberg,Senior Account Executive,Octagon,Sports & Entertainment Talent Agencies,Agencies & Rights Holders,Other,larissa.wolfberg@octagon.com,,http://www.linkedin.com/in/larissa-wolfberg-93bb551b9,new_enriched
Noah,Berman,Noah Berman,Senior Account Executive,Octagon,Sports & Entertainment Talent Agencies,Agencies & Rights Holders,Other,noah.berman@octagon.com,,http://www.linkedin.com/in/leysisaponte,new_enriched
Theodore,Gwyn,Theodore Gwyn,Sr. Account Executive,rEvolution,Sports & Entertainment Talent Agencies,Agencies & Rights Holders,Other,tgwyn@revolutionworld.com,,http://www.linkedin.com/in/theodoregwyn,new_enriched
Jason,P,Jason P,Group Account Director,Octagon,Sports & Entertainment Talent Agencies,Agencies & Rights Holders,Director,jason.p@octagon.com,,http://www.linkedin.com/in/jason-polansky,new_enriched
Vincent,Alois,Vincent Alois,Senior Account Executive,rEvolution,Sports & Entertainment Talent Agencies,Agencies & Rights Holders,Other,valois@revolutionworld.com,,http://www.linkedin.com/in/vincent-alois,new_enriched
Allison,Winkler,Allison Winkler,Senior Account Executive,Octagon,Sports & Entertainment Talent Agencies,Agencies & Rights Holders,Other,allison.winkler@octagon.com,,http://www.linkedin.com/in/allison-winkler-88a2aa1a4,new_enriched
Sage,Ramos,Sage Ramos,Senior Account Executive,Octagon,Sports & Entertainment Talent Agencies,Agencies & Rights Holders,Other,sage.ramos@octagon.com,,http://www.linkedin.com/in/sage-ramos-a64929119,new_enriched
Lucie,Raley,Lucie Raley,Senior Account Executive,Octagon,Sports & Entertainment Talent Agencies,Agencies & Rights Holders,Other,lucie.raley@octagon.com,,http://www.linkedin.com/in/lucie-raley-40a7191bb,new_enriched
Erica,Marschke,Erica Marschke,Senior Account Executive,Octagon,Sports & Entertainment Talent Agencies,Agencies & Rights Holders,Other,erica.marschke@octagon.com,,http://www.linkedin.com/in/ericamarschke,new_enriched
Matthew,Schatz,Matthew Schatz,Senior Account Executive,rEvolution,Sports & Entertainment Talent Agencies,Agencies & Rights Holders,Other,mschatz@revolutionworld.com,,http://www.linkedin.com/in/matthew-schatz-0913b9aa,new_enriched
Keely,Fay,Keely Fay,Senior Account Executive,Octagon,Sports & Entertainment Talent Agencies,Agencies & Rights Holders,Other,keely.fay@octagon.com,,http://www.linkedin.com/in/keelyfay,new_enriched
Matthew,Dressler,Matthew Dressler,Senior Account Executive,Octagon,Sports & Entertainment Talent Agencies,Agencies & Rights Holders,Other,matthew.dressler@octagon.com,,http://www.linkedin.com/in/matthew-dressler,new_enriched
Terik,Kelly,Terik Kelly,Senior Account Executive,Octagon,Sports & Entertainment Talent Agencies,Agencies & Rights Holders,Other,terik.kelly@octagon.com,,http://www.linkedin.com/in/terik-kelly-626090135,new_enriched
Chris,Fronsaglia,Chris Fronsaglia,Senior Account Executive,Octagon,Sports & Entertainment Talent Agencies,Agencies & Rights Holders,Other,chris.fronsaglia@octagon.com,,http://www.linkedin.com/in/chris-fronsaglia,new_enriched
Tiffany-Ann,Matturro,Tiffany-Ann Matturro,Senior Account Executive,Octagon,Sports & Entertainment Talent Agencies,Agencies & Rights Holders,Other,tiffany-ann.matturro@octagon.com,,http://www.linkedin.com/in/tiffany-annmatturro,new_enriched
Evan,Harding,Evan Harding,Senior Account Executive,IMG College,Sports & Entertainment Talent Agencies,Agencies & Rights Holders,Other,evan.harding@img.com,,http://www.linkedin.com/in/evan-harding-953bb545,new_enriched
Samanta,Javanbakht,Samanta Javanbakht,Senior Account Executive,Octagon,Sports & Entertainment Talent Agencies,Agencies & Rights Holders,Other,samanta.javanbakht@octagon.com,,http://www.linkedin.com/in/samanta-javanbakht-365002158,new_enriched
Cheryl,Edens,Cheryl Edens,Head of Brand Partnerships,KP Sanghvi and Sons,Other Enterprise,Other,Head,cheryl.edens@kpsanghvi.us,,http://www.linkedin.com/in/cheryl-edens-819231256,new_enriched
McKenzie,Rambusch,McKenzie Rambusch,Director Brand Partnerships,People Inc.,Media/Entertainment,Media & Publishing,Director,mrambusch@people.inc,,http://www.linkedin.com/in/mckenzie-rambusch-ab861910b,new_enriched
Jen,Teitell,Jen Teitell,"Director, Brand Partnerships",SiriusXM,Audio Streaming & Podcasts,Music & Live,Director,jen.teitell@siriusxm.com,,http://www.linkedin.com/in/jenniferteitell,new_enriched
Lucinda,Bassam,Lucinda Bassam,Director of Brand Partnerships,Fashion Nova,Alt Sneaker & Comfort Footwear,Fashion & Apparel,Director,lucinda.bassam@fashionnova.com,,http://www.linkedin.com/in/lucindabassam,new_enriched
Kenny,Keblaitis,Kenny Keblaitis,Corporate Partnerships Manager,North Carolina Courage,Wellness/Mental Health,Health & Wellness,Manager,kkeblaitis@northcarolinafc.com,,http://www.linkedin.com/in/kennykeblaitis,new_enriched
Apurva,Parikh,Apurva Parikh,"Senior Manager, Partnership Marketing",Major League Baseball,MLB Teams & League,Sports & Athletics,Manager,apurva.parikh@mlb.com,,http://www.linkedin.com/in/apurvaparikhb,new_enriched
David,King,David King,Vice President of Corporate Partnerships,Tepper Sports & Entertainment,Sports,Sports & Athletics,C-Suite,david.king@teppersportsentertainment.com,,http://www.linkedin.com/in/davidking5464,new_enriched
Halle,Still,Halle Still,Director of Corporate Partnerships | Dallas Open ATP 500,GF Sports & Entertainment,Sports,Sports & Athletics,Director,hstill@gfsportsandentertainment.com,,http://www.linkedin.com/in/halle-still-92980614a,new_enriched
Josh,Givens,Josh Givens,"Director, Corporate Partnerships",Minnesota United FC,Other Enterprise,Other,Director,josh.g@mnufc.com,,http://www.linkedin.com/in/josh-givens,new_enriched
John,Coppo,John Coppo,"Vice President, Corporate Partnerships",Major League Baseball,MLB Teams & League,Sports & Athletics,C-Suite,john.coppo@mlb.com,,http://www.linkedin.com/in/john-coppo-6345a820,new_enriched
Sara,Hayes,Sara Hayes,Partnership Marketing Manager,New Orleans Saints,Sports,Sports & Athletics,Manager,sara.hayes@saints.nfl.com,,http://www.linkedin.com/in/sarachayes,new_enriched
Shane,Caming,Shane Caming,"Senior Manager, Partnership Marketing",National Hockey League (NHL),NHL Teams & League,Sports & Athletics,Manager,scaming@nhl.com,,http://www.linkedin.com/in/shanecaming,new_enriched
Mike,Callanan,Mike Callanan,"Sr. Director, Partnership Marketing",National Hockey League (NHL),NHL Teams & League,Sports & Athletics,Director,mcallanan@nhl.com,,http://www.linkedin.com/in/mike-callanan-6388083,new_enriched
Ashley,Morris,Ashley Morris,"Senior Manager, Partnership Marketing",National Hockey League (NHL),NHL Teams & League,Sports & Athletics,Manager,amorris@nhl.com,,http://www.linkedin.com/in/ashleycmorris,new_enriched
Patrick,Ryan,Patrick Ryan,"Sr. Director, Partnership Marketing",National Hockey League (NHL),NHL Teams & League,Sports & Athletics,Director,pryan@nhl.com,,http://www.linkedin.com/in/patrick-ryan-79086612,new_enriched
Leslye,Barnette,Leslye Barnette,Partnership Marketing Manager,New Orleans Saints,Sports,Sports & Athletics,Manager,leslye.barnette@saints.nfl.com,,http://www.linkedin.com/in/leslye-barnette,new_enriched
Amy,Rubin,Amy Rubin,"Senior Manager, Partnership Marketing",National Hockey League (NHL),NHL Teams & League,Sports & Athletics,Manager,arubin@nhl.com,,http://www.linkedin.com/in/amy-rubin,new_enriched
Autumn,Peck,Autumn Peck,Partnership Marketing Manager,Arizona Diamondbacks,Sports,Sports & Athletics,Manager,apeck@dbacks.com,,http://www.linkedin.com/in/autumn-peck-85a247123,new_enriched
Rachel,Hogan,Rachel Hogan,Marketing and Business Development Manager,Austin Sports & Social Club,Other Enterprise,Other,Manager,rachel@austinssc.com,,http://www.linkedin.com/in/rachelmhogan,new_enriched
Sean,Clifford,Sean Clifford,"Sr. Director, Corporate Partnerships",Los Angeles Lakers,NBA Teams (Individual Franchises),Sports & Athletics,Director,sclifford@la-lakers.com,,http://www.linkedin.com/in/sean-clifford-01b26710,new_enriched
Kimberly,Grisolia,Kimberly Grisolia,"Director, Partnership Marketing",Miami Dolphins and Hard Rock Stadium,NFL Teams (Individual Franchises),Sports & Athletics,Director,kgrisolia@dolphins.com,,http://www.linkedin.com/in/kimberlyasaavedra,new_enriched
Emily,Gaglio,Emily Gaglio,"Manager of Corporate Partnerships, Business Development",Buffalo Bills,Athleisure & Yoga Apparel,Fashion & Apparel,Manager,emily.gaglio@bills.nfl.net,,http://www.linkedin.com/in/emily-gaglio-285a3638,new_enriched
Joe,Thomas,Joe Thomas,Manager of Corporate Partnerships,FC Cincinnati,Other Enterprise,Other,Manager,jthomas@fccincinnati.com,,http://www.linkedin.com/in/joe-d-thomas,new_enriched
Skylar,Deichmann,Skylar Deichmann,Director of Corporate Partnerships,Allen Americans Professional Hockey Club,Art & Culture,Art & Culture,Director,skylar@allenamericans.com,,http://www.linkedin.com/in/skylar-deichmann-1315bb154,new_enriched
Isabel,Holland,Isabel Holland,"Corporate Partnerships Marketing, Manager",Tepper Sports & Entertainment,Sports,Sports & Athletics,Manager,isabel.holland@panthers.nfl.com,,http://www.linkedin.com/in/isabel-holland-a263a01b6,new_enriched
Dan,Hawley,Dan Hawley,"Vice President, Business Development/Corporate Partnerships",Denver Broncos Football Club,Sports,Sports & Athletics,C-Suite,dan.hawley@broncos.nfl.net,,http://www.linkedin.com/in/dan-hawley-broncos,new_enriched
Tiffanie,Tallman,Tiffanie Tallman,Director of Corporate Partnerships,Arizona Diamondbacks,Sports,Sports & Athletics,Director,ttallman@dbacks.com,,http://www.linkedin.com/in/tiffanie-tallman-599726a,new_enriched
Annabelle,Kubinski,Annabelle Kubinski,"Manager, Corporate Partnerships",Arizona Cardinals Football Club,NBA Teams (Individual Franchises),Sports & Athletics,Manager,akubinski@cardinals.nfl.net,,http://www.linkedin.com/in/annabelle-kubinski,new_enriched
Jourdan,Kirby,Jourdan Kirby,"Director, Corporate Partnerships",Miami Dolphins and Hard Rock Stadium,NFL Teams (Individual Franchises),Sports & Athletics,Director,jkirby@dolphins.com,,http://www.linkedin.com/in/jourdanckirby,new_enriched
Livia,Mathias,Livia Mathias,Corporate Partnerships Manager,San Diego Seals,Other Enterprise,Other,Manager,liv.mathias@sealslax.com,,http://www.linkedin.com/in/livia-bertho-mathias,new_enriched
Chiara,Robinson,Chiara Robinson,Director of Institutional Giving,Denver Art Museum,Other Enterprise,Other,Director,crobinson@denverartmuseum.org,,http://www.linkedin.com/in/chiara-robinson-1003b39,new_enriched
Lauren,Pelletier,Lauren Pelletier,"Associate Director of Development, Institutional Giving",Contemporary Art Museum St. Louis,Other Enterprise,Other,Director,lpelletier@camstl.org,,http://www.linkedin.com/in/laurenpelletier,new_enriched
George,Sinatra,George Sinatra,Corporate Foundation and Institutional Giving Manager,Boys & Girls clubs of the San Gorgonio Pass,International EV Brands,Auto & Mobility,Manager,gsinatra@psmuseum.org,,http://www.linkedin.com/in/george-sinatra-8b038a2a8,new_enriched
Kara,Matthews,Kara Matthews,Director of Institutional Giving,MASS MoCA,Other Enterprise,Other,Director,kmatthews@massmoca.org,,http://www.linkedin.com/in/kara-matthews-5152b863,new_enriched
Erin,Horan,Erin Horan,Director of Institutional Giving,Cleveland Museum of Art,Other Enterprise,Other,Director,ehoran@clevelandart.org,,http://www.linkedin.com/in/erinhoran1,new_enriched
Karin,France,Karin France,Director of Institutional Giving,Institute of Contemporary Art Boston,Other Enterprise,Other,Director,kfrance@icaboston.org,,http://www.linkedin.com/in/karin-france-b63ab838,new_enriched
Kris,Honeycutt,Kris Honeycutt,Director of Development,The Aldrich Contemporary Art Museum,Other Enterprise,Other,Director,khoneycutt@thealdrich.org,,http://www.linkedin.com/in/kris-honeycutt-483b3745,new_enriched
Catherine,Massey,Catherine Massey,"Director, Institutional Giving",MOCA | The Museum of Contemporary Art,Other Enterprise,Other,Director,cmassey@moca.org,,http://www.linkedin.com/in/catherine-massey-5689a06,new_enriched
Geoffrey,Greene,Geoffrey Greene,Institutional Giving Manager,Studio Museum in Harlem,Art & Culture,Art & Culture,Manager,ggreene@studiomuseum.org,,http://www.linkedin.com/in/geoffrey-h-greene,new_enriched
Kristen,Taylor,Kristen Taylor,Director Institutional Giving,Museum of Contemporary Art Chicago,Art & Culture,Art & Culture,Director,ktaylor@mcachicago.org,,http://www.linkedin.com/in/kristentaylorphd,new_enriched
Mirabelle,Alan,Mirabelle Alan,"Manager, Corporate Partnerships",Los Angeles County Museum of Art (LACMA),Art & Culture,Art & Culture,Manager,malan@lacma.org,,http://www.linkedin.com/in/mirabelle-alan,new_enriched
Sophia,Kritselis,Sophia Kritselis,Director of Corporate Partnerships,Los Angeles County Museum of Art (LACMA),Art & Culture,Art & Culture,Director,skritselis@lacma.org,,http://www.linkedin.com/in/sophia-kritselis-5b09396a,new_enriched
Nora,Webb,Nora Webb,Acting Director of Institutional Giving,The Museum of Modern Art,Fine Art Museums,Art & Culture,Director,nora_webb@moma.org,,http://www.linkedin.com/in/norawebb,new_enriched
John,Wielk,John Wielk,Chief Development Officer for Institutional Giving & Development Operations,The Metropolitan Museum of Art,Art & Culture,Art & Culture,C-Suite,john.wielk@metmuseum.org,,http://www.linkedin.com/in/johnwielk,new_enriched
Morgan,Pearce,Morgan Pearce,"General Manager, Marketing, Brand Partnerships, and Licensing",The Metropolitan Museum of Art,Art & Culture,Art & Culture,Manager,morgan.pearce@metmuseum.org,,http://www.linkedin.com/in/morgan-pearce-606b4a42,new_enriched
Christopher,Crawford,Christopher Crawford,Director of Corporate Relations,Philadelphia Art Museum,Other Enterprise,Other,Director,christopher.crawford@philamuseum.org,,http://www.linkedin.com/in/christopher-crawford0,new_enriched
Antonia,Constantine,Antonia Constantine,Manager of Corporate Relations,Philadelphia Museum of Art,Art & Culture,Art & Culture,Manager,antonia.constantine@philamuseum.org,,http://www.linkedin.com/in/antonia-constantine-3a510744,new_enriched
Carolyn,Prasad,Carolyn Prasad,Director of Corporate Partnerships,Fine Arts Museums of San Francisco,Enterprise Tech/SaaS,Tech & SaaS,Director,cprasad@famsf.org,,http://www.linkedin.com/in/carolyn-prasad,new_enriched
Ben,Swetland,Ben Swetland,Corporate Partnerships Manager,Fine Arts Museums of San Francisco,Enterprise Tech/SaaS,Tech & SaaS,Manager,bswetland@famsf.org,,http://www.linkedin.com/in/ben-swetland,new_enriched
Daniella,Cabezas,Daniella Cabezas,Director of Corporate Relations,Pérez Art Museum Miami,Other Enterprise,Other,Director,dcabezas@pamm.org,,http://www.linkedin.com/in/daniellacabezas,new_enriched
Lindsay,Robertson,Lindsay Robertson,Account Director,Octagon,Sports & Entertainment Talent Agencies,Agencies & Rights Holders,Director,lindsay.robertson@octagon.com,,http://www.linkedin.com/in/lindsay-robertson-497a1613,new_enriched
Courtney,Trucksess,Courtney Trucksess,"Director, Sponsorship & Marketing",C3 Presents,Major Live Entertainment Venues,Music & Live,Director,ctrucksess@c3presents.com,,http://www.linkedin.com/in/courtney-trucksess-3287265,new_enriched
Marla,Stack,Marla Stack,"Director, Major Giving and Institutional Relations",Walker Art Center,Fine Art Museums,Art & Culture,Director,marla.stack@walkerart.org,,http://www.linkedin.com/in/mmstack70,new_enriched
Veridiana,Pontes,Veridiana Pontes,"Vice President of Individual Giving, Corporate and Foundation Relations and Development Operations",Los Angeles County Museum of Art (LACMA),Art & Culture,Art & Culture,C-Suite,vpontes@lacma.org,,http://www.linkedin.com/in/veripontes,new_enriched
Lori,Camilleri,Lori Camilleri,"Director, Corporate Philanthropy and Global Partnerships",Guggenheim Museum,Fine Art Museums,Art & Culture,Director,lcamilleri@guggenheim.org,,http://www.linkedin.com/in/loricamilleri,new_enriched
Jaap,Otte,Jaap Otte,Director of Development,Smithsonian Institution,Art & Culture,Art & Culture,Director,ottej@si.edu,,http://www.linkedin.com/in/jaapotte,new_enriched
Kay,Grissom-Kiely,Kay Grissom-Kiely,Director of Development,Missoula Art Museum,Other Enterprise,Other,Director,kay@missoulaartmuseum.org,,http://www.linkedin.com/in/kay-grissom-kiely-60a06725b,new_enriched
Susan,Whittaker,Susan Whittaker,Associate Director of Development,Portland Art Museum,Other Enterprise,Other,Director,susan.whittaker@pam.org,,http://www.linkedin.com/in/susan-a-whittaker-30970a19,new_enriched
Carly,Murphy,Carly Murphy,Global Head of Collector and Institutional Relations,Art Basel,Art & Culture,Art & Culture,Head,carly.murphy@artbasel.com,,http://www.linkedin.com/in/carly-murphy-00225a113,new_enriched
Iciar,Mangas,Iciar Mangas,Head of Development & Cultivation,Art Basel,Art & Culture,Art & Culture,Head,iciar.mangas@artbasel.com,,http://www.linkedin.com/in/iciar-mangas-38265598,new_enriched
Pansy,Ku,Pansy Ku,Client Development Director,Christie's,Art & Culture,Art & Culture,Director,pku@christiespartners.com,,http://www.linkedin.com/in/pansy-ku-139b17b,new_enriched
Pansy,Ku,Pansy Ku,Director of Client Development,Phillips,Other Enterprise,Other,Director,pku@phillips.com,,http://www.linkedin.com/in/pansy-ku-9bb88b150,new_enriched
Kate,Reibel,Kate Reibel,"Vice President, Client Development",Sotheby's,Art & Culture,Art & Culture,C-Suite,katherine.reibel@sothebys.com,,http://www.linkedin.com/in/kate-reibel-0b01299,new_enriched
Leeana,Wolfman,Leeana Wolfman,Deputy Chief Development Officer,The Metropolitan Museum of Art,Art & Culture,Art & Culture,C-Suite,leeana.wolfman@metmuseum.org,,http://www.linkedin.com/in/leeana-wolfman,new_enriched
Nathan,Drahi,Nathan Drahi,Global Head of Business Development,Sotheby's,Art & Culture,Art & Culture,Head,nathan.drahi@sothebys.com,,http://www.linkedin.com/in/nathandrahi,new_enriched
Sheridan,Thompson,Sheridan Thompson,Global Head of Audience Development,Christie's,Art & Culture,Art & Culture,Head,sthompson@christies.com,,http://www.linkedin.com/in/sheridan-thompson-417a844,new_enriched
Laurel,Repsha,Laurel Repsha,"Assistant Director, Corporate Development",Guggenheim Museum,Fine Art Museums,Art & Culture,Director,lrepsha@guggenheim.org,,http://www.linkedin.com/in/laurel-repsha-91484299,new_enriched
Kate,Dobie,Kate Dobie,Deputy Chief Development Officer,The Metropolitan Museum of Art,Art & Culture,Art & Culture,C-Suite,kate.dobie@metmuseum.org,,http://www.linkedin.com/in/kate-dobie-8387799,new_enriched
Katie,Szolnoki,Katie Szolnoki,Director Sync Licensing,BMG UK - The New Music Company,Other Enterprise,Other,Director,katie.szolnoki@bmg.com,,http://www.linkedin.com/in/katie-szolnoki-1b5a086,new_enriched
Reena,Chohan,Reena Chohan,"Director, Brand Partnerships & Strategic Marketing",Universal Music Group,Music - Labels,Music & Live,Director,reena.chohan@umusic.com,,http://www.linkedin.com/in/reenachohan,new_enriched
Christopher,Etscheid,Christopher Etscheid,"Vice President, Sync Licensing",BMG - The New Music Company,Other Enterprise,Other,C-Suite,chris.etscheid@bmg.com,,http://www.linkedin.com/in/cetscheid,new_enriched
Corey,Brule,Corey Brule,"Vice President, Sync Licensing",BMG,Other Enterprise,Other,C-Suite,corey.brule@bmg.com,,http://www.linkedin.com/in/corey-brul%c3%a9-3a04324a,new_enriched
Megan,Rickborn,Megan Rickborn,Sync Licensing Clearance Director,Concord,Media/Entertainment,Media & Publishing,Director,megan.rickborn@concord.com,,http://www.linkedin.com/in/megan-rickborn-281550124,new_enriched
Chad,Brown,Chad Brown,"Vice President, Creative Sync Licensing",Capitol Records,Music - Labels,Music & Live,C-Suite,chad.brown@umusic.com,,http://www.linkedin.com/in/chad-brown-8a66a192,new_enriched
Neil,Mulford,Neil Mulford,"VP / Head of Sync, Licensing",Universal Music Group,Music - Labels,Music & Live,VP,neil.mulford@umusic.com,,http://www.linkedin.com/in/neilmulford,new_enriched
Emma,Duddridge,Emma Duddridge,"Director - Creative Sync, Licensing & Soundtracks",Atlantic Records,Music - Labels,Music & Live,Director,emma.duddridge@atlanticrecords.com,,http://www.linkedin.com/in/emma-duddridge-006067110,new_enriched
Christina,Shotter,Christina Shotter,Director Sync Licensing at BMG,BMG,Other Enterprise,Other,Director,christina.shotter@bmg.com,,http://www.linkedin.com/in/christina-shotter-853b1110a,new_enriched
Greg,Turner,Greg Turner,"Head of Sync Licensing – Film, TV & Games",Universal Music Group,Music - Labels,Music & Live,Head,greg.turner@umusic.com,,http://www.linkedin.com/in/greg-turner-b10a158,new_enriched
Daron,Moore,Daron Moore,"Vice President, Brand Partnerships",BMG - The New Music Company,Other Enterprise,Other,C-Suite,daron.moore@bmg.com,,http://www.linkedin.com/in/daronmoore,new_enriched
Amanda,Berkus,Amanda Berkus,"Vice President, Brand Partnerships",Universal Music Group,Music - Labels,Music & Live,C-Suite,amanda.downing@umusic.com,,http://www.linkedin.com/in/amanda-berkus-80889325,new_enriched
Lucy,Humphreys,Lucy Humphreys,"Director, Global Brand Partnerships",Universal Music Group,Music - Labels,Music & Live,Director,lucy.humphreys@umusic.com,,http://www.linkedin.com/in/lucy-humphreys-0549211b,new_enriched
Marshall,Jay,Marshall Jay,"Senior Director, Brand Partnerships",Universal Music Group,Music - Labels,Music & Live,Director,marshall.jay@umusic.com,,http://www.linkedin.com/in/marshallsjay,new_enriched
Steve,Malesky,Steve Malesky,"Vice President, Brand Partnerships",Universal Music Group,Music - Labels,Music & Live,C-Suite,steve.malesky@umusic.com,,http://www.linkedin.com/in/stevemalesky,new_enriched
Sarah,McMahon,Sarah McMahon,"Senior Director, Brand Partnerships",Universal Music Group,Music - Labels,Music & Live,Director,sarah.mcmahon@umusic.com,,http://www.linkedin.com/in/sarahrmcmahon,new_enriched
Nicole,Williams,Nicole Williams,"Director, Global Brand Partnerships",Universal Music Group,Music - Labels,Music & Live,Director,nicole.williams@umusic.com,,http://www.linkedin.com/in/nicole-williams-630355121,new_enriched
Andrew,Woloz,Andrew Woloz,"VP, Streaming & Brand Partnerships",Concord,Media/Entertainment,Media & Publishing,VP,andrew.woloz@concord.com,,http://www.linkedin.com/in/andrewwoloz,new_enriched
Gina,Abatangelo,Gina Abatangelo,"Senior Vice President, Brand Partnerships",Republic Records,Music - Labels,Music & Live,C-Suite,gina.abatangelo@umusic.com,,http://www.linkedin.com/in/gina-abatangelo-66a60119,new_enriched
Brad,Rains,Brad Rains,"Senior Vice President, Brand Partnerships & Commercial Licensing",Atlantic Records,Music - Labels,Music & Live,C-Suite,brad.rains@atlanticrecords.com,,http://www.linkedin.com/in/bradarains,new_enriched
Courtney,Kochuba,Courtney Kochuba,"Senior Director, Marketing Strategy & Partnerships",Concord,Media/Entertainment,Media & Publishing,Director,courtney.kochuba@concord.com,,http://www.linkedin.com/in/ckochuba,new_enriched
Rachel,Rauch,Rachel Rauch,"Vice President, Brand Partnerships & Commercial Sync - Atlantic Music Group",Atlantic Records,Music - Labels,Music & Live,C-Suite,rachel.rauch@elektra.com,,http://www.linkedin.com/in/rachel-rauch-b6070920,new_enriched
Naomi,McMahon,Naomi McMahon,"EVP, Global Marketing & Partnerships",Universal Music Group,Music - Labels,Music & Live,VP,naomi.mcmahon@umusic.com,,http://www.linkedin.com/in/naomimcmahon,new_enriched
David,Tomlinson,David Tomlinson,"Vice President, Executive Creative Director, Global Brand Partnerships",Universal Music Group,Music - Labels,Music & Live,C-Suite,david.tomlinson@umusic.com,,http://www.linkedin.com/in/davidtoml77,new_enriched
Christopher,Mueller,Christopher Mueller,Director Catalogue Marketing & Artist Relation,Warner Music Central Europe,Music - Labels,Music & Live,Director,christopher.mueller@warnermusic.com,,http://www.linkedin.com/in/christopher-m%c3%bcller-45367731,new_enriched
Nikki,Lambert,Nikki Lambert,Vice President - Global Commercial Partnerships & Marketing,Universal Music Group,Music - Labels,Music & Live,C-Suite,nikki.lambert@umusic.com,,http://www.linkedin.com/in/nikkil,new_enriched
Charlotte,Remoleux,Charlotte Remoleux,"Head of Digital Marketing, Streaming Strategy and Partnerships",Universal Music Group,Music - Labels,Music & Live,Head,charlotte.remoleux@umusic.com,,http://www.linkedin.com/in/charlottermx,new_enriched
Christine,Buckley,Christine Buckley,"SVP, Global Brand Strategy & Strategic Partnerships",Universal Music Group,Music - Labels,Music & Live,VP,christine.buckley@umusic.com,,http://www.linkedin.com/in/christine-buckley-7687715,new_enriched
Luis,Estrada,Luis Estrada,Executive Vice President Marketing & Artist Ventures,Universal Music Group,Music - Labels,Music & Live,C-Suite,luis.estrada@umusic.com,,http://www.linkedin.com/in/luis-estrada-17a54549,new_enriched
Polly,Withington,Polly Withington,Head of Marketing,Columbia Records,Music - Labels,Music & Live,Head,polly.withington@sonymusic.com,,http://www.linkedin.com/in/polly-withington,new_enriched
Faith,Tusieseina,Faith Tusieseina,Director of Brand Partnerships,LNE Presents,Other Enterprise,Other,Director,faith@lnepresents.com,,http://www.linkedin.com/in/faith-tusi,new_enriched
Molly,Berra,Molly Berra,Brand Partnerships & Sponsorship Manager,Breakaway Music Festival,Other Enterprise,Other,Manager,molly@breakawayfestival.com,,http://www.linkedin.com/in/molly-berra,new_enriched
Kara,Lawson,Kara Lawson,"Senior Client Services Manager, Brand Partnerships",Another Planet Entertainment,Other Enterprise,Other,Manager,kara@anotherplanetent.com,,http://www.linkedin.com/in/kara-lawson-5ab392133,new_enriched
Kate,Roberts,Kate Roberts,"VP, Business Development & Brand Partnerships",Another Planet Entertainment,Other Enterprise,Other,VP,kate@anotherplanetent.com,,http://www.linkedin.com/in/kate-roberts-70416012,new_enriched
Kelly,Mosser,Kelly Mosser,Director of Brand Partnerships & Premium Seating,Austin City Limits Live at The Moody Theater (ACL Live),Other Enterprise,Other,Director,kmosser@acllive.com,,http://www.linkedin.com/in/kwmosser,new_enriched
Andrew,Hart,Andrew Hart,"VP, Brand Partnerships",Breakaway Music Festival,Other Enterprise,Other,VP,andrew@teambreakaway.com,,http://www.linkedin.com/in/andrewphart,new_enriched
Ali,Larocca,Ali Larocca,Senior Brand Partnerships Coordinator,Breakaway,Other Enterprise,Other,C-Suite,ali@teambreakaway.com,,http://www.linkedin.com/in/ali-larocca,new_enriched
Megan,Wise,Megan Wise,"Vice President, Brand Partnerships",Breakaway,Other Enterprise,Other,C-Suite,megan@breakawayfestival.com,,http://www.linkedin.com/in/megan-wise-4506ab245,new_enriched
Asha,Luevano,Asha Luevano,Brand Partnerships Senior Coordinator,Danny Wimmer Presents,Other Enterprise,Other,C-Suite,asha@dwpresents.com,,http://www.linkedin.com/in/asha-luevano,new_enriched
Ari,Solomon,Ari Solomon,Associate Vice President of Brand Partnerships,Breakaway Music Festival,Other Enterprise,Other,C-Suite,ari@teambreakaway.com,,http://www.linkedin.com/in/ari-h-solomon,new_enriched
Tiffanie,Hauger,Tiffanie Hauger,"Vice President, Brand Partnerships and Activation",Breakaway Music Festival,Other Enterprise,Other,C-Suite,tiffanie@breakawayfestival.com,,http://www.linkedin.com/in/tiffanie-hauger,new_enriched
Vinson,Lee,Vinson Lee,"SVP, Brand Partnerships",Danny Wimmer Presents,Other Enterprise,Other,VP,vinson.lee@dwpresents.com,,http://www.linkedin.com/in/vinson-lee-8442672,new_enriched
Emma,Kirby,Emma Kirby,Marketing Manager,Aspen Music Festival and School,Other Enterprise,Other,Manager,ekirby@aspenmusic.org,,http://www.linkedin.com/in/emma-kirby-3072381b8,new_enriched
Lisa,Levato,Lisa Levato,Corporate Partnerships Manager,Bethel Woods Center for the Arts,Other Enterprise,Other,Manager,llevato@bethelwoodscenter.org,,http://www.linkedin.com/in/lisabenevento,new_enriched
Maureen,Michulski,Maureen Michulski,Director of Corporate Partnerships,Bethel Woods Center for the Arts.,Other Enterprise,Other,Director,mmichulski@bethelwoodscenter.org,,http://www.linkedin.com/in/maureen-michulski-80291830,new_enriched
Courtney,Jamieson,Courtney Jamieson,"Vice President, Brand Partnerships",Palm Tree Crew Holdings,Other Enterprise,Other,C-Suite,courtney@palmtreecrew.com,,http://www.linkedin.com/in/courtney-jamieson-76829111,new_enriched
Aaron,Polanco,Aaron Polanco,Vice President of Brand Partnerships,CMS Nashville,Other Enterprise,Other,C-Suite,apolanco@cmsnashville.com,,http://www.linkedin.com/in/aaron-polanco-75a1bba7,new_enriched
Amanda,Digiovanni,Amanda Digiovanni,Director of Partnerships + Marketing,Ghia,Other Enterprise,Other,Director,amanda@clubspace.com,,http://www.linkedin.com/in/amanda-lee-digiovanni,new_enriched
Joan,Jolley,Joan Jolley,Director of Corporate Partnerships,Boston Symphony Orchestra,Alt Sneaker & Comfort Footwear,Fashion & Apparel,Director,jjolley@bso.org,,http://www.linkedin.com/in/joanjolley,new_enriched
Abby,Bushell,Abby Bushell,"Manager, Brand Partnerships",Cartwheel and Co. Marketing,Other Enterprise,Other,Manager,abby.bushell@cartwheelandco.com,,http://www.linkedin.com/in/abby-bushell-540b30125,new_enriched
Ashley,Graver,Ashley Graver,Head of Global Artist Partnerships,Spotify,Audio Streaming & Podcasts,Music & Live,Head,agraver@spotify.com,,http://www.linkedin.com/in/ashley-graver-69577721,new_enriched
Sam,Forrest,Sam Forrest,"Account Director, Brand Partnerships",Genius,Media/Entertainment,Media & Publishing,Director,sam.forrest@genius.com,,http://www.linkedin.com/in/samforrest31,new_enriched
Justin,Holmes,Justin Holmes,Sr. Director of Brand Partnerships,Genius,Media/Entertainment,Media & Publishing,Director,justin.holmes@genius.com,,http://www.linkedin.com/in/justinjholmes,new_enriched
Tori,Robinson,Tori Robinson,Associate Director | Brand Partnerships,SoundCloud,Audio Streaming & Podcasts,Music & Live,Director,tori.robinson@soundcloud.com,,http://www.linkedin.com/in/victoriarobinson,new_enriched
Callie,Timpanaro,Callie Timpanaro,"Senior Account Director, Brand Partnerships",Genius,Media/Entertainment,Media & Publishing,Director,callie.timpanaro@genius.com,,http://www.linkedin.com/in/callie-timpanaro-9315aa4a,new_enriched
Lolita,Morrow,Lolita Morrow,"VP of Brand Partnerships, East",Genius,Media/Entertainment,Media & Publishing,VP,lolita.morrow@genius.com,,http://www.linkedin.com/in/lolitamorrow,new_enriched
Charlotte,Bwana,Charlotte Bwana,"Director, Media and Brand Partnerships (Africa)",Audiomack,Music - Streaming,Music & Live,Director,charlotte@audiomack.com,,http://www.linkedin.com/in/charlotte-bwana-520959184,new_enriched
Marc,Hazan,Marc Hazan,SVP - Marketing and Partnerships,Spotify,Audio Streaming & Podcasts,Music & Live,VP,marc@spotify.com,,http://www.linkedin.com/in/marc-hazan-4aa7672,new_enriched
Rachel,Brooks,Rachel Brooks,"Global Director, Business Brand Marketing",Spotify,Audio Streaming & Podcasts,Music & Live,Director,rbrooks@spotify.com,,http://www.linkedin.com/in/rachelemilybrooks,new_enriched
Amanda,Thornquist,Amanda Thornquist,"Associate Director, Global Business Brand Marketing",Spotify,Audio Streaming & Podcasts,Music & Live,Director,athornquist@spotify.com,,http://www.linkedin.com/in/amandathornquist,new_enriched
Irene,Agbontaen,Irene Agbontaen,"Senior Director Artist Brand Stratgey, Music Brand Partnerships",United Talent Agency,Media/Entertainment,Media & Publishing,Director,irene.agbontaen@unitedtalent.com,,http://www.linkedin.com/in/irene-agbontaen-08874271,new_enriched
Anna,Gregorek,Anna Gregorek,Senior Director Music Brand Partnerships and Strategic Marketing,United Talent Agency,Media/Entertainment,Media & Publishing,Director,anna.gregorek@unitedtalent.com,,http://www.linkedin.com/in/anna-gregorek-32b37812,new_enriched
Jason,Costes,Jason Costes,Vice President Brand Partnerships,United Talent Agency,Media/Entertainment,Media & Publishing,C-Suite,jason.costes@unitedtalent.com,,http://www.linkedin.com/in/jasoncostes,new_enriched
Louis,Timchak,Louis Timchak,"Vice President, Brand Partnerships",United Talent Agency,Media/Entertainment,Media & Publishing,C-Suite,louis.timchakiii@unitedtalent.com,,http://www.linkedin.com/in/louistimchak,new_enriched
Alyssa,Pivniouk,Alyssa Pivniouk,"Director, Brand Partnerships, UTA Creators",United Talent Agency,Media/Entertainment,Media & Publishing,Director,alyssa.pivniouk@unitedtalent.com,,http://www.linkedin.com/in/alyssapivniouk,new_enriched
Stefan,Birkensee,Stefan Birkensee,Senior Director Global Brand Partnerships,Creative Artists Agency,Sports & Entertainment Talent Agencies,Agencies & Rights Holders,Director,stefan.birkensee@caa.com,,http://www.linkedin.com/in/stefan-teuffel,new_enriched
Nya-Gabriella,Parchment,Nya-Gabriella Parchment,"Co-Head Brand Partnerships, UTA Creators",United Talent Agency,Media/Entertainment,Media & Publishing,Other,ngp@unitedtalent.com,,http://www.linkedin.com/in/nya-gabriella-parchment-b492a642,new_enriched
Natasha,Vaquer,Natasha Vaquer,"Co-Head Brand Partnerships, UTA Creators",United Talent Agency,Media/Entertainment,Media & Publishing,Other,natasha.vaquer@unitedtalent.com,,http://www.linkedin.com/in/natasha-vaquer-a98402,new_enriched
Sheelagh,Li,Sheelagh Li,"Vice President, Brand Management (Licensing & Partnerships) at CAA Brand Management",Creative Artists Agency,Sports & Entertainment Talent Agencies,Agencies & Rights Holders,C-Suite,sheelagh.li@caa.com,,http://www.linkedin.com/in/sheelaghcullinan,new_enriched
Todd,Kaufman,Todd Kaufman,"VP, Strategy & Partnerships at CAA Brand Management",Creative Artists Agency,Sports & Entertainment Talent Agencies,Agencies & Rights Holders,VP,todd.kaufman@caa.com,,http://www.linkedin.com/in/todd-kaufman-7a5b885,new_enriched
Marc,Gueguen,Marc Gueguen,Co-Head of Corporate Partnerships,Louis Vuitton,Luxury Fashion & Jewelry,Fashion & Apparel,Head,marc.gueguen@louisvuitton.com,,http://www.linkedin.com/in/marcgueguen974,new_enriched
Gillian,Tozer,Gillian Tozer,Director of Marketing & Partnerships,Burberry,Luxury Fashion & Jewelry,Fashion & Apparel,Director,gillian.tozer@burberry.com,,http://www.linkedin.com/in/gillian-tozer,new_enriched
Kristen,Underwood,Kristen Underwood,Director of Brand Marketing,Moncler,Luxury Fashion,Fashion & Apparel,Director,kristen.underwood@moncler.us,,http://www.linkedin.com/in/kristenunderwood,new_enriched
Chen,Lucy,Chen Lucy,Director of Brand Marketing,克里斯汀·迪奥高级时装公司,Other Enterprise,Other,Director,lchen@christiandior.com,,http://www.linkedin.com/in/chen-lucy-48404785,new_enriched
Scarlett,Wang,Scarlett Wang,Director of Brand Marketing,Christian Dior Couture,Luxury Fashion,Fashion & Apparel,Director,wscarlett@dior.com,,http://www.linkedin.com/in/scarlett-wang-94063a2a,new_enriched
Gwenaelle,Carruth,Gwenaelle Carruth,Head of Global Charity and Co-Head of Corporate Partnerships,Louis Vuitton,Luxury Fashion & Jewelry,Fashion & Apparel,Head,gwenaelle.carruth@louisvuitton.com,,http://www.linkedin.com/in/gwenaelle-carruth-64b1767,new_enriched
Daphne,Doukidis,Daphne Doukidis,Head of Global Brand Marketing & Communications,Loewe,Luxury Fashion,Fashion & Apparel,Head,daphne_doukidis@loewe.com,,http://www.linkedin.com/in/daphne-doukidis,new_enriched
Cesar,Soula,Cesar Soula,WW Brand Marketing & Digital Director,BALENCIAGA,Luxury Fashion,Fashion & Apparel,Director,cesar.soula@balenciaga.com,,http://www.linkedin.com/in/c%c3%a9sar-soula-51b29279,new_enriched
Giulia,Silvi,Giulia Silvi,Global Head of Brand & Product Marketing,Loewe,Luxury Fashion,Fashion & Apparel,Head,giulia_silvi@loewe.com,,http://www.linkedin.com/in/giuliasilvi,new_enriched
Eleonora,Mazzetti,Eleonora Mazzetti,"Group Director, Brand Marketing - Watches & Fine Jewelry",CHANEL,Luxury Fashion & Jewelry,Fashion & Apparel,Director,eleonora.mazzetti@chanel.com,,http://www.linkedin.com/in/emazzetti,new_enriched
Fanny,Massoutre,Fanny Massoutre,"VP Regional Marketing, Communications & Brand - Executive Committee",Hermès,Luxury Fashion & Jewelry,Fashion & Apparel,VP,fanny.massoutre@hermes.com,,http://www.linkedin.com/in/fanny-massoutre-a094ab43,new_enriched
Charlotte,Nicholson,Charlotte Nicholson,Head of Marketing,CHANEL,Luxury Fashion & Jewelry,Fashion & Apparel,Head,charlotte.nicholson@chanel.com,,http://www.linkedin.com/in/charlotte-nicholson-81736a2b,new_enriched
Sulin,Loo,Sulin Loo,Head of Marketing,CHANEL,Luxury Fashion & Jewelry,Fashion & Apparel,Head,sloo@cupfsa.com,,http://www.linkedin.com/in/sulin-loo-021a5811,new_enriched
Alice,Kim,Alice Kim,Head of Marketing,Tiffany & Co.,Luxury Fashion & Jewelry,Fashion & Apparel,Head,alicekyungah.kim@tiffany.com,,http://www.linkedin.com/in/alice-kyung-ah-kim-00b4b5109,new_enriched
Ines,Tenorio,Ines Tenorio,Head of Marketing,Gucci,Luxury Fashion & Jewelry,Fashion & Apparel,Head,ines.tenorio@gucci.com,,http://www.linkedin.com/in/ines-tenorio-649834279,new_enriched
Stephen,Cantor,Stephen Cantor,Head of Marketing,Gucci,Luxury Fashion & Jewelry,Fashion & Apparel,Head,cantor.stephen@gucci.com,,http://www.linkedin.com/in/stephen-cantor-5b47348a,new_enriched
Charlene,Civita,Charlene Civita,Directrice Marketing Parfums et Brand Animation,GIVENCHY,Luxury Fashion,Fashion & Apparel,Other,charlene.civita@givenchy.com,,http://www.linkedin.com/in/charl%c3%a8ne-civita-9335b643,new_enriched
Bettina,Fetzer,Bettina Fetzer,"Brand & Comms Pro, Established CMO, People-Focused Change Leader // Director",Moncler,Luxury Fashion,Fashion & Apparel,C-Suite,bettina.fetzer@moncler.com,,http://www.linkedin.com/in/fetzer-bettina,new_enriched
Katelyn,Porter,Katelyn Porter,"Director, Production & Studio (Brand Marketing)",Canada Goose,Luxury Fashion,Fashion & Apparel,Director,kporter@canadagoose.com,,http://www.linkedin.com/in/katelyn-porter-3b20a78,new_enriched
Kevin,Galbraith,Kevin Galbraith,"Senior Director, Brand Strategy & Integrated Marketing",Canada Goose,Luxury Fashion,Fashion & Apparel,Director,kgalbraith@canadagoose.com,,http://www.linkedin.com/in/kevin-galbraith,new_enriched
Pilar,Salinas,Pilar Salinas,Vice President of Global Marketing and Brand Partnerships,L'Oréal,Beauty,Beauty & Personal Care,C-Suite,pilar.salinas@loreal.com,,http://www.linkedin.com/in/pilar-salinas,new_enriched
Chrystina,Train,Chrystina Train,"Senior Vice President, Marketing & Brand Partnerships",Rare Beauty,Celebrity Beauty Brands,Beauty & Personal Care,C-Suite,chrystina.train@rarebeauty.com,,http://www.linkedin.com/in/chrystinawoody123,new_enriched
Erin,Smith,Erin Smith,Director of Influencer Marketing,Rare Beauty,Celebrity Beauty Brands,Beauty & Personal Care,Director,erin.smith@rarebeauty.com,,http://www.linkedin.com/in/erin-smith-3a835398,new_enriched
Alexander,Wang,Alexander Wang,Director of Brand Marketing,L'Oréal,Beauty,Beauty & Personal Care,Director,alexander.wang@loreal.com,,http://www.linkedin.com/in/alexander-h-wang,new_enriched
Kewanna,Donaldson,Kewanna Donaldson,Director of Brand Marketing,"Glossier, Inc.",Celebrity Beauty Brands,Beauty & Personal Care,Director,kewanna.donaldson@glossier.com,,http://www.linkedin.com/in/kewannadonaldson,new_enriched
Kylie,Pinder,Kylie Pinder,"Director, Brand Marketing",SEPHORA,Beauty Retailers & Fast Fashion,Fashion & Apparel,Director,kylie.pinder@sephora.com,,http://www.linkedin.com/in/kyliepinder,new_enriched
Celessa,Baker,Celessa Baker,"Vice President, Marketing Partnerships",SEPHORA,Beauty Retailers & Fast Fashion,Fashion & Apparel,C-Suite,celessa.baker@sephora.com,,http://www.linkedin.com/in/celessa-baker-1365106,new_enriched
Dasha,Suharev,Dasha Suharev,Assistant Vice President of Global Brand Partnerships,L'Oréal,Beauty,Beauty & Personal Care,C-Suite,dasha.suharev@loreal.com,,http://www.linkedin.com/in/dashasuharev,new_enriched
Johnette,Reed,Johnette Reed,Director of Corporate Brand Marketing,L'Oréal,Beauty,Beauty & Personal Care,Director,johnette.reed@loreal.com,,http://www.linkedin.com/in/johnette-reed-93184b34,new_enriched
Sarah,Tordjman,Sarah Tordjman,Global Brand Marketing Director,SEPHORA,Beauty Retailers & Fast Fashion,Fashion & Apparel,Director,stordjman@sephora.fr,,http://www.linkedin.com/in/sarah-tordjman-4411a53b,new_enriched
Renee,Whitten,Renee Whitten,"Senior Director, Brand Marketing",SEPHORA,Beauty Retailers & Fast Fashion,Fashion & Apparel,Director,renee.whitten@sephora.com,,http://www.linkedin.com/in/reneewhitten,new_enriched
Stefanie,Schneemann,Stefanie Schneemann,"Director, Brand Marketing Skincare",SEPHORA,Beauty Retailers & Fast Fashion,Fashion & Apparel,Director,stefanie.schneemann@sephora.com,,http://www.linkedin.com/in/stefanie-schneemann-1b9773132,new_enriched
Brittany,Whitmer,Brittany Whitmer,Senior Director of Fragrance Category & Brand Marketing,SEPHORA,Beauty Retailers & Fast Fashion,Fashion & Apparel,Director,brittany.whitmer@sephora.com,,http://www.linkedin.com/in/brittanybarbos,new_enriched
Kirsty,Lewis,Kirsty Lewis,Head of PR & Influencer Marketing EU/UK,Huda Beauty,Other Enterprise,Other,Head,kirsty.lewis@hudabeauty.com,,http://www.linkedin.com/in/kirsty-lewis-07b8296,new_enriched
Mili,Reddy,Mili Reddy,"Senior Vice President, Category & Brand Marketing",SEPHORA,Beauty Retailers & Fast Fashion,Fashion & Apparel,C-Suite,mreddy@sephora.fr,,http://www.linkedin.com/in/milidutt,new_enriched
Nanette,Nunu,Nanette Nunu,"Director, Marketing Partnerships - Sports & Entertainment",SEPHORA,Beauty Retailers & Fast Fashion,Fashion & Apparel,Director,nanette.nunu@sephora.com,,http://www.linkedin.com/in/nanettenunu,new_enriched
Candace,Payne,Candace Payne,Vice President of Marketing,SEPHORA,Beauty Retailers & Fast Fashion,Fashion & Apparel,C-Suite,candace.payne@sephora.com,,http://www.linkedin.com/in/candace-payne-1006,new_enriched
Sam,Bennett,Sam Bennett,"SVP, Integrated Marketing, Brand and Creative",SEPHORA,Beauty Retailers & Fast Fashion,Fashion & Apparel,VP,sam.bennett@sephora.com,,http://www.linkedin.com/in/sambennett2023,new_enriched
Christine,Guzman,Christine Guzman,"Executive Director, Global Marketing - High Traffic Moments & Partnerships",The Estée Lauder Companies Inc.,Beauty,Beauty & Personal Care,Director,christine.guzman@estee.com,,http://www.linkedin.com/in/christineguzman-lj,new_enriched
Aaron,Willmon,Aaron Willmon,Director of Sports Marketing and Partnerships,PepsiCo,Beverage Conglomerates,Food & Beverage,Director,aaron.willmon@pepsico.com,,http://www.linkedin.com/in/aaron-willmon-28256142,new_enriched
Nina,Mukherjee,Nina Mukherjee,"Commercial Director, Brand Partnerships",PepsiCo,Beverage Conglomerates,Food & Beverage,Director,nina.mukherjee@pepsico.com,,http://www.linkedin.com/in/nina-beckmann-waters-mukherjee-35176713,new_enriched
Marty,Carroll,Marty Carroll,Director of Sports Marketing,Red Bull,Beverage,Food & Beverage,Director,marty.carroll@redbull.com,,http://www.linkedin.com/in/marty-carroll,new_enriched
Ludwig,Paischer,Ludwig Paischer,Head of Sports Marketing,Red Bull,Beverage,Food & Beverage,Head,ludwig.paischer@redbull.com,,http://www.linkedin.com/in/ludwig-paischer-528865a6,new_enriched
Al,Rondon,Al Rondon,"Director, Sports Marketing",The Coca-Cola Company,Beverage Conglomerates,Food & Beverage,Director,alrondon@coca-cola.com,,http://www.linkedin.com/in/al-rondon-5313a65,new_enriched
Claire,Cone,Claire Cone,Director of Sports Marketing,The Coca-Cola Company,Beverage Conglomerates,Food & Beverage,Director,clairecone@coca-cola.com,,http://www.linkedin.com/in/claire-cone-82432244,new_enriched
Cody,Lynge,Cody Lynge,Head of Sports Marketing,Red Bull,Beverage,Food & Beverage,Head,cody.lynge@redbull.com,,http://www.linkedin.com/in/cody-lynge-68371116,new_enriched
Chris,Croning,Chris Croning,Head of Sports Marketing,Red Bull,Beverage,Food & Beverage,Head,chris.croning@redbull.com,,http://www.linkedin.com/in/chris-croning-58897143,new_enriched
Kyle,Grote,Kyle Grote,"Director, Sports Marketing",Gatorade,Sports,Sports & Athletics,Director,kyle.grote@pepsico.com,,http://www.linkedin.com/in/kyle-grote-2266914,new_enriched
David,Obajtek,David Obajtek,"Director, Sports Marketing",Anheuser-Busch,Beverage,Food & Beverage,Director,david.obajtek@anheuser-busch.com,,http://www.linkedin.com/in/david-obajtek-jr-98b72449,new_enriched
Philip,Hartmann,Philip Hartmann,"Sr Director Sports & Entertainment Marketing, Partnerships - Europe",The Coca-Cola Company,Beverage Conglomerates,Food & Beverage,Director,phartmann@coca-cola.com,,http://www.linkedin.com/in/philip-hartmann-48b0542b,new_enriched
Kelsey,Greer,Kelsey Greer,Sr. Director Brand Partnerships and Concepting,PepsiCo,Beverage Conglomerates,Food & Beverage,Director,kelsey.greer@pepsico.com,,http://www.linkedin.com/in/kelsey-greer-443a2615,new_enriched
Sara,Hart,Sara Hart,Director: Global Brand Partnerships & Comms,Bacardi,Beverage,Food & Beverage,Director,shart@bacardi.com,,http://www.linkedin.com/in/sara-hart-1b387b2b,new_enriched
Jeff,Kearney,Jeff Kearney,Global Head of Sports Marketing,Gatorade,Sports,Sports & Athletics,Head,jeff.kearney@pepsico.com,,http://www.linkedin.com/in/jeff-kearney-3894a17,new_enriched
Mickael,Vinet,Mickael Vinet,"Vice President Global Sports, Music, Entertainment Marketing and Partnerships",The Coca-Cola Company,Beverage Conglomerates,Food & Beverage,C-Suite,mvinet@coca-cola.com,,http://www.linkedin.com/in/mickael-vinet-253a51141,new_enriched
Gabi,Trinkfass,Gabi Trinkfass,Global Head of Brand Marketing,Red Bull,Beverage,Food & Beverage,Head,gabi.trinkfass@redbull.com,,http://www.linkedin.com/in/gabi-trinkfass-089279,new_enriched
Joanna,Intek,Joanna Intek,Head of Brand Marketing,Red Bull,Beverage,Food & Beverage,Head,joanna.intek@redbull.com,,http://www.linkedin.com/in/joannaintek,new_enriched
Tessa,Van Dijk,Tessa Van Dijk,Head of Brand Marketing,Red Bull,Beverage,Food & Beverage,Head,tessa.vandijk@redbull.com,,http://www.linkedin.com/in/tessa-van-dijk-8a659844,new_enriched
Adrien,Straumann,Adrien Straumann,Head of Brand Marketing,Red Bull,Beverage,Food & Beverage,Head,adrien.straumann@redbull.com,,http://www.linkedin.com/in/adrienstraumann,new_enriched
Taryn,Morrow,Taryn Morrow,Head of Brand Marketing,Red Bull,Beverage,Food & Beverage,Head,taryn.morrow@redbull.com,,http://www.linkedin.com/in/taryndredge,new_enriched
Leah,Macko,Leah Macko,"VP, Brand Marketing - Powerade",The Coca-Cola Company,Beverage Conglomerates,Food & Beverage,VP,lmacko@coca-cola.com,,http://www.linkedin.com/in/leah-macko,new_enriched
Matt,Overberg,Matt Overberg,"Director, Bud Light Sports Marketing & Sponsorships",Anheuser-Busch,Beverage,Food & Beverage,Director,matthew.overberg@anheuser-busch.com,,http://www.linkedin.com/in/mattoverberg,new_enriched
Whitney,Mullen,Whitney Mullen,"Brand Director, Casamigos Tequila",Diageo,Beverage Conglomerates,Food & Beverage,Director,whitney.mullen@diageo.com,,http://www.linkedin.com/in/whitneymullen1,new_enriched
Sarah,Monson,Sarah Monson,Director of Brand Marketing - Monaco,Molson Coors Beverage Company,Alt Sneaker & Comfort Footwear,Fashion & Apparel,Director,sarah.monson@molsoncoors.com,,http://www.linkedin.com/in/sarah-monson-8b1b4710,new_enriched
Anne,Pando,Anne Pando,"Senior Brand Marketing Director, Coors Light",Molson Coors Beverage Company,Alt Sneaker & Comfort Footwear,Fashion & Apparel,C-Suite,anne.pando@molsoncoors.com,,http://www.linkedin.com/in/anne-p-b6bb994,new_enriched
Peter,Sundry,Peter Sundry,"Director of Brand Marketing, RTS",Diageo,Beverage Conglomerates,Food & Beverage,Director,peter.sundry@diageo.com,,http://www.linkedin.com/in/peter-sundry,new_enriched
Casey,Romany,Casey Romany,"Senior Director of Sports Marketing, Global & Local",PepsiCo,Beverage Conglomerates,Food & Beverage,Director,casey.romany@pepsico.com,,http://www.linkedin.com/in/casey-romany-4b34a86,new_enriched
Melissa,Duhaime,Melissa Duhaime,"Director, Sports Marketing - NFL, MLB & NHL",PepsiCo,Beverage Conglomerates,Food & Beverage,Director,melissa.duhaime@pepsico.com,,http://www.linkedin.com/in/melissa-duhaime-4b97495,new_enriched
Sarah,Stewart,Sarah Stewart,Brand Marketing Director,PepsiCo,Beverage Conglomerates,Food & Beverage,Director,sarah.stewart@pepsico.com,,http://www.linkedin.com/in/sarahkstewart,new_enriched
Alanna,Bahri,Alanna Bahri,"Department Head, Experiential Marketing","BMW of North America, LLC",Art & Culture,Art & Culture,Other,alanna.bahri@bmwna.com,,http://www.linkedin.com/in/alanna-bahri-0242b7105,new_enriched
Erik,Thomas,Erik Thomas,"Director, Experiential Marketing",Hyundai Motor America,Auto OEMs,Auto & Mobility,Director,ethomas@hmausa.com,,http://www.linkedin.com/in/erik-thomas-15b9141,new_enriched
Annette,Feyh,Annette Feyh,Head of Brand Experience & Sports Marketing,Hyundai Motor Deutschland GmbH,Auto OEMs,Auto & Mobility,Head,annette.feyh@hyundai.de,,http://www.linkedin.com/in/annette-feyh-0616b274,new_enriched
Monique,Harrison,Monique Harrison,Head of Brand Marketing,Mercedes-Benz USA,Auto OEMs,Auto & Mobility,Head,monique.harrison@mbusa.com,,http://www.linkedin.com/in/monique-harrison-28173211a,new_enriched
Jay,Alexander,Jay Alexander,"Senior Product Guide (Experiential Marketing, Client Engagement, Cultural Partnerships, Sales)",Inner City Youth Orchestra of New York,Other Enterprise,Other,Other,jayalexander@rivian.com,,http://www.linkedin.com/in/jayalexander18,new_enriched
Gretchen,Sauer,Gretchen Sauer,"Director, Ford Pro N.A. Brand Marketing",Ford Motor Company,Auto OEMs,Auto & Mobility,Director,gsauer4@ford.com,,http://www.linkedin.com/in/gretchen-sauer-mba-45424244,new_enriched
Robby,Hukka,Robby Hukka,"Head of GM Brand Strategic Marketing, Experiential, Branded Entertainment & Media",General Motors,Auto OEMs,Auto & Mobility,Head,robby.hukka@gm.com,,http://www.linkedin.com/in/robbyhukka,new_enriched
Denise,Cherry,Denise Cherry,"VP, Marketing & Brand Experience",Rivian,Automotive,Auto & Mobility,VP,dcherry@rivian.com,,http://www.linkedin.com/in/denise-cherry,new_enriched
Michele,Lombardi,Michele Lombardi,VP & Global Head of Corporate Development and Strategic Partnerships,Ford Motor Company,Auto OEMs,Auto & Mobility,VP,michele.lombardi@ford.com,,http://www.linkedin.com/in/michele-g-lombardi,new_enriched
Michael,Manske,Michael Manske,"Chief Brand, Marketing & Communications Officer",Polestar,International EV Brands,Auto & Mobility,C-Suite,michael.manske@polestar.com,,http://www.linkedin.com/in/michael-m-manske,new_enriched
Jonathan,Williams,Jonathan Williams,Head of Marketing,Polestar,International EV Brands,Auto & Mobility,Head,jonathan.williams@polestar.com,,http://www.linkedin.com/in/jw182,new_enriched
Muhammed,Jassat,Muhammed Jassat,Head of Brand Marketing: Chevrolet and GMC,General Motors,Auto OEMs,Auto & Mobility,Head,muhammed.jassat@gm.com,,http://www.linkedin.com/in/mjassat,new_enriched
Natalie,Pascaretta,Natalie Pascaretta,Ford Brand and Nameplate Marketing Director,Ford Motor Company,Auto OEMs,Auto & Mobility,Director,npascare@ford.com,,http://www.linkedin.com/in/nataliepascaretta,new_enriched
Monica,Gorgas,Monica Gorgas,Director Lincoln Brand Marketing & Product Line Performance,Ford Motor Company,Auto OEMs,Auto & Mobility,Director,mgorgas@ford.com,,http://www.linkedin.com/in/monica-gorgas,new_enriched
Dana,Lowery,Dana Lowery,"Director, Brand Marketing - Loyalty and CRM",Mercedes-Benz USA,Auto OEMs,Auto & Mobility,Director,dana.lowery@mbusa.com,,http://www.linkedin.com/in/danalowery,new_enriched
Angela,Hwang,Angela Hwang,General Manager and Head of Experiential Marketing Operations,Hyundai Motor Company,Auto OEMs,Auto & Mobility,Head,angela@hyundai.com,,http://www.linkedin.com/in/angela-so-young-hwang-36227223,new_enriched
Bruna,Soares,Bruna Soares,"Director, Global Brand Partnerships",Ubisoft,Video Game Publishers,Gaming,Director,bruna.soares@ubisoft.com,,http://www.linkedin.com/in/bruna-soares-ba003037,new_enriched
Mark,Armstrong,Mark Armstrong,Global Brand Partnerships Lead,Electronic Arts (EA),Video Game Publishers,Gaming,Other,maarmstrong@ea.com,,http://www.linkedin.com/in/mark-armstrong-10681483,new_enriched
James,Huffman,James Huffman,"VP, Brand Partnerships",100 Thieves,eSports Organizations,Sports & Athletics,VP,jhuffman@100thieves.com,,http://www.linkedin.com/in/james-huffman-2b917192,new_enriched
Yaz,Jinnah,Yaz Jinnah,Director - Brand Partnerships and Licensing,Electronic Arts (EA),Video Game Publishers,Gaming,Director,yjinnah@ea.com,,http://www.linkedin.com/in/yazeenjinnah,new_enriched
Paige,Bonomi,Paige Bonomi,"Senior Manager, Global Brand Partnerships",Ubisoft,Video Game Publishers,Gaming,Manager,paige.bonomi@ubisoft.com,,http://www.linkedin.com/in/paigebonomi,new_enriched
Deepa,Sen,Deepa Sen,"Franchise Head of Marketing, Brand Partnerships Lead, Senior Director of Brand Management",Electronic Arts (EA),Video Game Publishers,Gaming,Head,dsen@ea.com,,http://www.linkedin.com/in/deepasen,new_enriched
Adam,Chun-Avila,Adam Chun-Avila,"Senior Manager, Marketing Partnerships",Nintendo,Gaming Hardware & Peripherals,Gaming,Manager,adamch02@noa.nintendo.com,,http://www.linkedin.com/in/adam-chun-avila-6014517,new_enriched
Magalie,Dubuc,Magalie Dubuc,"Manager, Experiential Marketing & Partnerships",Nintendo,Gaming Hardware & Peripherals,Gaming,Manager,magalie.dubuc@noa.nintendo.com,,http://www.linkedin.com/in/magalie-fortin-dubuc,new_enriched
Jesse,Wylde,Jesse Wylde,Head of Global Music Marketing & Partnerships,Riot Games,Video Game Publishers,Gaming,Head,jwylde@riotgames.com,,http://www.linkedin.com/in/jessewylde,new_enriched
Jackie,Trinh,Jackie Trinh,Sr. Marketing Partnerships Lead,Nintendo,Gaming Hardware & Peripherals,Gaming,Other,jacktr03@noa.nintendo.com,,http://www.linkedin.com/in/jackieqtrinh,new_enriched
Sam,Legassick,Sam Legassick,"Head of Creative, Brand Partnerships Studio @ Twitch (Amazon)",Twitch,Creator Economy Platforms,Creator & Learning,Head,sllegas@twitch.tv,,http://www.linkedin.com/in/samlegassick,new_enriched
Jacob,Applebaum,Jacob Applebaum,Partnerships Manager,"Cloud9 Esports, Inc.",eSports Organizations,Sports & Athletics,Manager,jacob.applebaum@cloud9.gg,,http://www.linkedin.com/in/jacobapplebaum,new_enriched
Diego,Solla,Diego Solla,Sponsorship and Sales Manager,Team Liquid,eSports Organizations,Sports & Athletics,Manager,dsolla@teamliquid.com,,http://www.linkedin.com/in/diegoasolla,new_enriched
Thom,Valks,Thom Valks,Senior Sales & Partnerships Manager,Team Liquid,eSports Organizations,Sports & Athletics,Manager,tvalks@teamliquid.com,,http://www.linkedin.com/in/thom-valks-%e6%96%b9%e9%9f%9c%e7%9d%bf-6b722b6a,new_enriched
Desmond,Wong,Desmond Wong,Marketing Manager,"Cloud9 Esports, Inc.",eSports Organizations,Sports & Athletics,Manager,desmond.wong@cloud9.gg,,http://www.linkedin.com/in/desmond-w,new_enriched
Pepijn,Luijkx,Pepijn Luijkx,Partnerships Manager EMEA,Team Liquid,eSports Organizations,Sports & Athletics,Manager,pluijkx@teamliquid.com,,http://www.linkedin.com/in/pepijnluijkx,new_enriched
Dani,Elwell,Dani Elwell,"Insights Manager, Advertising & Sponsorships",Electronic Arts (EA),Video Game Publishers,Gaming,Manager,delwell@ea.com,,http://www.linkedin.com/in/dani-rose-elwell,new_enriched
Mike,Kolodzinski,Mike Kolodzinski,"General Manager, Marketing APAC",Ubisoft,Video Game Publishers,Gaming,Manager,mike.kolodzinski@ubisoft.com,,http://www.linkedin.com/in/mike-kolodzinski,new_enriched
Eujin,Oh,Eujin Oh,Marketing Manager,Epic Games,Video Game Publishers,Gaming,Manager,eujin.oh@epicgames.com,,http://www.linkedin.com/in/eujinoh,new_enriched
Mark,Bambury,Mark Bambury,"Senior Director, Global Brand Partnerships",Roblox,Video Game Publishers,Gaming,Director,mbambury@roblox.com,,http://www.linkedin.com/in/markbam,new_enriched
Maruschka,Loubser,Maruschka Loubser,Director - Brand Marketing and Partnerships,Microsoft,Enterprise SaaS Giants,Tech & SaaS,Director,mloubser@microsoft.com,,http://www.linkedin.com/in/maruschkaloubser,new_enriched
Magno,Herran,Magno Herran,VP Global Brand Marketing and Partnerships,Netflix,Streaming Platforms,Media & Publishing,VP,mherran@netflix.com,,http://www.linkedin.com/in/magno-herran-b952ab14,new_enriched
Jenn,Ott,Jenn Ott,Head of Brand Partnerships & Intl Marketing,"Reddit, Inc.",Social Media Platforms,Media & Publishing,Head,jenn.ott@reddit.com,,http://www.linkedin.com/in/jennott,new_enriched
Tamsin,Howard,Tamsin Howard,"Head of Digital Marketing and Brand Partnerships, Amazon",Amazon,Other Enterprise,Other,Head,thoward@amazon.com,,http://www.linkedin.com/in/tamsin-boardman-howard-85ab5913,new_enriched
Danielle,Notaro,Danielle Notaro,"Head of Marketing Brand Partnerships, Media & Executive Events",Google,Tech Giants,Tech & SaaS,Head,daniellenotaro@google.com,,http://www.linkedin.com/in/danielleungari,new_enriched
Katy,Cooney,Katy Cooney,Head of Experiential Marketing,Meta,Tech Giants,Tech & SaaS,Head,katycooney@meta.com,,http://www.linkedin.com/in/katycooney,new_enriched
Assad,Ali,Assad Ali,"Principal, Brand Partnerships",TikTok,Social Media Platforms,Media & Publishing,Other,assad.ali@tiktok.com,,http://www.linkedin.com/in/assad-ali,new_enriched
Natalie,Davis,Natalie Davis,Head of Brand Partnerships,Microsoft Advertising,Enterprise SaaS Giants,Tech & SaaS,Head,natalied@microsoft.com,,http://www.linkedin.com/in/natalie-davis-211b8a6,new_enriched
Jason,Wachter,Jason Wachter,"Director, Head of Global Brand Partnerships & Marketing, Meta | Reality Labs",Meta,Tech Giants,Tech & SaaS,Head,wachter@meta.com,,http://www.linkedin.com/in/jasonwachter,new_enriched
Joanne,Blacker,Joanne Blacker,"Head of Experiential Marketing, EMEA",Meta,Tech Giants,Tech & SaaS,Head,jblacker@meta.com,,http://www.linkedin.com/in/joanne-blacker-343528178,new_enriched
Fernanda,Guimaraes,Fernanda Guimaraes,"Brand Partnerships Director, Latam",Netflix,Streaming Platforms,Media & Publishing,Director,fguimaraes@netflix.com,,http://www.linkedin.com/in/fernandaguimaraes,new_enriched
Luke,Southern,Luke Southern,"Brand Partnerships Director, EMEA",Netflix,Streaming Platforms,Media & Publishing,Director,lsouthern@netflix.com,,http://www.linkedin.com/in/luke-southern-3630a67,new_enriched
Amy,McDevitt,Amy McDevitt,Head of Sports Brand Partnerships,Amazon,Other Enterprise,Other,Head,mcdeviam@amazon.com,,http://www.linkedin.com/in/mcdevittamy,new_enriched
Richard,Garbett,Richard Garbett,Global Head of Brand Partnerships,TikTok,Social Media Platforms,Media & Publishing,Head,richard.garbett@tiktok.com,,http://www.linkedin.com/in/rgarbett,new_enriched
Adam,Hodge,Adam Hodge,Head of Brand Partnerships - ANZ,Netflix,Streaming Platforms,Media & Publishing,Head,ahodge@netflix.com,,http://www.linkedin.com/in/adamhodgeaustralia,new_enriched
Alec,Brinegar,Alec Brinegar,Head of Emerging Brand Partnerships | Brand Innovation Lab | US,Amazon,Other Enterprise,Other,Head,alecbr@amazon.com,,http://www.linkedin.com/in/alecbrinegar,new_enriched
Kenny,Adegbulu,Kenny Adegbulu,"Head of Brand Partnerships, Beauty",TikTok,Social Media Platforms,Media & Publishing,Head,kenny.adegbulu@bytedance.com,,http://www.linkedin.com/in/kenny-adegbulu,new_enriched
Alvis,Neo,Alvis Neo,"Head of Brand Partnerships, Services",TikTok,Social Media Platforms,Media & Publishing,Head,alvis.neo@tiktok.com,,http://www.linkedin.com/in/alvisneo,new_enriched
Sam,Branson,Sam Branson,"Principal, Corporate Partnerships, GenAI",Adobe,Enterprise SaaS Giants,Tech & SaaS,Other,sbranson@adobe.com,,http://www.linkedin.com/in/sambranson,new_enriched
Jennifer,Szeto,Jennifer Szeto,Global Head of Corporate Partnerships,Adobe,Enterprise SaaS Giants,Tech & SaaS,Head,szeto@adobe.com,,http://www.linkedin.com/in/jenniferparkszeto,new_enriched
Elissa,Levine,Elissa Levine,"Principal, Corporate Partnerships, GenAI",Adobe,Enterprise SaaS Giants,Tech & SaaS,Other,elevine@adobe.com,,http://www.linkedin.com/in/levineelissa,new_enriched
Efe,Beserler,Efe Beserler,Head of Marketing Partnerships,Netflix,Streaming Platforms,Media & Publishing,Head,ebeserler@netflix.com,,http://www.linkedin.com/in/efebeserler,new_enriched
Rami,Obaly,Rami Obaly,Head of Brand Marketing,Samsung Electronics,Consumer Electronics Giants,Tech & SaaS,Head,rami.o@samsung.com,,http://www.linkedin.com/in/ramii,new_enriched
Christopher,Watters,Christopher Watters,"Director, Experiential Marketing, Noram & Latam",Meta,Tech Giants,Tech & SaaS,Director,cwatters@fb.com,,http://www.linkedin.com/in/christopher-watters,new_enriched
Ashrita,Seshadri,Ashrita Seshadri,Head of Brand Marketing,Samsung Electronics,Consumer Electronics Giants,Tech & SaaS,Head,ashrita.s@samsung.com,,http://www.linkedin.com/in/ashrita-seshadri-02347168,new_enriched
Dong,Chen,Dong Chen,Head of Brand Marketing,"Reddit, Inc.",Social Media Platforms,Media & Publishing,Head,dong.chen@reddit.com,,http://www.linkedin.com/in/dong-chen-a920871a,new_enriched
Amy,Mbagwu-Bagolini,Amy Mbagwu-Bagolini,Head of Streaming TV & Brand Partnerships,Amazon,Other Enterprise,Other,Head,amy.m@amazon.com,,http://www.linkedin.com/in/amymbagwu,new_enriched
Martin,Rose,Martin Rose,"Head of Creative, Global Brand & Partnerships",Netflix,Streaming Platforms,Media & Publishing,Head,martinr@netflix.com,,http://www.linkedin.com/in/martinjrose,new_enriched
Michael,Whitten,Michael Whitten,"Director, Brand Marketing",Pinterest,Social Media Platforms,Media & Publishing,Director,mwhitten@pinterest.com,,http://www.linkedin.com/in/michaelwhitten,new_enriched
Jess,Gianattasio,Jess Gianattasio,Global Strategic Brand Partnerships Director,TikTok,Social Media Platforms,Media & Publishing,Director,jess.gianattasio@tiktok.com,,http://www.linkedin.com/in/jgianattasio,new_enriched
Olivier,Berton,Olivier Berton,Head of EU Creator Brand Partnerships,Amazon,Other Enterprise,Other,Head,bertono@amazon.com,,http://www.linkedin.com/in/oberton,new_enriched
Cecelia,Cox,Cecelia Cox,"Director, Brand Marketing",Google,Tech Giants,Tech & SaaS,Director,cecelias@google.com,,http://www.linkedin.com/in/cecelia-cox-0b4b4a6,new_enriched
Hugo,Adair,Hugo Adair,"Head of Brand Partnerships, Prime Video",Amazon,Other Enterprise,Other,Head,hugoada@amazon.com,,http://www.linkedin.com/in/hugoadair,new_enriched
Suzy,Nager,Suzy Nager,"Head of Brand Partnerships, Shopbop + Zappos",Amazon,Other Enterprise,Other,Head,suzyn@amazon.com,,http://www.linkedin.com/in/suzy-nager-15634827,new_enriched
Elizabeth,Duswalt,Elizabeth Duswalt,Global Strategic Brand Partnerships Director,TikTok,Social Media Platforms,Media & Publishing,Director,elizabeth.duswalt@tiktok.com,,http://www.linkedin.com/in/elizabeth-duswalt-7024b188,new_enriched
Zach,Pentel,Zach Pentel,Head of Corp. Brand Marketing,Adobe,Enterprise SaaS Giants,Tech & SaaS,Head,zpentel@adobe.com,,http://www.linkedin.com/in/zachpentel,new_enriched
Harley,Ilott,Harley Ilott,Head of Global Brand Marketing,Snap Inc.,Social Media Platforms,Media & Publishing,Head,hilott@snapchat.com,,http://www.linkedin.com/in/harley-ilott-49ba1732,new_enriched
John,Travis,John Travis,VP Brand Marketing,Adobe,Enterprise SaaS Giants,Tech & SaaS,VP,johnt@adobe.com,,http://www.linkedin.com/in/john-travis-3047944,new_enriched
Khaleel,Gonzalez,Khaleel Gonzalez,"Head of Emerging Brand Partnerships, Mid Market",Snap Inc.,Social Media Platforms,Media & Publishing,Head,lropergonzalez@snapchat.com,,http://www.linkedin.com/in/khaleelgonzalez,new_enriched
Elayne,Recupero,Elayne Recupero,Corporate Sponsorship Director,Adobe,Enterprise SaaS Giants,Tech & SaaS,Director,recupero@adobe.com,,http://www.linkedin.com/in/elayne-brink-recupero-568b9a7,new_enriched
Quinnie,Jenkins,Quinnie Jenkins,Director of Sponsorships,Delta Air Lines,Airlines,Travel & Hospitality,Director,quinnie.jenkins@delta.com,,http://www.linkedin.com/in/quinnie-jenkins-a2a9787,new_enriched
Kris-Ann,Bulger,Kris-Ann Bulger,Head of Agency & Brand Partnerships,United Airlines,Airlines,Travel & Hospitality,Head,kris-ann.bulger@united.com,,http://www.linkedin.com/in/krisannpanzella,new_enriched
Jennifer,Entenman,Jennifer Entenman,"Managing Director, Global Sponsorships",United Airlines,Airlines,Travel & Hospitality,Director,jennifer.entenman@united.com,,http://www.linkedin.com/in/jennifer-entenman-109bb357,new_enriched
Marica,Attorresi,Marica Attorresi,Head of Marketing Emirates SkyCargo,Emirates,Airlines,Travel & Hospitality,Head,marica.attorresi@emirates.com,,http://www.linkedin.com/in/maricaattorresi,new_enriched
Angela,Gow,Angela Gow,Marketing Director,JetBlue,Airlines,Travel & Hospitality,Director,angela.gow@jetblue.com,,http://www.linkedin.com/in/angelagow,new_enriched
Alex,Judson,Alex Judson,"Director, Alliances & Partnerships",Alaska Airlines,Airlines/Travel,Travel & Hospitality,Director,alex.judson@alaskaair.com,,http://www.linkedin.com/in/alexjudson,new_enriched
Cheryl,Huckabay,Cheryl Huckabay,Director of Marketing,Southwest Airlines,Airlines,Travel & Hospitality,Director,cheryl.huckabay@wnco.com,,http://www.linkedin.com/in/cheryl-huckabay,new_enriched
Alex,Smith,Alex Smith,"Director, Commercial Partnership Marketing",Delta Air Lines,Airlines,Travel & Hospitality,Director,alexandra.schieken@delta.com,,http://www.linkedin.com/in/alexschieken,new_enriched
Daniel,Ketchel,Daniel Ketchel,"Director - Corporate Innovation, Partnerships and Performance",Wheels Up,Private Aviation,Travel & Hospitality,Director,daniel.ketchel+arrivalist@delta.com,,http://www.linkedin.com/in/daniel-ketchel-53043185,new_enriched
Esterlyn,Coleman,Esterlyn Coleman,"Director, Cargo Revenue Management & Marketing",Southwest Airlines,Airlines,Travel & Hospitality,Director,esterlyn.coleman@wnco.com,,http://www.linkedin.com/in/esterlyn-coleman-964255a3,new_enriched
Audrey,Todd,Audrey Todd,"Director, Marketing Partnerships",Marriott International,Hotel Chains,Travel & Hospitality,Director,audrey.todd@marriott.com,,http://www.linkedin.com/in/audrey-todd-4196a88b,new_enriched
Kathryn,Rhodes,Kathryn Rhodes,"Marketing Director - Enterprise, Brand and Partnerships APAC",Hilton,Hotel Chains,Travel & Hospitality,Director,kathryn.rhodes@hilton.com,,http://www.linkedin.com/in/kathryn-rhodes-6b461125,new_enriched
Jill,Neilson,Jill Neilson,"Vice President, Head of Co-Brand & Global American Express Partnerships",Hilton,Hotel Chains,Travel & Hospitality,C-Suite,jill.neilson@hilton.com,,http://www.linkedin.com/in/jill-neilson,new_enriched
Beatriz,Fuentes,Beatriz Fuentes,"Senior Director, Loyalty, Partnerships and Brand Marketing, Caribbean & Latin America",Marriott International,Hotel Chains,Travel & Hospitality,Director,beatriz.fuentes@marriott.com,,http://www.linkedin.com/in/beatriz-fuentes,new_enriched
Shannon,Sumrall,Shannon Sumrall,"Director of Brand Management & Partnerships, Gaylord Hotels",Marriott International,Hotel Chains,Travel & Hospitality,Director,shannon.sumrall@marriott.com,,http://www.linkedin.com/in/shannonrsumrall,new_enriched
John,Clayman,John Clayman,"Director, Global Sponsorships & Partnerships | EMEA",Marriott International,Hotel Chains,Travel & Hospitality,Director,john.clayman@marriott.com,,http://www.linkedin.com/in/johnclayman,new_enriched
Rachael,Pfeffer,Rachael Pfeffer,"Senior Director, Corporate Events & Sponsorships",Choice Hotels International,Hotel Chains,Travel & Hospitality,Director,rachael_pfeffer@choicehotels.com,,http://www.linkedin.com/in/rachael-pfeffer-367bb86,new_enriched
Oliver,Whyman,Oliver Whyman,Director Global Co-Brand Cards & Financial Partnerships,IHG Hotels & Resorts,Hotel Chains,Travel & Hospitality,Director,oliver.whyman@ihg.com,,http://www.linkedin.com/in/oliver-whyman-05111978,new_enriched
Donna,Chan,Donna Chan,"Director, Global Marketing Partnerships & Marriott Bonvoy Moments",Marriott International,Hotel Chains,Travel & Hospitality,Director,donna.chan@marriott.com,,http://www.linkedin.com/in/donnamchan,new_enriched
Mindy,Li,Mindy Li,"Director, Experience Partnerships (Greater China) & Portfolio Marketing (HK / Macau / Taiwan)",Marriott International,Hotel Chains,Travel & Hospitality,Director,mindy.li@marriott.com,,http://www.linkedin.com/in/mindy-liqi,new_enriched
Sean,Brennan,Sean Brennan,"Director, Owner & Partner Relations Franchise Academy",Marriott International,Hotel Chains,Travel & Hospitality,Director,sean.brennan@marriott.com,,http://www.linkedin.com/in/sean-brennan-37773246,new_enriched
Virginie,Liddawi,Virginie Liddawi,"Sn Director Marketing EMEA, Marriott Bonvoy - Brands & Portfolio, Loyalty & Sponsorships",Marriott International,Hotel Chains,Travel & Hospitality,Director,virginie.liddawi@marriott.com,,http://www.linkedin.com/in/virginieliddawi,new_enriched
Tim,Thompson,Tim Thompson,"Director, Public Relations and Marketing - Alaska",Alaska Airlines,Airlines/Travel,Travel & Hospitality,Director,tim.thompson@alaskaair.com,,http://www.linkedin.com/in/timrthompson,new_enriched
Liz,Kozak,Liz Kozak,"Lead Copywriter, Brand Marketing, Global Advertising + Social Media",United Airlines,Airlines,Travel & Hospitality,Manager,liz.kozak@united.com,,http://www.linkedin.com/in/lizkozak,new_enriched
Eliza,Howe,Eliza Howe,"Director, Entertainment Experiences & Partnerships",American Express,Financial Services Giants,Finance & Fintech,Director,eliza.howe@aexp.com,,http://www.linkedin.com/in/elizahowe,new_enriched
Rhian,Croucher,Rhian Croucher,"Global Director, Brand PR, Influence & Partnerships (Bacardi Rum + Bombay Sapphire)",Bacardi,Beverage,Food & Beverage,Director,rcroucher@bacardi.com,,http://www.linkedin.com/in/rhian-croucher-6856a81b,new_enriched
Allie,Bostwick,Allie Bostwick,"Senior Director - Global PR, Influence & Brand Partnerships",Bacardi,Beverage,Food & Beverage,Director,abostwick@bacardi.com,,http://www.linkedin.com/in/alliebostwick,new_enriched
Heather,Woodard,Heather Woodard,"Director, Brand Partnerships & Experiences - Brand, Content & Culture Marketing",McDonald's,QSR/Restaurants,Food & Beverage,Director,heather.woodard@za.mcd.com,,http://www.linkedin.com/in/heatherwoodard80,new_enriched
Van,Lu,Van Lu,"Director, Partnerships",Starbucks,Beverage,Food & Beverage,Director,valu@starbucks.com,,http://www.linkedin.com/in/vanmylu,new_enriched
Krissy,Gorsuch,Krissy Gorsuch,"Director, Sponsorships",USAA,Insurance Carriers (Auto/Home/Life),Finance & Fintech,Director,krissy.gorsuch@usaa.com,,http://www.linkedin.com/in/krissy-gorsuch-6a78695,new_enriched
Madison,Smith,Madison Smith,"Director, Marketing & Sponsorships",Liberty Mutual Insurance,Insurance Carriers (Auto/Home/Life),Finance & Fintech,Director,madison.smith@libertymutual.com,,http://www.linkedin.com/in/madisonsmith,new_enriched
Jillian,Murillo,Jillian Murillo,Director of Corporate Sponsorships & Activation,Prudential Financial,Insurance Carriers (Auto/Home/Life),Finance & Fintech,Director,jillian.murillo@prudential.com,,http://www.linkedin.com/in/jillian-murillo-drucker-5a431128,new_enriched
Thaddeus,Figueroa,Thaddeus Figueroa,"Director, Military Relationships and Sponsorships",USAA,Insurance Carriers (Auto/Home/Life),Finance & Fintech,Director,thaddeus.figueroa@usaa.com,,http://www.linkedin.com/in/thaddeus-figueroa-00433044,new_enriched
Yvette,Davis,Yvette Davis,Director of Corporate Sponsorships & Activation,Prudential Financial,Insurance Carriers (Auto/Home/Life),Finance & Fintech,Director,yvette.davis@prudential.com,,http://www.linkedin.com/in/yvette-davis-0a39a3176,new_enriched
Alyson,Griffin,Alyson Griffin,"Head of Marketing, State Farm",State Farm ®,Insurance Carriers (Auto/Home/Life),Finance & Fintech,Head,alyson.griffin.vabwv4@statefarm.com,,http://www.linkedin.com/in/alyson-griffin,new_enriched
Baldwin,Cunningham,Baldwin Cunningham,"Director, Media and Partnerships",State Farm,Insurance Carriers (Auto/Home/Life),Finance & Fintech,Director,baldwin.cunningham.vad3q6@statefarm.com,,http://www.linkedin.com/in/baldwincunningham,new_enriched
Kevin,Capra,Kevin Capra,"Director, Strategic Partnerships",USAA,Insurance Carriers (Auto/Home/Life),Finance & Fintech,Director,kevin.capra@usaa.com,,http://www.linkedin.com/in/kevin-s-capra,new_enriched
Jon,Pacheco,Jon Pacheco,Director Marketing and New Business Development,Allstate,Insurance Carriers (Auto/Home/Life),Finance & Fintech,Director,jpacheco@allstate.com,,http://www.linkedin.com/in/jon-pacheco-33663417,new_enriched
Derek,Meyer,Derek Meyer,"Director, Business Development & Partnerships - Allstate Roadside",Allstate,Insurance Carriers (Auto/Home/Life),Finance & Fintech,Director,dmeyer@allstate.ca,,http://www.linkedin.com/in/derek-meyer-az,new_enriched
Jennifer,Campbell,Jennifer Campbell,"Director, Strategic Partnerships",Liberty Mutual Insurance,Insurance Carriers (Auto/Home/Life),Finance & Fintech,Director,jenniferl.campbell@libertymutual.com,,http://www.linkedin.com/in/jennifer-campbell-crm-cic-a87a978,new_enriched
Nate,Somers,Nate Somers,"Director, Pentagon and Vso/mso Partnerships & Policy",USAA,Insurance Carriers (Auto/Home/Life),Finance & Fintech,Director,nate.somers@usaa.com,,http://www.linkedin.com/in/nate-somers-37075b61,new_enriched
Megan,Nalley,Megan Nalley,"Director, National Partnerships",Liberty Mutual Insurance,Insurance Carriers (Auto/Home/Life),Finance & Fintech,Director,megan.nalley@libertymutual.com,,http://www.linkedin.com/in/megan-nalley-cpcu-ab0144a,new_enriched
Brianne,Ogilvie,Brianne Ogilvie,VA Partnerships & Policy Director,USAA,Insurance Carriers (Auto/Home/Life),Finance & Fintech,Director,brianne.ogilvie@usaa.com,,http://www.linkedin.com/in/brianne-ogilvie-84b3b4137,new_enriched
Jesse,Habich,Jesse Habich,"Director, Strategic Partnerships",Liberty Mutual Insurance,Insurance Carriers (Auto/Home/Life),Finance & Fintech,Director,jesse.habich@libertymutual.com,,http://www.linkedin.com/in/jesse-habich,new_enriched
Andrew,Gilzow,Andrew Gilzow,"Director, Strategic Partnerships",Farmers Insurance,Insurance Carriers (Auto/Home/Life),Finance & Fintech,Director,andrew.gilzow@farmersinsurance.com,,http://www.linkedin.com/in/andrewgilzow,new_enriched
Kirsten,Deborde,Kirsten Deborde,"Director, Strategic Partnerships",Prudential Financial,Insurance Carriers (Auto/Home/Life),Finance & Fintech,Director,kirsten.deborde@prudential.com,,http://www.linkedin.com/in/kirstendeborde,new_enriched
Audra,Shields,Audra Shields,Talent Marketing Director,Liberty Mutual Insurance,Insurance Carriers (Auto/Home/Life),Finance & Fintech,Director,audra.shields@libertymutual.com,,http://www.linkedin.com/in/audrashields,new_enriched
Andrea,Costello,Andrea Costello,Director Brand Partnerships,Comcast,Consumer Telecom Giants,Telecom & Connectivity,Director,andrea_costello@comcast.com,,http://www.linkedin.com/in/andreakcostello,new_enriched
Jess,Moriarty,Jess Moriarty,"Director, Marketing Partnerships",T-Mobile,Consumer Telecom Giants,Telecom & Connectivity,Director,jessica.moriarty2@t-mobile.com,,http://www.linkedin.com/in/jess-moriarty-14370313,new_enriched
Jessica,Muir,Jessica Muir,"Executive Director, Brand Partnerships and Engagement",Comcast,Consumer Telecom Giants,Telecom & Connectivity,Director,jessica_muir@comcast.com,,http://www.linkedin.com/in/jessicasmith2,new_enriched
Andrea,Wilson,Andrea Wilson,"Director, Sponsorships & Experiential Marketing",AT&T,Consumer Telecom Giants,Telecom & Connectivity,Director,aw580z@att.com,,http://www.linkedin.com/in/andreawilson,new_enriched
Ethan,Alkon,Ethan Alkon,"Associate Director, Sponsorships & Partnerships",Verizon,Consumer Telecom Giants,Telecom & Connectivity,Director,ethan.alkon@verizon.com,,http://www.linkedin.com/in/ethanalkon,new_enriched
Christine,Cage,Christine Cage,Lead Manager (Associate Director) Sponsorships and Experiential Marketing,AT&T,Consumer Telecom Giants,Telecom & Connectivity,Director,cc5178@att.com,,http://www.linkedin.com/in/christine-cage,new_enriched
Cherian,Thomas,Cherian Thomas,Head of Global Brand Partnerships,T-Mobile,Consumer Telecom Giants,Telecom & Connectivity,Head,cherian.thomas@t-mobile.com,,http://www.linkedin.com/in/cherian-thomas-9099aa10b,new_enriched
Rachel,Prowler,Rachel Prowler,"Sr. Director Brand Sponsorships & Experiential, Comcast Business",Comcast,Consumer Telecom Giants,Telecom & Connectivity,Director,rachel_prowler@comcast.com,,http://www.linkedin.com/in/rachel-prowler,new_enriched
Harish,Gandhi,Harish Gandhi,"Sr. Director – Product Management, Marketing & Strategy | Revenue | Biz Incubation | Partnerships",Verizon,Consumer Telecom Giants,Telecom & Connectivity,Director,harish.gandhi@verizon.com,,http://www.linkedin.com/in/harishgandhi,new_enriched
Ryan,Adler,Ryan Adler,Marketing Director,Verizon,Consumer Telecom Giants,Telecom & Connectivity,Director,ryan.adler@verizonwireless.com,,http://www.linkedin.com/in/ryanadler94,new_enriched
Roxanne,Pavee,Roxanne Pavee,"Sr. Director, Head of Brand Partnerships and Experiential",Alo Yoga,Athleisure & Yoga Apparel,Fashion & Apparel,Head,roxanne.pavee@aloyoga.com,,http://www.linkedin.com/in/roxanne-pav%c3%a9e-68375668,new_enriched
Chelsea,Green,Chelsea Green,"Director, Retail Marketing & Partnerships",Fabletics,Other Enterprise,Other,Director,clevy@fabletics.com,,http://www.linkedin.com/in/chelsealevy,new_enriched
Justin,Rufen-Blanchette,Justin Rufen-Blanchette,"Senior Director, Partnerships Marketing",Peloton Interactive,Alt Sneaker & Comfort Footwear,Fashion & Apparel,Director,justin.rufen-blanchette@onepeloton.com,,http://www.linkedin.com/in/justin-rufen-blanchette,new_enriched
Calum,Watson,Calum Watson,Brand Marketing Director,Gymshark,Fast Fashion DTC,Fashion & Apparel,Director,c.watson@gymshark.com,,http://www.linkedin.com/in/calumwatson1,new_enriched
Courtney,Rose,Courtney Rose,Director of Channel + Community Marketing,Vuori,Athleisure & Yoga Apparel,Fashion & Apparel,Director,crose@vuoriclothing.com,,http://www.linkedin.com/in/courtneydeerose199121,new_enriched
Macy,Fuquay,Macy Fuquay,Director of Influencer Marketing,ALO,Other Enterprise,Other,Director,macy.fuquay@aloyoga.com,,http://www.linkedin.com/in/macyfuquay,new_enriched
Isabella,Miller,Isabella Miller,Director of Partnerships,"Sonos, Inc.",Audio Equipment Brands,Music & Live,Director,isabella.miller@sonospro.io,,http://www.linkedin.com/in/isabella-miller-9a56341a4,new_enriched
David,Robb,David Robb,"Director, Marketing","Sonos, Inc.",Audio Equipment Brands,Music & Live,Director,david.robb@sonos.com,,http://www.linkedin.com/in/dprobb,new_enriched
Scott,Davis,Scott Davis,Director of Luxury Strategy & Marketing (McIntosh & Sonus Faber),Bose Corporation,Audio Equipment Brands,Music & Live,Director,scott_davis@bose.com,,http://www.linkedin.com/in/scottbryandavis,new_enriched
Gabriel,Costa,Gabriel Costa,Head of Marketing,Logitech,Consumer Electronics Peripherals,Tech & SaaS,Head,gcosta@logitech.com,,http://www.linkedin.com/in/gabrielangelocosta,new_enriched
David,Price,David Price,"Director, Brand Partnerships",Instacart,Ride Share & Delivery,Auto & Mobility,Director,david.price@instacart.com,,http://www.linkedin.com/in/davidstevenprice,new_enriched
Courtney,Wright,Courtney Wright,Director of Brand Partnerships and Experiences,Shipt,Other Enterprise,Other,Director,courtney@shipt.com,,http://www.linkedin.com/in/courtney-crew-wright-373b5637,new_enriched
Morgan,O'Hara,Morgan O'Hara,"Sr. Director, Brand Partnerships",Instacart,Ride Share & Delivery,Auto & Mobility,Director,morgan.ohara@instacart.com,,http://www.linkedin.com/in/morgan-o-hara-1014091,new_enriched
Nate,Christenson,Nate Christenson,"Director - Brand Partnerships, Strategic Sales",Instacart,Ride Share & Delivery,Auto & Mobility,Director,nate.christenson@instacart.com,,http://www.linkedin.com/in/nchristenson,new_enriched
Katie,Lazarus,Katie Lazarus,Director of Partnerships & Loyalty Marketing,Lyft,Ride Share & Delivery,Auto & Mobility,Director,klazarus@lyft.com,,http://www.linkedin.com/in/katielazarus,new_enriched
Dean,Hayward,Dean Hayward,"Director, Sales - Brand Partnerships Canada",Instacart,Ride Share & Delivery,Auto & Mobility,Director,dean.hayward@instacart.com,,http://www.linkedin.com/in/deanhayward,new_enriched
Ariel,Gambardella,Ariel Gambardella,"Head of Global Brand Partnerships, Events & Hospitality",DoorDash,Ride Share & Delivery,Auto & Mobility,Head,ariel.gambardella@doordash.com,,http://www.linkedin.com/in/arielgaylinn,new_enriched
Nicolas,Holland,Nicolas Holland,"Partnership Director, Grubhub OnSite",Grubhub,Ride Share & Delivery,Auto & Mobility,Director,nholland@grubhub.com,,http://www.linkedin.com/in/nicolasholland,new_enriched
George,Davey,George Davey,"Director, Partnerships & Hospitality",Grubhub,Ride Share & Delivery,Auto & Mobility,Director,gdavey@grubhub.com,,http://www.linkedin.com/in/george-davey-4567325a,new_enriched
Chris,Andrews,Chris Andrews,Director of Brand Experience & Partnerships,Molson Coors Beverage Company,Alt Sneaker & Comfort Footwear,Fashion & Apparel,Director,chris.andrews@molsoncoors.com,,http://www.linkedin.com/in/chrisandrews84,new_enriched
Sean,Kerry,Sean Kerry,"Global Vice President - On Trade, Strategic Partnerships and Brand Homes",Bacardi,Beverage,Food & Beverage,C-Suite,skerry@bacardi.com,,http://www.linkedin.com/in/sean-kerry-71359ab,new_enriched
Cassandra,Burberg,Cassandra Burberg,Sponsorship Director,The HEINEKEN Company,Other Enterprise,Other,Director,cassandra.burberg@heineken.com,,http://www.linkedin.com/in/cassandra-burberg-83561835,new_enriched
Halie,Mohr,Halie Mohr,"Sr. Director, Marketing Phorm Energy",Anheuser-Busch,Beverage,Food & Beverage,Director,halie.mohr@anheuser-busch.com,,http://www.linkedin.com/in/halie-mohr-91877926,new_enriched
Lindsey,Skjodt,Lindsey Skjodt,"Director, North America Marketing Strategy",Beam Suntory,Beverage,Food & Beverage,Director,lindsey.skjodt@beamsuntory.com,,http://www.linkedin.com/in/lindsey-skjodt-39699420,new_enriched
Ari,Anderman,Ari Anderman,"Marketing Director, Don Julio Tequila",Diageo,Beverage Conglomerates,Food & Beverage,Director,ari.anderman@diageo.com,,http://www.linkedin.com/in/arianderman,new_enriched
Igor,Oliveira,Igor Oliveira,Marketing Director - Heineken® Brand,The HEINEKEN Company,Other Enterprise,Other,Director,igor.decastro@heineken.com,,http://www.linkedin.com/in/igordecastrooliveira,new_enriched
Eric,Kouri,Eric Kouri,Marketing Director – Molson TM & Economy,Molson Coors Beverage Company,Alt Sneaker & Comfort Footwear,Fashion & Apparel,Director,eric.kouri@molsoncoors.com,,http://www.linkedin.com/in/eric-kouri-91616286,new_enriched
Amanda,Betti,Amanda Betti,Director of Brand & Partnerships,American Express,Financial Services Giants,Finance & Fintech,Director,amanda.betti@aexp.com,,http://www.linkedin.com/in/amanda-e-betti,new_enriched
Lisa,Tilstone,Lisa Tilstone,Brand Marketing & Partnerships Director,American Express,Financial Services Giants,Finance & Fintech,Director,lisa.tilstone2@aexp.com,,http://www.linkedin.com/in/lisa-tilstone-2282934,new_enriched
Brandon,Crawford,Brandon Crawford,"Group Creative Director, Brand Partnerships",Capital One,Financial Services Giants,Finance & Fintech,Director,brandon.crawford@capitalone.com,,http://www.linkedin.com/in/brandonccrawford,new_enriched
Katie,Schwartz,Katie Schwartz,"Head of Product, Co-Brand Partnerships (VP)",Capital One,Financial Services Giants,Finance & Fintech,Head,katie.schwartz@capitalone.com,,http://www.linkedin.com/in/katie-schwartz-1541147,new_enriched
Will,Tower,Will Tower,"Director, Marketing Partnerships, Global Client Group - Travel, Retail & B2B",American Express,Financial Services Giants,Finance & Fintech,Director,william.n.tower@aexp.com,,http://www.linkedin.com/in/willtower,new_enriched
Tori,Richards,Tori Richards,"Director, Partnerships Marketing",Capital One,Financial Services Giants,Finance & Fintech,Director,victoria.richards@capitalone.com,,http://www.linkedin.com/in/toririchards1,new_enriched
Simon,Ashton,Simon Ashton,"Director - Product, Marketing & Partnerships",American Express,Financial Services Giants,Finance & Fintech,Director,simon.ashton@aexp.com,,http://www.linkedin.com/in/simontylerashton,new_enriched
Jessica,Bondy,Jessica Bondy,"Director & Counsel, Co-brand Partnerships",American Express,Financial Services Giants,Finance & Fintech,Director,jessica.l.bondy@aexp.com,,http://www.linkedin.com/in/jessica-bondy-0bb14024,new_enriched
Jeremy,Morowitz,Jeremy Morowitz,"Executive Director, Partnerships & Brand Experience - Payments",JPMorganChase,Financial Services Giants,Finance & Fintech,Director,jeremy.morowitz@jpmorgan.com,,http://www.linkedin.com/in/jeremymorowitz,new_enriched
Kelly,Apostolides,Kelly Apostolides,"Director, Marketing & Insights Partnerships",American Express,Financial Services Giants,Finance & Fintech,Director,kelly.apostolides@aexp.com,,http://www.linkedin.com/in/kelly-apostolides-hannigan-b0b01b8,new_enriched
Trevor,Minor,Trevor Minor,Director of Brand Marketing & Sponsorships,Capital One,Financial Services Giants,Finance & Fintech,Director,trevor.minor@capitalone.com,,http://www.linkedin.com/in/minortj,new_enriched
Laurel,Busony,Laurel Busony,"Director, Card Partnerships Marketing",Capital One,Financial Services Giants,Finance & Fintech,Director,laurel.busony@capitalone.com,,http://www.linkedin.com/in/laurel-busony-7912263,new_enriched
Evan,Becker,Evan Becker,Marketing Director - Global Sports Partnerships,Bank of America,Big Banks,Finance & Fintech,Director,evan.becker@bofa.com,,http://www.linkedin.com/in/evan-becker-602238115,new_enriched
Adam,Arabian,Adam Arabian,"Director, Card Partnerships • Field Marketing",Capital One,Financial Services Giants,Finance & Fintech,Director,adam.arabian@capitalone.com,,http://www.linkedin.com/in/adam-arabian-a4293a12,new_enriched
Luana,Zugman,Luana Zugman,"Director, Acquistion Marketing - Partnerships & Co-Brands",American Express,Financial Services Giants,Finance & Fintech,Director,luana.zugman@aexp.com,,http://www.linkedin.com/in/luanazugman,new_enriched
Hugh,Currie,Hugh Currie,"Marketing Director EMEA, Network Partnerships",American Express,Financial Services Giants,Finance & Fintech,Director,hugh.currie@aexp.com,,http://www.linkedin.com/in/hugh-currie-a728a5b,new_enriched
Dan,Fromm,Dan Fromm,"Director, Sports Sponsorships (Motorsport & Tennis)",American Express,Financial Services Giants,Finance & Fintech,Director,daniel.fromm@aexp.com,,http://www.linkedin.com/in/dan-fromm-5414162a,new_enriched
Margaret,Wheeler-Frothingham,Margaret Wheeler-Frothingham,"Director & Counsel - Sponsorships, Entertainment & Media",American Express,Financial Services Giants,Finance & Fintech,Director,margaret.l.wheelerfrothingham@aexp.com,,http://www.linkedin.com/in/margaret-wheeler-frothingham-2437309,new_enriched
Tessy,Ciardo,Tessy Ciardo,Global Director of Brand Partnerships and Events,BREITLING,Luxury Watches,Fashion & Apparel,Director,tessy.ciardo@breitling.com,,http://www.linkedin.com/in/tessy-ciardo-2225b388,new_enriched
Suzanne,Taddei,Suzanne Taddei,"Director, Strategic Partnerships",Tiffany & Co.,Luxury Fashion & Jewelry,Fashion & Apparel,Director,suzanne.taddei@tiffany.com,,http://www.linkedin.com/in/suzanne-taddei-589678b,new_enriched
Nicole,Murphy,Nicole Murphy,"Director, Partnerships & Events - Americas",Tiffany & Co.,Luxury Fashion & Jewelry,Fashion & Apparel,Director,nicole.murphy@tiffany.com,,http://www.linkedin.com/in/nicole-murphy-83a78952,new_enriched
Alexander,Schwenck,Alexander Schwenck,Director Marketing & PR IWC Schaffhausen CEE+ Vorstandsmitglied Laureus Sport for Good Foundation,"Laureus Sport for Good Foundation Germany, Austria",Alt Sneaker & Comfort Footwear,Fashion & Apparel,Director,alexander.schwenck@iwc.com,,http://www.linkedin.com/in/alexander-schwenck-861a19101,new_enriched
Brittany,Reano,Brittany Reano,"Director, Affiliate Marketing and Growth Partnerships",hims & hers,DTC Telehealth & Wellness,Health & Wellness,Director,breano@forhims.com,,http://www.linkedin.com/in/britt-reano,new_enriched
Tracy,Weissenberg,Tracy Weissenberg,"Director, Content and Influencer Marketing & Partnerships - Chief Marketing Office",Pfizer,Pharmaceutical Giants,Health & Wellness,C-Suite,tracy.weissenberg@pfizer.com,,http://www.linkedin.com/in/tracyweissenberg,new_enriched
Elsa,Boukadoum,Elsa Boukadoum,"Partnerships Director, Primary Care",Pfizer,Pharmaceutical Giants,Health & Wellness,Director,elsa.rive@pfizer.com,,http://www.linkedin.com/in/elsa-rive,new_enriched
Meghan,Muniz,Meghan Muniz,"Director, Partnerships, Diversity, Equity and Inclusion",Pfizer,Pharmaceutical Giants,Health & Wellness,Director,meghan.muniz@pfizer.com,,http://www.linkedin.com/in/meghan-j-muniz,new_enriched
Timothy,Henning,Timothy Henning,"Executive Director, Partnerships and Growth",Walgreens,Healthcare & Insurance Payers,Finance & Fintech,Director,timothy.henning@walgreens.com,,http://www.linkedin.com/in/timothy-henning-7a82774,new_enriched
Andrew,McDonald,Andrew McDonald,"Vice President, Strategic Finance (Marketing & Category Management)",hims & hers,DTC Telehealth & Wellness,Health & Wellness,C-Suite,amcdonald@forhims.com,,http://www.linkedin.com/in/andrew-mcdonald-cfa-65080617,new_enriched
Maya,Spiers,Maya Spiers,"Marketing Director, Uber & Uber Eats",Uber,Other Enterprise,Other,Director,maya.gallegospiers@uber.com,,http://www.linkedin.com/in/maya-gallego-spiers-b6091430,new_enriched
Ally,Doube,Ally Doube,Director - APAC Marketing (Uber & Uber Eats),Uber,Other Enterprise,Other,Director,allydoube@uber.com,,http://www.linkedin.com/in/ally-doube-44520969,new_enriched
Meredith,Savatsky,Meredith Savatsky,"Director, Head of US&C Uber Eats Co-Marketing and Postmates Marketing",Uber,Other Enterprise,Other,Head,merediths@uber.com,,http://www.linkedin.com/in/meredithsavatsky,new_enriched
Courtney,Marshall,Courtney Marshall,"Director, DashPass Marketing",DoorDash,Ride Share & Delivery,Auto & Mobility,Director,courtney.marshall@doordash.com,,http://www.linkedin.com/in/courtney-b-marshall,new_enriched
Franziska,Walter,Franziska Walter,Director Marketing DACH & Netherlands & Poland,Uber,Other Enterprise,Other,Director,fxw@uber.com,,http://www.linkedin.com/in/franziskas,new_enriched
Amanda,Barbosa,Amanda Barbosa,"Marketing Director, Brand & Product Innovation",Taco Bell,QSR/Restaurants,Food & Beverage,Director,amanda.barbosa@yum.com,,http://www.linkedin.com/in/amanda-barbosa-45174a36,new_enriched
Ross,Grimes,Ross Grimes,"Director, Marketing Consulting",Chick-fil-A Corporate Support Center,Global QSR Chains (Emerging),Food & Beverage,Director,ross.grimes@cfacorp.com,,http://www.linkedin.com/in/rossgrimes,new_enriched
Anna,Engel,Anna Engel,Director of Brand Relevance: Happy Meal/Family & Adult (US Campaigns),McDonald's,QSR/Restaurants,Food & Beverage,Director,hannah.engel@za.mcd.com,,http://www.linkedin.com/in/annasawicki,new_enriched
Krista,Van Veldhuizen,Krista Van Veldhuizen,Director Marketing & Product EMEA,Starbucks,Beverage,Food & Beverage,Director,krvanvel@starbucks.com,,http://www.linkedin.com/in/kristavanveldhuizen,new_enriched
Edwin,Perezic,Edwin Perezic,"Director, Marketing",Taco Bell,QSR/Restaurants,Food & Beverage,Director,eddy.perezic@yum.com,,http://www.linkedin.com/in/edwinperezic,new_enriched
Greg,Leader,Greg Leader,Head of Podcast Brand Partnerships,SiriusXM,Audio Streaming & Podcasts,Music & Live,Head,greg.leader@siriusxm.com,,http://www.linkedin.com/in/gregleader,new_enriched
Kelsey,Kane,Kelsey Kane,"Vice President, Branded Entertainment & Brand Partnerships",SiriusXM,Audio Streaming & Podcasts,Music & Live,C-Suite,kelsey.kane@siriusxm.com,,http://www.linkedin.com/in/kelsey-kane-n%c3%a9e-kirkpatrick-85386014,new_enriched
Jacklyn,Yarboi,Jacklyn Yarboi,"Director, Brand Partnerships at SiriusXM",SiriusXM,Audio Streaming & Podcasts,Music & Live,Director,jacklyn.yarboi@siriusxm.com,,http://www.linkedin.com/in/jacklyn-yarboi,new_enriched
James,Cress,James Cress,"Director of Marketing and Sponsorships, Sports",Sirius XM Radio Inc.,Audio Streaming & Podcasts,Music & Live,Director,james.cress@siriusxm.com,,http://www.linkedin.com/in/james-cress-29120427,new_enriched
Andy,Kelly,Andy Kelly,"EVP, Global Brand Partnerships",iHeartMedia,Audio Streaming & Podcasts,Music & Live,VP,andykelly@iheartmedia.com,,http://www.linkedin.com/in/andypkelly,new_enriched
Bryan,McAleer,Bryan McAleer,"Director | Brand Partnerships, Title Management - Sports",Netflix,Streaming Platforms,Media & Publishing,Director,bmcaleer@netflix.com,,http://www.linkedin.com/in/bryan-mcaleer-0164509b,new_enriched
Carol,Baracat,Carol Baracat,"Senior Director, Marketing Partnerships, Latam",Netflix,Streaming Platforms,Media & Publishing,Director,cbaracat@netflix.com,,http://www.linkedin.com/in/carol-baracat-5946581,new_enriched
Matteo,Vianoli,Matteo Vianoli,Director Marketing Partnerships Italy and Greece,Netflix,Streaming Platforms,Media & Publishing,Director,mvianoli@netflix.com,,http://www.linkedin.com/in/matteovianoli,new_enriched
Matthias,Kistler,Matthias Kistler,"Director, Marketing Partnerships, DACH & Turkey",Netflix,Streaming Platforms,Media & Publishing,Director,mkist@netflix.com,,http://www.linkedin.com/in/matthiaskistler,new_enriched
Jordan,Peters,Jordan Peters,"Senior Director, Marketing Partnerships, EMEA",Netflix,Streaming Platforms,Media & Publishing,Director,jpeters@netflix.com,,http://www.linkedin.com/in/jordan-peters-4b35356,new_enriched
Shilpa,Singh,Shilpa Singh,"Senior Director, Marketing Partnerships & Integrated Marketing, APAC",Netflix,Streaming Platforms,Media & Publishing,Director,shilpas@netflix.com,,http://www.linkedin.com/in/shilpa-singh-a0556510,new_enriched
Joshua,Walker,Joshua Walker,"Director, Marketing Partnerships - UK/Ireland, Middle East & Africa",Netflix,Streaming Platforms,Media & Publishing,Director,joshwalker@netflix.com,,http://www.linkedin.com/in/joshua-walker-a062931a,new_enriched
Megan,Das,Megan Das,"Head of Co-brand, Loyalty Partnerships",Carnival Cruise Line,Cruise Lines,Travel & Hospitality,Head,medas@carnival.com,,http://www.linkedin.com/in/megandas,new_enriched
Maggie,Carbonell,Maggie Carbonell,"Vice President - Brand, Product & Partnerships",Princess Cruises,Cruise Lines,Travel & Hospitality,C-Suite,mcarbonell@princesscruises.com,,http://www.linkedin.com/in/maggiecarbonell,new_enriched
Chloe,Jones,Chloe Jones,Head of Marketing,Princess Cruises,Cruise Lines,Travel & Hospitality,Head,chljones@princesscruises.com,,http://www.linkedin.com/in/chloe-jones-hong,new_enriched
Katrinka,Suydam,Katrinka Suydam,"Director, Brand & Integrated Marketing",Princess Cruises,Cruise Lines,Travel & Hospitality,Director,ksuydam@princesscruises.com,,http://www.linkedin.com/in/katrinkasuydam,new_enriched
Chris,Narozny,Chris Narozny,"Director, Consumer Marketing",Princess Cruises,Cruise Lines,Travel & Hospitality,Director,cnarozny@princesscruises.com,,http://www.linkedin.com/in/cnarozny,new_enriched
Nathan,Burdulis,Nathan Burdulis,"Director, Strategic Partnerships",Holland America Line & Seabourn,Cruise Lines,Travel & Hospitality,Director,nburdulis@hollandamerica.com,,http://www.linkedin.com/in/nathan-burdulis-66408167,new_enriched
Anja,Tabarelli,Anja Tabarelli,Director Sales & Marketing,Cunard Line,Cruise Lines,Travel & Hospitality,Director,anja.tabarelli@cunardline.de,,http://www.linkedin.com/in/anja-tabarelli-65a046115,new_enriched
Kathryn,Lock,Kathryn Lock,Director of Marketing,Royal Caribbean Cruises Ltd.,Cruise Lines,Travel & Hospitality,Director,kathrynlock@rcclapac.com,,http://www.linkedin.com/in/kathryn-lock,new_enriched
Phoebe,Tam,Phoebe Tam,Head of Marketing,"Royal Caribbean Cruises, Ltd.",Cruise Lines,Travel & Hospitality,Head,ptam@rcclapac.com,,http://www.linkedin.com/in/phoebe-tam-62a34248,new_enriched
Zuriel,Dsouza,Zuriel Dsouza,Fleet Revenue and Marketing Director,Norwegian Cruise Line Holdings Ltd.,Cruise Lines,Travel & Hospitality,Director,zdsouza@ncl.com,,http://www.linkedin.com/in/zuriel-dsouza-760aa930,new_enriched
Tori,Samson,Tori Samson,"Vice President, Brand Partnerships",DAZN,Other Enterprise,Other,C-Suite,tori.samson@dazn.com,,http://www.linkedin.com/in/tori-samson,new_enriched
Matthew,Stein,Matthew Stein,"Director, Brand Partnerships",Major League Baseball,MLB Teams & League,Sports & Athletics,Director,matthew.stein@mlb.com,,http://www.linkedin.com/in/matthew-stein-668ab73a,new_enriched
Laura,Wolfe,Laura Wolfe,Director of Corporate Partnerships,PGA TOUR,Sports Leagues (Global),Sports & Athletics,Director,laurawolfe@pgatourhq.com,,http://www.linkedin.com/in/laura-wolfe-20bb7263,new_enriched
Benedikt,Schmid,Benedikt Schmid,Head of Brand Partnerships DACH,DAZN,Other Enterprise,Other,Head,benedikt.schmid@dazn.com,,http://www.linkedin.com/in/benedikt-schmid-3abb88188,new_enriched
Chelsea,Walter,Chelsea Walter,"Senior Director, Corporate Partnerships",PGA TOUR,Sports Leagues (Global),Sports & Athletics,Director,chelseawalter@pgatourhq.com,,http://www.linkedin.com/in/chelsea-walter-08b37221,new_enriched
Lindsey,Lairsey,Lindsey Lairsey,"Senior Director, Corporate Partnerships",PGA TOUR,Sports Leagues (Global),Sports & Athletics,Director,lindseylairsey@pgatourhq.com,,http://www.linkedin.com/in/lindsey-lairsey-4ab09339,new_enriched
Richard,Morrall,Richard Morrall,Head of Brand Partnerships - International & UK,DAZN,Other Enterprise,Other,Head,richard.morrall@dazn.com,,http://www.linkedin.com/in/rmorrall,new_enriched
Ben,Cohon,Ben Cohon,"Vice President, Brand Partnerships & Client Solutions, North America",DAZN,Other Enterprise,Other,C-Suite,ben.cohon@dazn.com,,http://www.linkedin.com/in/ben-cohon-24baa32a,new_enriched
Bradley,Weber,Bradley Weber,"Director, Corporate Partnerships - Michelin Raceway Road Atlanta",NASCAR,NASCAR & Motorsports,Sports & Athletics,Director,bweber@nascar.com,,http://www.linkedin.com/in/bradleybweber,new_enriched
Chelsea,Shewchuk,Chelsea Shewchuk,"Director, Global Corporate Partnerships",Major League Baseball (MLB),MLB Teams & League,Sports & Athletics,Director,chelsea.shewchuk@mlb.com,,http://www.linkedin.com/in/chelseashewchuk,new_enriched
Morgan,McGraw,Morgan McGraw,Vice President Media and Brand Partnerships,DAZN,Other Enterprise,Other,C-Suite,morgan.mcgraw@dazn.com,,http://www.linkedin.com/in/morganmcgraw,new_enriched
Sam,Montes,Sam Montes,"Director, Multimedia Brand Partnerships",National Football League (NFL),US Pro Sports Leagues,Sports & Athletics,Director,sam.montes@nfl.com,,http://www.linkedin.com/in/sam-montes-790b5012,new_enriched
Tajuan,Watson,Tajuan Watson,"Director, On-Court & Brand Partnerships",National Basketball Association (NBA),US Pro Sports Leagues,Sports & Athletics,Director,twatson@nba.com,,http://www.linkedin.com/in/tajuan,new_enriched
Rachel,Pillai,Rachel Pillai,Senior Director - Business & Brand Partnerships,National Basketball Association (NBA),US Pro Sports Leagues,Sports & Athletics,Director,rpillai@nba.com,,http://www.linkedin.com/in/rachelpillai,new_enriched
Scott,Paciello,Scott Paciello,"Director, National Sales & Sponsorships",ESPN Customer Marketing & Sales,Major News Publishers,Media & Publishing,Director,scott.paciello@espn.com,,http://www.linkedin.com/in/scott-paciello-3282169,new_enriched
Edward,Acuna,Edward Acuna,Director Social Revenue & Sponsorships,Major League Baseball (MLB),MLB Teams & League,Sports & Athletics,Director,edward.acuna@mlb.com,,http://www.linkedin.com/in/edward-acuna-99148b190,new_enriched
Keishiro,Jubaru,Keishiro Jubaru,"Director, Global Corporate Partnerships-Asia",Major League Baseball,MLB Teams & League,Sports & Athletics,Director,keishiro.jubaru@mlb.com,,http://www.linkedin.com/in/keishiro-jubaru-92332ab3,new_enriched
Brian,Ditucci,Brian Ditucci,"Senior Director, Business Development - Corporate Partnerships",PGA TOUR,Sports Leagues (Global),Sports & Athletics,Director,brianditucci@pgatourhq.com,,http://www.linkedin.com/in/brian-ditucci,new_enriched
Elliot,Balo,Elliot Balo,Senior Director Graphic Design • Corporate Partnerships - Creative Services,PGA TOUR,Sports Leagues (Global),Sports & Athletics,Director,elliotbalo@pgatourhq.com,,http://www.linkedin.com/in/elliot-balo-477b36311,new_enriched
Melissa,Elmore,Melissa Elmore,"Director, Sponsorships",Keurig Dr Pepper Inc.,Premium Kitchen Appliances,Retail & Home,Director,melissa.elmore@kdrp.com,,http://www.linkedin.com/in/melissa-elmore-2856444b,new_enriched
Andrew,Barker,Andrew Barker,"Sr Director, Sponsorships",Keurig Dr Pepper Inc.,Premium Kitchen Appliances,Retail & Home,Director,andrew.barker@kdrp.com,,http://www.linkedin.com/in/andrew-barker-5a7b373,new_enriched
Lane,Borgida,Lane Borgida,"Director, Brand Partnerships - The PepsiCo Creative Studio",PepsiCo,Beverage Conglomerates,Food & Beverage,Director,lane.borgida@pepsico.com,,http://www.linkedin.com/in/lane-borgida-5a563818,new_enriched
Mica,Wong,Mica Wong,"Senior Director, Head of Global Hospitality and Brand Experiences - Assets & Sports Partnerships",The Coca-Cola Company,Beverage Conglomerates,Food & Beverage,Head,micawong@coca-cola.com,,http://www.linkedin.com/in/mica-wong-21240b1,new_enriched
Michael,Klein,Michael Klein,"Head of Creative, 360 Brand Collaborations and Partnerships",Imperativ New York,Other Enterprise,Other,Head,michael.klein@pepsico.com,,http://www.linkedin.com/in/michael-klein-5b01176,new_enriched
Julie,Matthews,Julie Matthews,"Director of Shopper Marketing, Sports Partnerships, & Convenience Brands",PepsiCo,Beverage Conglomerates,Food & Beverage,Director,julieann.matthews@pepsico.com,,http://www.linkedin.com/in/julie-ann-matthews-29ab2729,new_enriched
Jen,Stewart,Jen Stewart,Director. Strategic Partnerships Marketing & Growth,The Coca-Cola Company,Beverage Conglomerates,Food & Beverage,Director,jkanter@coca-cola.com,,http://www.linkedin.com/in/jen-stewart-446082a,new_enriched
Stefan,Rothenbuehler,Stefan Rothenbuehler,"Director, Music & Culture/Entertainment Marketing and Partnerships - Europe",The Coca-Cola Company,Beverage Conglomerates,Food & Beverage,Director,srothenbuehler@coca-cola.com,,http://www.linkedin.com/in/stefan-rothenbuehler-9982655a,new_enriched
Mike,Byrom,Mike Byrom,"Director, Global Marketing Procurement: Assets, Influencers, and Partnerships",The Coca-Cola Company,Beverage Conglomerates,Food & Beverage,Director,mbyrom@coca-cola.com,,http://www.linkedin.com/in/mike-byrom-macc-cpa-77413121,new_enriched
Silke,Bucker,Silke Bucker,Culture Marketing Director,Red Bull,Beverage,Food & Beverage,Director,silke.bucker@redbull.com,,http://www.linkedin.com/in/silke-bucker-2b603b64,new_enriched
Gabriel,Braz,Gabriel Braz,Marketing Director - Brazil,Red Bull,Beverage,Food & Beverage,Director,gabriel.braz@redbull.com,,http://www.linkedin.com/in/gabriel-d-angelo-braz-58ab9829,new_enriched
Kaan,Akyigit,Kaan Akyigit,Marketing Director,The Coca-Cola Company,Beverage Conglomerates,Food & Beverage,Director,kakyigit@coca-cola.com,,http://www.linkedin.com/in/kaanakyigit,new_enriched
Mario,Pollastrini Verde,Mario Pollastrini Verde,Portfolio Marketing Director,The Coca-Cola Company,Beverage Conglomerates,Food & Beverage,Director,mariop@coca-cola.com,,http://www.linkedin.com/in/mariopollastrini,new_enriched
Beatrice,Marfleet,Beatrice Marfleet,Marketing Director: Flavours,The Coca-Cola Company,Beverage Conglomerates,Food & Beverage,Director,bmarfleet@coca-cola.com,,http://www.linkedin.com/in/beatrice-marfleet,new_enriched
Kim,Tunick,Kim Tunick,"Senior Director, Head of Brand Experiences & Partnerships",Walmart,Big Box Retailers,Retail & Home,Head,kimberly.tunick@walmart.com,,http://www.linkedin.com/in/kim-tunick-1452698,new_enriched
Davinia,Roberts,Davinia Roberts,Director Loyalty Marketing-Partnerships,Target,Other Enterprise,Other,Director,davinia.roberts@target.com,,http://www.linkedin.com/in/davinia-roberts,new_enriched
Jennifer,Gross,Jennifer Gross,"Sr. Director, Strategic Brand Partnerships",Nordstrom,Big Box Retailers,Retail & Home,Director,jennifer.gross@nordstrom.com,,http://www.linkedin.com/in/jennifer-gross-b6a6902a,new_enriched
Brian,Roberts,Brian Roberts,"Senior Vice President, Designer & Brand Partnerships",Nordstrom,Big Box Retailers,Retail & Home,C-Suite,brian.roberts@nordstrom.com,,http://www.linkedin.com/in/brian-roberts-900815100,new_enriched
Andres,Ortega,Andres Ortega,"Director, Brand Management - Home Brands + Partnerships",Target,Other Enterprise,Other,Director,andres.ortega@target.com,,http://www.linkedin.com/in/andres-dru-ortega,new_enriched
Lindsey,Felling,Lindsey Felling,"Director, Enterprise Partnerships",Target,Other Enterprise,Other,Director,lindsey.felling@target.com,,http://www.linkedin.com/in/lindseyfelling,new_enriched
Allison,Rand,Allison Rand,"Director, Head of Experiential Marketing & Cultural Engagement",Walmart,Big Box Retailers,Retail & Home,Head,allison.rand@walmart.com,,http://www.linkedin.com/in/abarrierand,new_enriched
Daria,Fuschetto,Daria Fuschetto,"Director, Head of Brand & Product Marketing, Walmart+",Walmart,Big Box Retailers,Retail & Home,Head,daria.fuschetto@walmart.com,,http://www.linkedin.com/in/daria-fuschetto-cavalli-83192851,new_enriched
Pilar,Moya,Pilar Moya,Brand Marketing Director,Target,Other Enterprise,Other,Director,pilar.moya@target.com,,http://www.linkedin.com/in/pilar-moya-22776164,new_enriched
Bryan,Weinstein,Bryan Weinstein,"Director of Category Marketing, Golf",DICK'S Sporting Goods,Big Box Retailers,Retail & Home,Director,bryan.weinstein@dcsg.com,,http://www.linkedin.com/in/bryan-weinstein-a206a64,new_enriched
Oliver,Brown,Oliver Brown,Brand Partnerships - Head of Global Football Partnerships,Kraken,Crypto Exchanges & Wallets,Finance & Fintech,Head,oliver.brown@kraken.com,,http://www.linkedin.com/in/oliver-brown-1b1288136,new_enriched
Erin,Petrilli,Erin Petrilli,"Director, Partnerships & Sponsorships",PayPal,BNPL & Digital Wallets,Finance & Fintech,Director,epetrilli@paypal.com,,http://www.linkedin.com/in/erinpetrilli,new_enriched
John,Hession,John Hession,"Senior Director, Growth Marketing Media and Partnerships",Chime,Neobanks & Challenger Banks,Finance & Fintech,Director,john.hession@chime.com,,http://www.linkedin.com/in/johnhession,new_enriched
Chris,Murphy,Chris Murphy,Brand Partnerships Director - Revolut Media Solutions (Ads & Loyalty),Revolut,Neobanks & Challenger Banks,Finance & Fintech,Director,christopher.murphy@revolut.com,,http://www.linkedin.com/in/chrismurphy1997,new_enriched
Rishi,Mehra,Rishi Mehra,Brand Partnerships Director - Revolut Media Solutions (Ads & Loyalty),Revolut,Neobanks & Challenger Banks,Finance & Fintech,Director,rishi.mehra@revolut.com,,http://www.linkedin.com/in/rishi-mehra-95672951,new_enriched
Gaetan,Thabot,Gaetan Thabot,"Crypto Partnerships, Director",Robinhood,Consumer Fintech Apps,Tech & SaaS,Director,gaetan.thabot@robinhood.com,,http://www.linkedin.com/in/gaetanthabot,new_enriched
Devin,Whitney,Devin Whitney,"Director, Payments Markets & Partnerships",PayPal,BNPL & Digital Wallets,Finance & Fintech,Director,dcwhitney@paypal.com,,http://www.linkedin.com/in/devin-whitney-60186272,new_enriched
Erica,Mines,Erica Mines,"Director, Enterprise Partnerships",PayPal,BNPL & Digital Wallets,Finance & Fintech,Director,emines@paypal.com,,http://www.linkedin.com/in/ericamines,new_enriched
Manu,Porto,Manu Porto,Head of Brand Partnerships,Warner Music Group,Music - Labels,Music & Live,Head,manu.porto@wmg.com,,http://www.linkedin.com/in/manuportoam,new_enriched
Rodrigo,Caldas,Rodrigo Caldas,"VP, Brand Partnerships - UMLE and GTS",Universal Music Group,Music - Labels,Music & Live,VP,rodrigo.caldas@umusic.com,,http://www.linkedin.com/in/rocaldas,new_enriched
Becky,Yeung,Becky Yeung,"Regional Vice President Brand Partnerships, Sync & Business Asia",Warner Music Group,Music - Labels,Music & Live,C-Suite,becky.yeung@warnermusic.com,,http://www.linkedin.com/in/becky-yeung-b496ba35,new_enriched
Eleni,Planet,Eleni Planet,Brand Licensing and Partnerships Director,Universal Music Group,Music - Labels,Music & Live,Director,eleni.planet@umusic.com,,http://www.linkedin.com/in/eleni-planet,new_enriched
Layla,Rock,Layla Rock,Senior Director of Global Brand Partnerships,RCA Records,Music - Labels,Music & Live,Director,layla.mustafa@rcarecords.com,,http://www.linkedin.com/in/laylamustafa,new_enriched
Rebecca,Jolly,Rebecca Jolly,Senior Vice President - Global Brand Partnerships,Universal Music Group,Music - Labels,Music & Live,C-Suite,rebecca.jolly@umusic.com,,http://www.linkedin.com/in/rebeccajolly1,new_enriched
Harry,Morris,Harry Morris,"Director, Global Brand Partnerships & Business Development",Universal Music Group,Music - Labels,Music & Live,Director,harry.morris@umusic.com,,http://www.linkedin.com/in/harry-morris-b3b59b98,new_enriched
Morgan,Buksbaum,Morgan Buksbaum,"SVP, Global Brand Partnerships & Media",Universal Music Group,Music - Labels,Music & Live,VP,morgan.buksbaum@umusic.com,,http://www.linkedin.com/in/morganbuksbaum,new_enriched
Sara,Cantor,Sara Cantor,"Strategic Director, Nordic Business Development & Brand Partnerships (Artist Management)",Universal Music Group,Music - Labels,Music & Live,Director,sara.cantor@umusic.com,,http://www.linkedin.com/in/sarachloecantor,new_enriched
Daniela,Molina,Daniela Molina,"Director, Strategy and Artist Relations Warner Music Latina",Warner Music Group,Music - Labels,Music & Live,Director,daniela.molina@warnermusic.com,,http://www.linkedin.com/in/daniela-molina-music-marketing-3bbb0010b,new_enriched
Rodrigo,Souza,Rodrigo Souza,Head de Branding – Brand Partnerships,Universal Music Group,Music - Labels,Music & Live,Head,rodrigo.souza@umusic.com,,http://www.linkedin.com/in/rsouzam,new_enriched
Prannoy,Mathews,Prannoy Mathews,"Creative Head - Brand Partnerships,Content & Strategy - UMG for Brands India & South Asia.",Universal Music Group,Music - Labels,Music & Live,Head,prannoy.mathews@umusic.com,,http://www.linkedin.com/in/prannoy-mathews,new_enriched
Andrea,Rojas,Andrea Rojas,Director of Brand Partnerships,"Audacy, Inc.",Podcast Networks & Audio Media,Music & Live,Director,paola.rojas@audacy.com,,http://www.linkedin.com/in/andrea-rojas27,new_enriched
Paul,Hammond,Paul Hammond,Director of Brand Partnerships,iHeartMedia,Audio Streaming & Podcasts,Music & Live,Director,paul@iheartmedia.com,,http://www.linkedin.com/in/paul-hammond-60988424a,new_enriched
Lindsay,Reed,Lindsay Reed,"Senior Director, Digital Health, Portfolio, and Partnerships (Health Systems Marketing)",Abbott,Health/Pharma,Health & Wellness,Director,lindsay.reed@abbott.com,,http://www.linkedin.com/in/lindsayreed,new_enriched
Tiffany,Dean,Tiffany Dean,Senior Director Brand Partnerships,iHeartMedia,Audio Streaming & Podcasts,Music & Live,Director,tiffanydean@iheartmedia.com,,http://www.linkedin.com/in/tiffany-dean-871040144,new_enriched
Jill,Oliva,Jill Oliva,Director of Brand Partnerships & Integrated Media,iHeartMedia,Audio Streaming & Podcasts,Music & Live,Director,jilloliva@iheartmedia.com,,http://www.linkedin.com/in/jill-oliva-b726175,new_enriched
Christina,Sarkissian,Christina Sarkissian,Director Brand Partnerships/Business Development,iHeartMedia,Audio Streaming & Podcasts,Music & Live,Director,christinasarkissian@iheartmedia.com,,http://www.linkedin.com/in/christina-sarkissian-71354418,new_enriched
Crafton,Bryant,Crafton Bryant,"Director of Marketing, Southeast",Curaleaf,Cannabis,Food & Beverage,Director,crafton.bryant@curaleaf.com,,http://www.linkedin.com/in/craftonbryant,new_enriched
Ashley,Gregerson,Ashley Gregerson,Executive Director of Marketing,Trulieve,Cannabis,Food & Beverage,Director,ashley.gregerson@trulieve.com,,http://www.linkedin.com/in/ashleycooper10,new_enriched
Eric,Ortiz,Eric Ortiz,Director of Marketing - Florida,Trulieve,Cannabis,Food & Beverage,Director,ericg.ortiz@trulieve.com,,http://www.linkedin.com/in/eric-gabriel-ortiz,new_enriched
Hannah,Yoffa,Hannah Yoffa,"Director, Retail Brand Marketing",Curaleaf,Cannabis,Food & Beverage,Director,hannah.yoffa@curaleaf.com,,http://www.linkedin.com/in/hannah-yoffa-6b704332,new_enriched
JD,Dunwoodie,JD Dunwoodie,Marketing Leader,Cresco Labs,Cannabis,Food & Beverage,Other,jd.dunwoodie@crescolabs.com,,http://www.linkedin.com/in/jddunwoodie,new_enriched
Frances,McElroy,Frances McElroy,"Marketing Director, Brand",Curaleaf,Cannabis,Food & Beverage,Director,frances.mcelroy@curaleaf.com,,http://www.linkedin.com/in/francesmcelroy,new_enriched
Matt,Schweers,Matt Schweers,"Director of Digital Marketing, Social Media and Public Relations","Tilray Brands, Inc.",Cannabis,Food & Beverage,Director,matt.schweers@tilraybeer.com,,http://www.linkedin.com/in/mattschweers,new_enriched
Walter,Coderre,Walter Coderre,Head of Marketing,Wooooo Beverage,Other Enterprise,Other,Head,walter.coderre@ayrwellness.com,,http://www.linkedin.com/in/walterchipcoderre,new_enriched
Michael,Levinson,Michael Levinson,"Director, Strategic Partnerships",Canopy Growth Corporation,Parental Control,Creator & Learning,Director,michael@apolloresearch.ca,,http://www.linkedin.com/in/michaellevinsonmba,new_enriched
Lauren,Guttormsen,Lauren Guttormsen,"Director, Marketing - Membership",Verano,Cannabis,Food & Beverage,Director,lauren.guttormsen@verano.com,,http://www.linkedin.com/in/lauren-guttormsen,new_enriched
Kai,Johnson,Kai Johnson,"Director, Brand Partnerships & Events",Salesforce,Enterprise SaaS Giants,Tech & SaaS,Director,kai.johnson@salesforce.com,,http://www.linkedin.com/in/kai-johnson-b72b816,new_enriched
Chris,Carman,Chris Carman,"Director, Brand Sponsorships",ServiceNow,Enterprise SaaS Giants,Tech & SaaS,Director,chris.carman@servicenow.com,,http://www.linkedin.com/in/chris-carman-26745018,new_enriched
Irene,Liang,Irene Liang,"Director, US Brand Campaigns, Media, and Partnerships",Salesforce,Enterprise SaaS Giants,Tech & SaaS,Director,iliang@salesforce.com,,http://www.linkedin.com/in/ireneliang1,new_enriched
Andrew,Jenkins,Andrew Jenkins,"Director of Product Marketing, Partnerships & Growth",Adobe,Enterprise SaaS Giants,Tech & SaaS,Director,andrew.jenkins@adobe.com,,http://www.linkedin.com/in/andrewadamjenkins,new_enriched
Veera,Partanen,Veera Partanen,"Brand Director, EMEA Brand Media and Sponsorships",ServiceNow,Enterprise SaaS Giants,Tech & SaaS,Director,veera.partanen@servicenow.com,,http://www.linkedin.com/in/veerapartanen,new_enriched
Lauren,Hallanan,Lauren Hallanan,"Director, Strategic Partnerships",Salesforce,Enterprise SaaS Giants,Tech & SaaS,Director,lhallanan@salesforce.com,,http://www.linkedin.com/in/lauren-hallanan,new_enriched
Jesse,Peterson,Jesse Peterson,"Director, Strategic Partnerships",Salesforce,Enterprise SaaS Giants,Tech & SaaS,Director,jesse.peterson@salesforce.com,,http://www.linkedin.com/in/jessepeterson1,new_enriched
Jared,Crain,Jared Crain,"Director, Strategic Partnerships",Salesforce,Enterprise SaaS Giants,Tech & SaaS,Director,jcrain@salesforce.com,,http://www.linkedin.com/in/jaredacrain,new_enriched
Allison,Shelton,Allison Shelton,"Director, Strategic Partnerships",Salesforce,Enterprise SaaS Giants,Tech & SaaS,Director,ashelton@salesforce.com,,http://www.linkedin.com/in/allisondshelton,new_enriched
Akhilendra,Ukesh,Akhilendra Ukesh,"Director - Strategic Alliances & Partnerships, Global TLS OEM Channels Ecosystem",IBM,Tech Giants,Tech & SaaS,Director,akhilendra.ukesh@ibm.com,,http://www.linkedin.com/in/akhilendraukesh,new_enriched
Katie,Lambert,Katie Lambert,"Director, Partner Marketing",HubSpot,Email Marketing SaaS,Tech & SaaS,Director,klambert@hubspot.com,,http://www.linkedin.com/in/katieelambert,new_enriched
Courtney,Dagher,Courtney Dagher,"Director, Global Events Revenue Marketing & Content Programming",HubSpot,Email Marketing SaaS,Tech & SaaS,Director,cdagher@hubspot.com,,http://www.linkedin.com/in/courtney-dagher-289b42131,new_enriched
Brijesh,Saxena,Brijesh Saxena,Head of Enterprise Marketing,Snowflake,Enterprise Tech/SaaS,Tech & SaaS,Head,brijesh.saxena@snowflake.com,,http://www.linkedin.com/in/brijesh-saxena7,new_enriched
Clarisse,Djomkam,Clarisse Djomkam,Head of Marketing,Snowflake,Enterprise Tech/SaaS,Tech & SaaS,Head,clarisse.djomkam@snowflake.com,,http://www.linkedin.com/in/clarissedjomkam,new_enriched
Dhiraj,Narang,Dhiraj Narang,"Director, Head of Partnerships, India",Snowflake,Enterprise Tech/SaaS,Tech & SaaS,Head,dhiraj.narang@snowflake.com,,http://www.linkedin.com/in/dhirajnarang,new_enriched
Anthony,Stames,Anthony Stames,Industry Partnership Director,Workday,Enterprise SaaS Giants,Tech & SaaS,Director,anthony.stames@workday.com,,http://www.linkedin.com/in/anthony-stames-23788785,new_enriched
Velina,Coubes,Velina Coubes,Senior Director Marketing South EMEA,Workday,Enterprise SaaS Giants,Tech & SaaS,Director,velina.coubes@workday.com,,http://www.linkedin.com/in/velinacoubes,new_enriched
Nigel,Liaw,Nigel Liaw,"Director, Strategic Partnerships",Asana,Project Management SaaS,Tech & SaaS,Director,nigelliaw@asana.com,,http://www.linkedin.com/in/nliaw,new_enriched
Mohammad,Danish,Mohammad Danish,Head of Marketing,Oracle,Enterprise SaaS Giants,Tech & SaaS,Head,danish.m@oracle.com,,http://www.linkedin.com/in/danishmd,new_enriched
Richard,Flanagan,Richard Flanagan,Marketing Leader,Workday,Enterprise SaaS Giants,Tech & SaaS,Other,richard.flanagan@workday.com,,http://www.linkedin.com/in/richflanagan,new_enriched
Jason,Reinking,Jason Reinking,"Vice President, Brand Partnerships & Revenue Programs",REMAX,Real Estate,Retail & Home,C-Suite,jreinking@remax.com,,http://www.linkedin.com/in/jason-reinking-aa10014,new_enriched
Rose,Ellis,Rose Ellis,Marketing & Events Director,Cushman & Wakefield,Real Estate,Retail & Home,Director,rose.ellis@cushwake.com,,http://www.linkedin.com/in/roseellismarketing,new_enriched
Boris,Segal,Boris Segal,"Director, Digital Strategy & Partnerships",CBRE,Real Estate,Retail & Home,Director,boris.segal@cbre.com,,http://www.linkedin.com/in/segalboris,new_enriched
Milena,Ferrari,Milena Ferrari,"Marketing Director, Audience Intelligence & Demand Generation",JLL,Real Estate,Retail & Home,Director,milena.ferrari@jll.com,,http://www.linkedin.com/in/milenacferrari,new_enriched
Abigail,Nelson,Abigail Nelson,Marketing Director,Compass,Real Estate,Retail & Home,Director,abigailnelson@compass.com,,http://www.linkedin.com/in/abigailnelson2021,new_enriched
Angela,Sweeney,Angela Sweeney,"Executive Vice President, Marketing Director - JLL Lifestyle Property Management",JLL,Real Estate,Retail & Home,C-Suite,angela.sweeney@jll.com,,http://www.linkedin.com/in/angelahsweeney,new_enriched
Shannon,Keegan,Shannon Keegan,Marketing Director,CBRE,Real Estate,Retail & Home,Director,shannon.keegan@cbre.com,,http://www.linkedin.com/in/shannon-keegan-329b5b55,new_enriched
Christina,Farrace,Christina Farrace,"Director of Marketing & Communications, Global Occupier Services",Colliers,Real Estate,Retail & Home,Director,christina.farrace@colliers.com,,http://www.linkedin.com/in/christinafarrace,new_enriched
Chrissy,Allen,Chrissy Allen,Marketing Director,Cushman & Wakefield,Real Estate,Retail & Home,Director,chrissy.allen@cushwake.com,,http://www.linkedin.com/in/chrissy-allen-5214626,new_enriched
Medha,Sandrasagara,Medha Sandrasagara,"Marketing Director – Middle East, Africa and Turkey",JLL,Real Estate,Retail & Home,Director,medha.sandrasagara@jll.com,,http://www.linkedin.com/in/medha-sandrasagara-16025221,new_enriched
Nacho,Gil,Nacho Gil,"Director, Head of Marketing, LatAm",Spotify,Audio Streaming & Podcasts,Music & Live,Head,ignaciog@spotify.com,,http://www.linkedin.com/in/nacholinkedin,new_enriched
Heiner,Kuhlmann,Heiner Kuhlmann,| Director Marketing,Spotify,Audio Streaming & Podcasts,Music & Live,Director,heinerk@spotify.com,,http://www.linkedin.com/in/heiner-kuhlmann-spotify,new_enriched
Marel,Pitter,Marel Pitter,Retail Director of Sales & Partnerships,Spotify,Audio Streaming & Podcasts,Music & Live,Director,marelp@spotify.com,,http://www.linkedin.com/in/marel-pitter-49bb43a,new_enriched
Gerry,Randolph,Gerry Randolph,"Associate Director, Head of Marketing - Live Music",Spotify,Audio Streaming & Podcasts,Music & Live,Head,grandolph@spotify.com,,http://www.linkedin.com/in/gerry-randolph,new_enriched
Foysol,Ahmed,Foysol Ahmed,Head of Marketing,Spotify,Audio Streaming & Podcasts,Music & Live,Head,ahmedf@spotify.com,,http://www.linkedin.com/in/foysol-ahmed-2376971a6,new_enriched
Julian,Jimenez,Julian Jimenez,"Director, Business Development & Partnerships - Global",Spotify,Audio Streaming & Podcasts,Music & Live,Director,jjimenez@spotify.com,,http://www.linkedin.com/in/julianjimenezaneas,new_enriched
Robin,Flay,Robin Flay,Director of Corporate Partnerships,American Cancer Society,Nonprofits/Cause,Art & Culture,Director,robin.flay@cancer.org,,http://www.linkedin.com/in/robin-flay-1b6977117,new_enriched
Mary,Owens,Mary Owens,"Director, Corporate Partnerships",St. Jude Children's Research Hospital - ALSAC,Nonprofits/Cause,Art & Culture,Director,mary.owens@stjude.org,,http://www.linkedin.com/in/marnold2,new_enriched
Greg,Murray,Greg Murray,"Senior Director, Corporate Partnerships",American Cancer Society,Nonprofits/Cause,Art & Culture,Director,greg.murray@cancer.org,,http://www.linkedin.com/in/gregorydmurray,new_enriched
Sarah,Smothers,Sarah Smothers,Cause Marketing Director,American Red Cross,Nonprofits/Cause,Art & Culture,Director,sarah.smothers@redcross.org,,http://www.linkedin.com/in/sarah-smothers-31164427,new_enriched
Nathan,Measom,Nathan Measom,Director of National Cause Marketing,American Red Cross,Nonprofits/Cause,Art & Culture,Director,nathan.measom@redcross.org,,http://www.linkedin.com/in/nathanmeasom,new_enriched
Christina,Elmo,Christina Elmo,National Cause Marketing Director,American Red Cross,Nonprofits/Cause,Art & Culture,Director,christina.elmo@redcross.org,,http://www.linkedin.com/in/christina-elmo-a8010b21,new_enriched
Lance,Dagenhardt,Lance Dagenhardt,"Director, Marketing & Communications - Corporate Partnerships",Special Olympics,Nonprofits/Cause,Art & Culture,Director,ldagenhardt@specialolympics.org,,http://www.linkedin.com/in/lancedagenhardt,new_enriched
Caitlin,Wagner,Caitlin Wagner,"Senior Director, Global Corporate Partnerships",United Way,Nonprofits/Cause,Art & Culture,Director,caitlin.wagner@unitedway.org,,http://www.linkedin.com/in/caitlin-crowther-wagner-b71a0721,new_enriched
Joanna,Eagan,Joanna Eagan,"Senior Director, Portfolio Management - Enterprise Corporate Partnerships",American Cancer Society,Nonprofits/Cause,Art & Culture,Director,joanna.eagan@cancer.org,,http://www.linkedin.com/in/joanna-currence-eagan-4449aa1b,new_enriched
Will,Ward,Will Ward,Snr Partner & Head of Brand Partnerships Division,WME | William Morris Endeavor,Sports & Entertainment Talent Agencies,Agencies & Rights Holders,Head,wward@wmeagency.com,,http://www.linkedin.com/in/will-ward-578865128,new_enriched
Charlie,Grave,Charlie Grave,Managing Director - Sponsorship and 3D Branding,IMG,Other Enterprise,Other,Director,charlie.grave@img.com,,http://www.linkedin.com/in/charlie-grave-a818a810,new_enriched
Alisann,Blood,Alisann Blood,Partner & Co-Head Global Music Brand Partnerships,United Talent Agency,Media/Entertainment,Media & Publishing,Other,alisann.blood@unitedtalent.com,,http://www.linkedin.com/in/alisannb,new_enriched
Toni,Wallace,Toni Wallace,Partner & Head of Global Music Brand Strategy & Partnerships,United Talent Agency,Media/Entertainment,Media & Publishing,Head,toni.wallace@unitedtalent.com,,http://www.linkedin.com/in/tonimwallace,new_enriched
Sara,Schoch,Sara Schoch,"Partner, Co-Head of Global Music Brand Partnerships",United Talent Agency,Media/Entertainment,Media & Publishing,Head,schochs@unitedtalent.com,,http://www.linkedin.com/in/sara-schoch-70728113,new_enriched
Karen,Allen,Karen Allen,"Director, Sponsorships, Events & Services",Subaru of America,Art & Culture,Art & Culture,Director,kallen@subaru.com,,http://www.linkedin.com/in/karen-allen-380a2424,new_enriched
Heath,Walker,Heath Walker,Marketing Director,General Motors,Auto OEMs,Auto & Mobility,Director,heath.1.walker@gm.com,,http://www.linkedin.com/in/heath-walker-8704552b,new_enriched
Jennifer,Costabile,Jennifer Costabile,General Director - Marketing and Sales Enablement,General Motors,Auto OEMs,Auto & Mobility,Director,jennifer.costabile@gm.com,,http://www.linkedin.com/in/jennifer-costabile-4803256,new_enriched
Amy,Masica,Amy Masica,Chevrolet Marketing Director,General Motors,Auto OEMs,Auto & Mobility,Director,amy.masica@gm.com,,http://www.linkedin.com/in/amy-masica-28105853,new_enriched
Steven,Haener,Steven Haener,Marketing Director,General Motors,Auto OEMs,Auto & Mobility,Director,steve.haener@gm.com,,http://www.linkedin.com/in/stevenhaenermba,new_enriched
Maggie,Mohiuddin,Maggie Mohiuddin,Marketing Director,Audi of America,Auto OEMs,Auto & Mobility,Director,margaret.mohiuddin@audi.com,,http://www.linkedin.com/in/maggie-mohiuddin-490b716,new_enriched
Steven,Majoros,Steven Majoros,"Marketing Director, Chevrolet Cars & Crossovers",Chevrolet,Automotive,Auto & Mobility,C-Suite,steven.majoros@chevrolet.com,,http://www.linkedin.com/in/steven-majoros-1a082320,new_enriched
Bethany,Cristof,Bethany Cristof,"Director, Consumer Digital and Loyalty Marketing",Ford Motor Company,Auto OEMs,Auto & Mobility,Director,bcristof@ford.com,,http://www.linkedin.com/in/bcristof,new_enriched
Bill,Savino,Bill Savino,"Director - Division Lead, Powersports Sales, Service & Marketing","American Honda Motor Company, Inc.",Auto OEMs,Auto & Mobility,Director,bill_savino@na.honda.com,,http://www.linkedin.com/in/bsavino,new_enriched
Mohammed,Mohany,Mohammed Mohany,Marketing Director,"American Honda Motor Company, Inc.",Auto OEMs,Auto & Mobility,Director,mohammed_mohany@ahm.honda.com,,http://www.linkedin.com/in/mohammed-mohany-6259b8251,new_enriched
Mark,Jackson,Mark Jackson,Director Global Sales and Marketing Systems Integration,"KIC, LLC",Other Enterprise,Other,Director,mark.1.jackson@gm.com,,http://www.linkedin.com/in/marka1jackson,new_enriched
Tarshena,Armstrong,Tarshena Armstrong,"Director, Diversity Marketing and Development",General Motors,Auto OEMs,Auto & Mobility,Director,tarshena.armstrong@gm.com,,http://www.linkedin.com/in/tarshenaarmstrong,new_enriched
Chris,Long,Chris Long,"Head of Brand Partnerships, East","DraftKings, Inc.",Sportsbook & Sports Betting,Sports & Athletics,Head,clong@draftkings.com,,http://www.linkedin.com/in/christopherslong,new_enriched
Benjamin,Duker,Benjamin Duker,"Senior Director, Marketing Partnerships",DraftKings Inc.,Sportsbook & Sports Betting,Sports & Athletics,Director,bduker@draftkings.com,,http://www.linkedin.com/in/benjamin-bear-duker-54b87911,new_enriched
Matt,Bassil,Matt Bassil,Head of Sales and Brand Partnerships,DraftKings Inc.,Sportsbook & Sports Betting,Sports & Athletics,Head,mbassil@draftkings.com,,http://www.linkedin.com/in/mattbassil,new_enriched
Marykate,Desimone,Marykate Desimone,"Senior Director of Account Management, Brand Partnerships",DraftKings Inc.,Sportsbook & Sports Betting,Sports & Athletics,Director,mdesimone@draftkings.com,,http://www.linkedin.com/in/marykatedesimone,new_enriched
Jonathan,Zuckerbrod,Jonathan Zuckerbrod,"Director, Strategic Partnerships",DraftKings Inc.,Sportsbook & Sports Betting,Sports & Athletics,Director,j.zuckerbrod@draftkings.com,,http://www.linkedin.com/in/jonathan-zuckerbrod-7a121643,new_enriched
Jonathan,Fowler,Jonathan Fowler,"Director, Casino Brand Marketing",DraftKings Inc.,Sportsbook & Sports Betting,Sports & Athletics,Director,j.fowler@draftkings.com,,http://www.linkedin.com/in/jonathanashleyfowler,new_enriched
Andrew,Schiel,Andrew Schiel,"Director, Brand & Central Integrated Marketing",DraftKings Inc.,Sportsbook & Sports Betting,Sports & Athletics,Director,aschiel@draftkings.com,,http://www.linkedin.com/in/andrew-schiel,new_enriched
Dan,Iannetta,Dan Iannetta,"Director, Marketing",DraftKings Inc.,Sportsbook & Sports Betting,Sports & Athletics,Director,diannetta@draftkings.com,,http://www.linkedin.com/in/daniannetta,new_enriched
Zachary,Furman,Zachary Furman,"Director, Growth Marketing",DraftKings Inc.,Sportsbook & Sports Betting,Sports & Athletics,Director,zfurman@draftkings.com,,http://www.linkedin.com/in/zachary-furman,new_enriched
Molly,Wurdack-Folt,Molly Wurdack-Folt,"Director, Team & League Partnerships",BetMGM,Sportsbook & Sports Betting,Sports & Athletics,Director,molly.wurdack-folt@betmgm.com,,http://www.linkedin.com/in/molly-wurdack-folt-9111709,new_enriched
RJ,Peterson,RJ Peterson,Director of Marketing (PokerStars),FanDuel,Sportsbook & Sports Betting,Sports & Athletics,Director,ronald.peterson3@fanduel.com,,http://www.linkedin.com/in/rj-peterson-78951314,new_enriched
Lindsay,,Lindsay,"Director, League and Team Marketing",FanDuel,Sportsbook & Sports Betting,Sports & Athletics,Director,lindsay.vellines@fanduel.com,,http://www.linkedin.com/in/lindsayvellines,new_enriched
Jason,Donders,Jason Donders,"Director, Customer Marketing",FanDuel,Sportsbook & Sports Betting,Sports & Athletics,Director,jason.donders@fanduel.com,,http://www.linkedin.com/in/jasondonders,new_enriched
Kevin,McDonnell,Kevin McDonnell,Media and Partnerships Director,FanDuel,Sportsbook & Sports Betting,Sports & Athletics,Director,kevin.mcdonnell@fanduel.com,,http://www.linkedin.com/in/kevin-mcdonnell-61380024,new_enriched
Gibran,Khan,Gibran Khan,"Director, Growth Marketing & CRM",FanDuel,Sportsbook & Sports Betting,Sports & Athletics,Director,gibran.khan@fanduel.com,,http://www.linkedin.com/in/gibrankhan,new_enriched
Kyle,Duthie,Kyle Duthie,"Director of Brand, Partnerships, & Acquisition",Bally's Interactive,Sports Betting/Gaming,Sports & Athletics,Director,kyle.duthie@ballys.com,,http://www.linkedin.com/in/kyleduthie,new_enriched
Thomas,Berman,Thomas Berman,"Director, North America - Marketing at Bally’s Sportsbook | ELG 40 under 40 | STJ 40 under 40 | MBA",Bally's Interactive,Sports Betting/Gaming,Sports & Athletics,Director,thomas.berman@ballys.com,,http://www.linkedin.com/in/thomasaberman,new_enriched
Steve,Winter,Steve Winter,Marketing Director - Conversion & Optimization,BetMGM,Sportsbook & Sports Betting,Sports & Athletics,Director,steve.winter@betmgm.com,,http://www.linkedin.com/in/steve-winter-97b52513,new_enriched
Yohan,Mathew,Yohan Mathew,"Director of Marketing, Canada",BetMGM,Sportsbook & Sports Betting,Sports & Athletics,Director,yohan.mathew@betmgm.com,,http://www.linkedin.com/in/yohan-mathew,new_enriched
Brian,Simpson,Brian Simpson,"Director, Brand Alliance and Sponsorships",Caesars Entertainment,Sportsbook & Sports Betting,Sports & Athletics,Director,bsimpson@caesars.com,,http://www.linkedin.com/in/brian-simpson11,new_enriched
Rich,Eckelson,Rich Eckelson,Director of Marketing,Caesars Entertainment,Sportsbook & Sports Betting,Sports & Athletics,Director,reckelson@caesars.com,,http://www.linkedin.com/in/rich-eckelson-6b19691b,new_enriched
John,Waxler,John Waxler,Director of Marketing & Player Development,"Caesars Entertainment, Inc.",Sportsbook & Sports Betting,Sports & Athletics,Director,jwaxler@caesars.com,,http://www.linkedin.com/in/john-waxler-93005b46,new_enriched
Evan,Shlissel,Evan Shlissel,"Director, Growth Marketing",Caesars Entertainment,Sportsbook & Sports Betting,Sports & Athletics,Director,eshlissel@caesars.com,,http://www.linkedin.com/in/evan-shlissel,new_enriched
Kristi,Hamilton-Miller,Kristi Hamilton-Miller,"Director Marketing, Entertainment & Events","Caesars Entertainment, Inc.",Sportsbook & Sports Betting,Sports & Athletics,Director,khamilton-miller@caesars.com,,http://www.linkedin.com/in/kristi-hamilton-miller-79b0726,new_enriched
Bryan,Berkowitz,Bryan Berkowitz,Marketing Director,Caesars Entertainment,Sportsbook & Sports Betting,Sports & Athletics,Director,bberkowitz@caesars.com,,http://www.linkedin.com/in/bryan-berkowitz-91320633,new_enriched
Sean,Burney,Sean Burney,Director of VIP Marketing Strategy & Innovation/CRM Product Owner,Caesars Entertainment,Sportsbook & Sports Betting,Sports & Athletics,Director,sburney@caesars.com,,http://www.linkedin.com/in/sean-burney-2280957,new_enriched
Jason,Low,Jason Low,"Director, Sponsorships - APAC | Senior Excutive, Global Sales",Sportradar,Sports Betting/Gaming,Sports & Athletics,Director,j.low@sportradar.com,,http://www.linkedin.com/in/jasonzylow,new_enriched
Elvis,Dzombic,Elvis Dzombic,"Director of Business Development, Platform & Partnerships",Sportradar,Sports Betting/Gaming,Sports & Athletics,Director,e.dzombic@sportradar.com,,http://www.linkedin.com/in/elvisdzombic,new_enriched
Alistair,Kemp,Alistair Kemp,"Director, Sports Content & Partnerships - EMEA",Sportradar,Sports Betting/Gaming,Sports & Athletics,Director,a.kemp@sportradar.com,,http://www.linkedin.com/in/alistair-kemp-723b272,new_enriched
Alyssa,Posklensky,Alyssa Posklensky,"Director, Product Strategy and Marketing",Bombas,DTC Consumer,Other,Director,alyssa.posklensky@bombas.com,,http://www.linkedin.com/in/alyssaposklensky,new_enriched
Daniel,Rivera,Daniel Rivera,"Creative Director, Growth Marketing",Harry's Inc.,Personal Care/DTC,Beauty & Personal Care,Director,daniel.rivera@harrys.com,,http://www.linkedin.com/in/danielrivera90,new_enriched
Nicole,O?Brien,Nicole O?Brien,"Director, Customer Marketing",Brooklinen,Mattress & Bedding,Retail & Home,Director,nicole.obrien@brooklinen.com,,http://www.linkedin.com/in/nicoleobrien89,new_enriched
Danielle,Weiss,Danielle Weiss,"Director, Brand & Integrated Marketing",Away,Other Enterprise,Other,Director,danielle.weiss@awaytravel.com,,http://www.linkedin.com/in/danielle-weiss1,new_enriched
Ruth,Sanchez,Ruth Sanchez,Marketing Director,Away,Other Enterprise,Other,Director,ruth_sanchez@awaytravel.com,,http://www.linkedin.com/in/ruth-sanchez-548b75280,new_enriched
Summer,Baxter,Summer Baxter,Director of Brand Partnerships,Acast,Podcast Networks & Audio Media,Music & Live,Director,summer.baxter@acast.com,,http://www.linkedin.com/in/summer-baxter-325969b3,new_enriched
Nicholas,Mulcahy,Nicholas Mulcahy,"Associate Director, Brand Partnerships",Barstool Sports,Other Enterprise,Other,Director,mulcahy@barstoolsports.com,,http://www.linkedin.com/in/nicholasjmulcahy,new_enriched
Tanesha,Fields,Tanesha Fields,Sr. Director of Integrated Marketing & Sponsorships,Team Coco,Other Enterprise,Other,Director,tanesha@teamcoco.com,,http://www.linkedin.com/in/taneshaf,new_enriched
Amanda,Evans,Amanda Evans,"Global Head of Brand, Insights & Partnerships",Wayfair,Home Improvement & Big Box Home,Retail & Home,Head,asirianni2@wayfair.com,,http://www.linkedin.com/in/amandasiriannievans,new_enriched
Emily,McCarter,Emily McCarter,"VP, Account Director",Zenith,Media Buying Agencies,Agencies & Rights Holders,VP,emily.mccarter@zenithmedia.com,,http://www.linkedin.com/in/emily-simpson-mccarter-75636a6,new_enriched
Jessica,Lester,Jessica Lester,"Executive Director, Brand Partnerships",OMD EMEA,Other Enterprise,Other,Director,jessica.lester@omd.com,,http://www.linkedin.com/in/jessica-lester111,new_enriched
Kyle,Nelson,Kyle Nelson,"Director, Client Services",Assembly Global,Media Buying Agencies,Agencies & Rights Holders,Director,kyle.nelson@assemblyglobal.com,,http://www.linkedin.com/in/kyle-nelson-2381ba36,new_enriched
Fernanda,Campos,Fernanda Campos,Managing Director,PHD,Other Enterprise,Other,Director,fernanda.campos@phdmedia.com,,http://www.linkedin.com/in/fernanda-campos-217b861a,new_enriched
Ashley,Brunner,Ashley Brunner,"EVP, Managing Director, Account Management",UM Worldwide,Media Buying Agencies,Agencies & Rights Holders,VP,ashley.brunner@umww.com,,http://www.linkedin.com/in/ashley-brunner-5971694,new_enriched
Denise,Saitta,Denise Saitta,Managing Director of Account Management,UM Worldwide,Media Buying Agencies,Agencies & Rights Holders,Director,denise.saitta@umww.com,,http://www.linkedin.com/in/denise-cento,new_enriched
Jenna,Warmington,Jenna Warmington,"SVP, Managing Director, Account Management",UM Worldwide,Media Buying Agencies,Agencies & Rights Holders,VP,jenna.warmington@umww.com,,http://www.linkedin.com/in/jenna-wilson-warmington-7b55a640,new_enriched
Luca,Marinaro,Luca Marinaro,Managing Director,Zenith,Media Buying Agencies,Agencies & Rights Holders,Director,luca.marinaro@zenithmedia.com,,http://www.linkedin.com/in/luca-marinaro-34b452,new_enriched
Susanna,Earnest,Susanna Earnest,Managing Director,OMD USA,Media Buying Agencies,Agencies & Rights Holders,Director,susanna.earnest@omd.com,,http://www.linkedin.com/in/susanna-earnest-1838416,new_enriched
Colleen,Canty,Colleen Canty,Managing Director,OMD,Other Enterprise,Other,Director,colleen.canty@omd.com,,http://www.linkedin.com/in/colleenlcanty,new_enriched
Daniel,Isaac,Daniel Isaac,Managing Director,Wavemaker,Media Buying Agencies,Agencies & Rights Holders,Director,daniel.isaac@wmglobal.com,,http://www.linkedin.com/in/danielisaac,new_enriched
Peta,Southcombe,Peta Southcombe,Managing Director,Mindshare,Media Buying Agencies,Agencies & Rights Holders,Director,peta.southcombe@mindshareworld.com,,http://www.linkedin.com/in/peta-southcombe-363b6032,new_enriched
Shivaprasad,Nair,Shivaprasad Nair,Managing Director,Assembly Global,Media Buying Agencies,Agencies & Rights Holders,Director,shivaprasad.nair@assemblyglobal.com,,http://www.linkedin.com/in/nairshivaprasad,new_enriched
Marissa,Pozo Garcia,Marissa Pozo Garcia,Managing Director,Havas Media Network,Media Holding Companies,Agencies & Rights Holders,Director,marissa.pozo@havasmg.com,,http://www.linkedin.com/in/marissapozo,new_enriched
Breanne,Medford,Breanne Medford,Managing Director,Initiative,Media Buying Agencies,Agencies & Rights Holders,Director,breanne.medford@initiative.com,,http://www.linkedin.com/in/breannemedford,new_enriched
Omar,Gindeya Munoz,Omar Gindeya Munoz,Managing Director,Initiative,Media Buying Agencies,Agencies & Rights Holders,Director,omar.gindeya@initiative.com,,http://www.linkedin.com/in/omargindeya,new_enriched
Brad,Feather,Brad Feather,Managing Director,Initiative,Media Buying Agencies,Agencies & Rights Holders,Director,bradley.feather@initiative.com,,http://www.linkedin.com/in/brad-feather-85996b1a,new_enriched
Michael,Kay,Michael Kay,Managing Director,Havas Media Network,Media Holding Companies,Agencies & Rights Holders,Director,michael.kay@havasmedia.com,,http://www.linkedin.com/in/michael-kay,new_enriched
Pia,Coyle,Pia Coyle,Managing Director,PHD,Other Enterprise,Other,Director,pia.coyle@phdmedia.com,,http://www.linkedin.com/in/pia-coyle,new_enriched
Vinit,Karnik,Vinit Karnik,Managing Director,GroupM,Media Buying Agencies,Agencies & Rights Holders,Director,vinit.karnik@groupm.com,,http://www.linkedin.com/in/vinitkarnik,new_enriched
Deborah,Yeh,Deborah Yeh,Global Chief Marketing Officer,SEPHORA,Beauty Retailers & Fast Fashion,Fashion & Apparel,C-Suite,deborah.yeh@sephora.com,,http://www.linkedin.com/in/deborahyeh,new_enriched
Marek,Tomalak,Marek Tomalak,Global Chief Marketing Officer SodaStream,PepsiCo,Beverage Conglomerates,Food & Beverage,C-Suite,marek.tomalak@pepsico.com,,http://www.linkedin.com/in/marektomalak,new_enriched
Cristina,Diezhandino,Cristina Diezhandino,Chief Marketing Officer,Diageo,Beverage Conglomerates,Food & Beverage,C-Suite,cristina.diezhandino@diageo.com,,http://www.linkedin.com/in/cristina-diezhandino-87655321,new_enriched
Cristian,Oyarzun,Cristian Oyarzun,Chief Marketing Officer,L'Oréal,Beauty,Beauty & Personal Care,C-Suite,cristian.oyarzun@loreal.com,,http://www.linkedin.com/in/cfob,new_enriched
Jennifer,Antczak,Jennifer Antczak,Chief Marketing Officer,The Coca-Cola Company,Beverage Conglomerates,Food & Beverage,C-Suite,jantczak@coca-cola.com,,http://www.linkedin.com/in/jenniferantczak,new_enriched
Steven,Hind,Steven Hind,CMO,PepsiCo,Beverage Conglomerates,Food & Beverage,C-Suite,steven.hind@pepsico.com,,http://www.linkedin.com/in/steven-hind-52198950,new_enriched
Alessia,Taddei,Alessia Taddei,Chief Marketing Officer,PepsiCo,Beverage Conglomerates,Food & Beverage,C-Suite,alessia.taddei@pepsico.com,,http://www.linkedin.com/in/alessia-taddei-337b42a,new_enriched
Ruchira,Jaitly,Ruchira Jaitly,Chief Marketing Officer,Diageo,Beverage Conglomerates,Food & Beverage,C-Suite,ruchira.jaitly@diageo.com,,http://www.linkedin.com/in/ruchira-jaitly-3692992,new_enriched
Tina,Mahal,Tina Mahal,Sr. VP of Marketing,PepsiCo,Beverage Conglomerates,Food & Beverage,VP,tina.d.mahal@pepsico.com,,http://www.linkedin.com/in/tina-mahal-marketing,new_enriched
Mike,Glaser,Mike Glaser,SVP of Marketing,PepsiCo,Beverage Conglomerates,Food & Beverage,VP,mike.glaser@pepsico.com,,http://www.linkedin.com/in/mikeglaser12,new_enriched
Javier,Meza,Javier Meza,"President, Marketing & Europe CMO",The Coca-Cola Company,Beverage Conglomerates,Food & Beverage,C-Suite,jameza@coca-cola.com,,http://www.linkedin.com/in/javier-meza-robayo,new_enriched
Guel,Lues,Guel Lues,"Chief Marketing Officer, Turkey",The Coca-Cola Company,Beverage Conglomerates,Food & Beverage,C-Suite,glus@coca-cola.com,,http://www.linkedin.com/in/g%c3%bcl-l%c3%bc%c5%9f-43681312,new_enriched
Allison,Litzinger,Allison Litzinger,"SVP, Chief Marketing Officer",SEPHORA,Beauty Retailers & Fast Fashion,Fashion & Apparel,C-Suite,allison.litzinger@sephora.com,,http://www.linkedin.com/in/allisonlitzinger,new_enriched
Adrien,Seuge,Adrien Seuge,Global Chief Marketing Officer OmniChannel - Luxe Division,L'Oréal,Beauty,Beauty & Personal Care,C-Suite,adrien.seuge@loreal.com,,http://www.linkedin.com/in/adrien-seug%c3%a9-91867b2,new_enriched
Karim,Elfiqi,Karim Elfiqi,Senior Vice President and Chief Marketing Officer Amesa,PepsiCo,Beverage Conglomerates,Food & Beverage,C-Suite,karim.elfiqi@pepsico.com,,http://www.linkedin.com/in/karim-elfiqi,new_enriched
Robert,Blythe,Robert Blythe,CMO & Vice President - Europe Beverages,PepsiCo,Beverage Conglomerates,Food & Beverage,C-Suite,robert.blythe@pepsico.com,,http://www.linkedin.com/in/robert-blythe-07832b12,new_enriched
Rocio,Zapata,Rocio Zapata,Senior Vice President Marketing YSL US,L'Oréal,Beauty,Beauty & Personal Care,C-Suite,rocio.zapata@loreal.com,,http://www.linkedin.com/in/rocio-zapata-b823254,new_enriched
Paula,Marconi,Paula Marconi,Chief Marketing Officer Europe,PepsiCo,Beverage Conglomerates,Food & Beverage,C-Suite,paula.marconi@pepsico.com,,http://www.linkedin.com/in/paula-m-13b3841,new_enriched
Rafa,Prandini,Rafa Prandini,Senior Vice President Marketing - Latin America,The Coca-Cola Company,Beverage Conglomerates,Food & Beverage,C-Suite,rprandini@coca-cola.com,,http://www.linkedin.com/in/rafa-prandini-a4712333,new_enriched
Nahema,Alcolea,Nahema Alcolea,Global Content Excellence - CMO Luxe Global,L'Oréal,Beauty,Beauty & Personal Care,C-Suite,nahema.conesaalcolea@loreal.com,,http://www.linkedin.com/in/nahema-conesa-alcolea-363b1592,new_enriched
Dario,Spina,Dario Spina,Chief Marketing Officer,Paramount,Big Media Networks & Studios,Media & Publishing,C-Suite,dario.spina@paramount.com,,http://www.linkedin.com/in/dariospina,new_enriched
Josh,Feldman,Josh Feldman,Chief Marketing Officer,"NBCUniversal Media, LLC",Big Media Networks & Studios,Media & Publishing,C-Suite,joshua.feldman@nbcuni.com,,http://www.linkedin.com/in/josh-feldman-19166583,new_enriched
Ece,Uslu,Ece Uslu,Chief Marketing Officer,Amazon,Other Enterprise,Other,C-Suite,ece.uslu@amazon.com,,http://www.linkedin.com/in/ece-uslu-41235aa,new_enriched
Amy,Campbell,Amy Campbell,Chief Marketing Officer,Paramount,Big Media Networks & Studios,Media & Publishing,C-Suite,amy_campbell@paramount.com,,http://www.linkedin.com/in/campbell-amy,new_enriched
Marian,Lee,Marian Lee,Chief Marketing Officer,Netflix,Streaming Platforms,Media & Publishing,C-Suite,marianl@netflix.com,,http://www.linkedin.com/in/marian-lee-bb27843,new_enriched
Viral,Jani,Viral Jani,Chief Revenue Officer,Universal Music Group,Music - Labels,Music & Live,C-Suite,viral.jani@umusic.com,,http://www.linkedin.com/in/viralrjani,new_enriched
Jay,Askinasi,Jay Askinasi,Chief Revenue Officer,Paramount,Big Media Networks & Studios,Media & Publishing,C-Suite,jay.askinasi@paramount.com,,http://www.linkedin.com/in/jay-askinasi-9309315,new_enriched
Cristina,Giosa,Cristina Giosa,"SVP, Chief Marketing Officer",The Walt Disney Company,Big Media Networks & Studios,Media & Publishing,C-Suite,cristina.giosa@disney.com,,http://www.linkedin.com/in/cristina-giosa-60757b49,new_enriched
Kimberly,Francella-Faver,Kimberly Francella-Faver,SVP Marketing & Brand Partnerships,NBCUniversal,Big Media Networks & Studios,Media & Publishing,VP,kimberly.francella@nbcuni.com,,http://www.linkedin.com/in/kimberly-francella-faver-a4232127,new_enriched
Sumit,Kapoor,Sumit Kapoor,Chief Marketing Officer - Amazon and Amazon Prime,Amazon,Other Enterprise,Other,C-Suite,sumitkap@amazon.com,,http://www.linkedin.com/in/sumit-kapoor-a55b576,new_enriched
Mimi,Swain,Mimi Swain,Chief Marketing Officer at Amazon Devices & Services,Amazon,Other Enterprise,Other,C-Suite,swainh@amazon.com,,http://www.linkedin.com/in/mimiswain,new_enriched
Antoine,Perouze,Antoine Perouze,"CMO - Head of Marketing Latam, Amazon Music",Amazon,Other Enterprise,Other,C-Suite,perouze@amazon.com,,http://www.linkedin.com/in/antoineperouze,new_enriched
Gregory,Borg,Gregory Borg,EMEA Chief Marketing Officer,Amazon,Other Enterprise,Other,C-Suite,borgg@amazon.com,,http://www.linkedin.com/in/gregory-borg-878a68136,new_enriched
Michael,Benson,Michael Benson,"President and Chief Marketing Officer, Paramount Television",Paramount,Big Media Networks & Studios,Media & Publishing,C-Suite,michael_benson@paramount.com,,http://www.linkedin.com/in/mibenson,new_enriched
Susie,Krajsa,Susie Krajsa,CMO,Live Nation,Music - Venues/Festivals,Music & Live,C-Suite,susie.krajsa@livenation.com,,http://www.linkedin.com/in/susie-krajsa-55b3315,new_enriched
Glen,Littlewood,Glen Littlewood,Senior Vice President Marketing,Live Nation Entertainment,Major Live Entertainment Venues,Music & Live,C-Suite,glen.littlewood@livenation.co.uk,,http://www.linkedin.com/in/glen-littlewood-47b44b8,new_enriched
Steve,Taliaferro,Steve Taliaferro,Senior Vice President Marketing,Live Nation Entertainment,Major Live Entertainment Venues,Music & Live,C-Suite,stevetaliaferro@livenation.com,,http://www.linkedin.com/in/steve-taliaferro-6a07371ab,new_enriched
David,Pepper,David Pepper,Senior Vice President Marketing Partnerships,Live Nation,Music - Venues/Festivals,Music & Live,C-Suite,david.pepper@livenation.co.uk,,http://www.linkedin.com/in/dapepper,new_enriched
Sean,Eggert,Sean Eggert,Chief Marketing Officer,National Hockey League (NHL),NHL Teams & League,Sports & Athletics,C-Suite,seggert@nhl.com,,http://www.linkedin.com/in/sean-eggert-1b39484,new_enriched
Phil,Cook,Phil Cook,Chief Marketing Officer,WNBA (Women's National Basketball Association),US Pro Sports Leagues,Sports & Athletics,C-Suite,pcook@wnba.com,,http://www.linkedin.com/in/philcook022,new_enriched
Uzma,Dowler,Uzma Dowler,"CMO & SVP, Global Corporate Partnerships",Major League Baseball (MLB),MLB Teams & League,Sports & Athletics,C-Suite,uzma.rawn@mlb.com,,http://www.linkedin.com/in/uzma-rawn-dowler-0659ba7,new_enriched
Tim,Ellis,Tim Ellis,EVP and Chief Marketing Officer,National Football League,US Pro Sports Leagues,Sports & Athletics,C-Suite,tim.ellis@nfl.com,,http://www.linkedin.com/in/tim-ellis-84b9b413,new_enriched
Andy,Weitz,Andy Weitz,Chief Marketing Officer at PGA TOUR,PGA TOUR,Sports Leagues (Global),Sports & Athletics,C-Suite,andyweitz@pgatourhq.com,,http://www.linkedin.com/in/andyweitz,new_enriched
Antonella,Dominici,Antonella Dominici,CRO (Chief Revenue Officer),DAZN,Other Enterprise,Other,C-Suite,antonella.dominici@dazn.com,,http://www.linkedin.com/in/antonella-dominici-n1,new_enriched
Walker,Jacobs,Walker Jacobs,Global Chief Revenue Officer and President DAZN USA,DAZN,Other Enterprise,Other,C-Suite,walker.jacobs@dazn.com,,http://www.linkedin.com/in/walkerjacobs,new_enriched
Adam,Knappy,Adam Knappy,Chief Marketing & Customer Officer,DAZN,Other Enterprise,Other,C-Suite,adam.knappy@dazn.com,,http://www.linkedin.com/in/adam-knappy-1800b358,new_enriched
Brian,Herbst,Brian Herbst,"EVP, Chief Media & Revenue Officer",NASCAR,NASCAR & Motorsports,Sports & Athletics,C-Suite,bherbst@nascar.com,,http://www.linkedin.com/in/brian-herbst-658bb91b,new_enriched
Carlton,Kitchens,Carlton Kitchens,"Senior Vice President, Corporate Partnerships",PGA TOUR,Sports Leagues (Global),Sports & Athletics,C-Suite,carltonkitchens@pgatourhq.com,,http://www.linkedin.com/in/carlton-kitchens-4966359,new_enriched
John,Espley,John Espley,"Vice President, Global Corporate Partnerships",PGA TOUR,Sports Leagues (Global),Sports & Athletics,C-Suite,johnespley@pgatourhq.com,,http://www.linkedin.com/in/john-espley-b9b647169,new_enriched
Dan,Glod,Dan Glod,"EVP, Corporate Partnerships",PGA TOUR,Sports Leagues (Global),Sports & Athletics,VP,danglod@pgatourhq.com,,http://www.linkedin.com/in/dan-glod-abbb9b4,new_enriched
Stuart,Bryan,Stuart Bryan,"Associate Vice President, Global Partnerships & Corporate Communications",National Basketball Association (NBA),US Pro Sports Leagues,Sports & Athletics,C-Suite,sbryan@nba.com,,http://www.linkedin.com/in/stuartwbryan,new_enriched
Brett,Grossfield,Brett Grossfield,"Associate Vice President, Media Partnerships & Business Development, Global Partnerships",National Basketball Association (NBA),US Pro Sports Leagues,Sports & Athletics,C-Suite,bgrossfield@nba.com,,http://www.linkedin.com/in/bgrossfield,new_enriched
Lauren,Sullivan,Lauren Sullivan,"Senior Vice President, Head of Marketing Partnerships",National Basketball Association (NBA),US Pro Sports Leagues,Sports & Athletics,C-Suite,lsullivan@nba.com,,http://www.linkedin.com/in/lauren-sullivan-3273714,new_enriched
Cat,Gaines,Cat Gaines,"Vice President, Global Marketing Partnerships",NBA,Sports,Sports & Athletics,C-Suite,cgaines@nba.com,,http://www.linkedin.com/in/cat-gaines-337b014,new_enriched
Alyssa,Sadler,Alyssa Sadler,"Vice President, Global Marketing Partnerships",National Basketball Association (NBA),US Pro Sports Leagues,Sports & Athletics,C-Suite,alyssasadler@nba.com,,http://www.linkedin.com/in/alyssasadler,new_enriched
Chris,Lewis,Chris Lewis,Senior Director of Marketing,Nike,Athletic Footwear/Apparel Giants,Sports & Athletics,Director,chris.lewis@nike.com,,http://www.linkedin.com/in/chris-lewis-968124360,new_enriched
Eric,Taylor,Eric Taylor,"Sr. Director, Sports Marketing, Leagues, Colleges and Partnerships",Nike,Athletic Footwear/Apparel Giants,Sports & Athletics,Director,eric.taylor@nike.com,,http://www.linkedin.com/in/eric-taylor-15260a8,new_enriched
Maggie,Wu,Maggie Wu,"VP of Marketing, Greater China",Nike,Athletic Footwear/Apparel Giants,Sports & Athletics,VP,maggie.wu@nike.com,,http://www.linkedin.com/in/maggiewu,new_enriched
Nikhil,Pandit,Nikhil Pandit,Senior Director - Gaming Partnerships and Licensing,Nike,Athletic Footwear/Apparel Giants,Sports & Athletics,Director,nikhil.pandit@nike.com,,http://www.linkedin.com/in/nikhil-pandit-a2320b30,new_enriched
Isabel,Rutherfurd,Isabel Rutherfurd,"Senior Director, Digital Acitivity & Partnerships",Nike,Athletic Footwear/Apparel Giants,Sports & Athletics,Director,isabel.rutherfurd@nike.com,,http://www.linkedin.com/in/isabelrutherfurd,new_enriched
Reggie,Saunders,Reggie Saunders,Sr. Dir of Entertainment Marketing,Nike,Athletic Footwear/Apparel Giants,Sports & Athletics,Other,reggie.saunders@nike.com,,http://www.linkedin.com/in/reggiesaunders,new_enriched
Olivier,Brun,Olivier Brun,Sports Marketing Senior Director,Nike,Athletic Footwear/Apparel Giants,Sports & Athletics,Director,olivier.brun@nike.com,,http://www.linkedin.com/in/olivier-brun-201b937,new_enriched
Jenna,Golden,Jenna Golden,"Senior Director, Global Communications | Athletes, Sport Partnerships & Brand Marketing",Nike,Athletic Footwear/Apparel Giants,Sports & Athletics,Director,jenna.golden@nike.com,,http://www.linkedin.com/in/jennargolden,new_enriched
Sari,Katz,Sari Katz,"Global Senior Director, Entertainment & Celebrity Partnerships",Nike,Athletic Footwear/Apparel Giants,Sports & Athletics,Director,sari.katz@nike.com,,http://www.linkedin.com/in/sarikatz,new_enriched
Bradley,Martin,Bradley Martin,"Senior Director, Global Brand Marketing",Nike,Athletic Footwear/Apparel Giants,Sports & Athletics,Director,brad.martin@nike.com,,http://www.linkedin.com/in/bmmrtin,new_enriched
Matthew,Cook,Matthew Cook,"Vice President, Partnerships",Live Nation Entertainment,Major Live Entertainment Venues,Music & Live,C-Suite,matthewcook@livenation.com,,http://www.linkedin.com/in/matthew-cook-53402b27,new_enriched
Josh,Bailin,Josh Bailin,"Vice President, Partnerships",Live Nation Entertainment,Major Live Entertainment Venues,Music & Live,C-Suite,joshbailin@livenation.com,,http://www.linkedin.com/in/joshbailin,new_enriched
Alexa,Torres,Alexa Torres,Senior Director of Marketing,Live Nation Entertainment,Major Live Entertainment Venues,Music & Live,Director,alexatorres@livenation.com,,http://www.linkedin.com/in/alexadtorres,new_enriched
Holly,Clausen,Holly Clausen,Senior Director of Marketing,Live Nation,Music - Venues/Festivals,Music & Live,Director,hollyclausen@livenation.com,,http://www.linkedin.com/in/hollyclausen,new_enriched
Harry,Plester,Harry Plester,Director of Marketing Partnerships,Live Nation Entertainment,Major Live Entertainment Venues,Music & Live,Director,harry.plester@livenation.co.uk,,http://www.linkedin.com/in/harry-plester-347b5154,new_enriched
Joe,McCollum,Joe McCollum,"Vice President, Partnerships & Promotion",Live Nation Entertainment,Major Live Entertainment Venues,Music & Live,C-Suite,joemccollum@livenation.com,,http://www.linkedin.com/in/joe-mccollum-aa1387164,new_enriched
Avril,O'Neill,Avril O'Neill,"Senior Director, Sponsorship & Marketing Partnerships",Live Nation Entertainment,Major Live Entertainment Venues,Music & Live,Director,avril.oneill@livenation.co.uk,,http://www.linkedin.com/in/avril-o-neill,new_enriched
Emma,Womack,Emma Womack,"Senior Director, Regional Sponsorships",Live Nation Entertainment,Major Live Entertainment Venues,Music & Live,Director,emmawomack@livenation.com,,http://www.linkedin.com/in/emma-womack-9296a64,new_enriched
Eric,Wachs,Eric Wachs,Sr. Director | Brand Partnerships,Live Nation Entertainment,Major Live Entertainment Venues,Music & Live,Director,ericwachs@livenation.com,,http://www.linkedin.com/in/ericwachs,new_enriched
Jim,Campling,Jim Campling,President UK Marketing Partnerships,Live Nation,Music - Venues/Festivals,Music & Live,C-Suite,jim.campling@livenation.co.uk,,http://www.linkedin.com/in/jim-campling-68462ba,new_enriched
Cecilia,Puliga,Cecilia Puliga,Director of Communications,Louis Vuitton,Luxury Fashion & Jewelry,Fashion & Apparel,Director,cecilia.puliga@louisvuitton.com,,http://www.linkedin.com/in/cecilia-puliga-b3387758,new_enriched
Marie,Dupont,Marie Dupont,Director of Communications,LVMH,Luxury Fashion,Fashion & Apparel,Director,marie.dupont@lvmh.com,,http://www.linkedin.com/in/marie-cristine-dupont-a949b7374,new_enriched
Marie,Namur,Marie Namur,Senior Director Marketing Business Development,LVMH,Luxury Fashion,Fashion & Apparel,Director,marie.namur@lvmh.com,,http://www.linkedin.com/in/marie-de-namur-09379124,new_enriched
Lynette,Chen,Lynette Chen,Senior Director of Marketing,Louis Vuitton,Luxury Fashion & Jewelry,Fashion & Apparel,Director,lynette.chen@louisvuitton.com,,http://www.linkedin.com/in/lynette-chen-34b17670,new_enriched
David,Schiffrin,David Schiffrin,"Sr. Director, Strategic Partnerships - Moët Hennessy USA",LVMH,Luxury Fashion,Fashion & Apparel,Director,schiffrind@lvmh.com,,http://www.linkedin.com/in/davidschiffrin,new_enriched
Jean,Arnault,Jean Arnault,"Director of Marketing and Development, Watches",Louis Vuitton,Luxury Fashion & Jewelry,Fashion & Apparel,Director,jean.arnault@louisvuitton.com,,http://www.linkedin.com/in/jean-arnault-a81600221,new_enriched
Mayuko,Ito,Mayuko Ito,"Senior Vice President Marketing, Communications, Merchandising Japan",Louis Vuitton,Luxury Fashion & Jewelry,Fashion & Apparel,C-Suite,mayuko.ito@louisvuitton.com,,http://www.linkedin.com/in/mayuko-ito-5113b37,new_enriched
Valentin,Vanstraesselle,Valentin Vanstraesselle,Head of Marketing - Formula 1 Partnership Moët & Chandon,Moët & Chandon,Other Enterprise,Other,Head,vvanstraesselle@moethennessy.com,,http://www.linkedin.com/in/valentin-vanstraesselle-4478757b,new_enriched
Sophia,Sinha,Sophia Sinha,Global Head Marketing Business Planning & Operations,Hennessy,Other Enterprise,Other,Head,sophia.sinha@moethennessy.com,,http://www.linkedin.com/in/sophiasinha,new_enriched
Beth,Barg,Beth Barg,"Senior Director, Media",Louis Vuitton,Luxury Fashion & Jewelry,Fashion & Apparel,Director,beth.haubenstock@louisvuitton.com,,http://www.linkedin.com/in/beth-haubenstock,new_enriched
Otto,Flores,Otto Flores,Sales & Marketing Director for the Caribbean,Patagonia,Outdoor Apparel,Sports & Athletics,Director,otto.flores@patagonia.com,,http://www.linkedin.com/in/otto-flores-2b932a21,new_enriched
Macarena,Sanchez,Macarena Sanchez,Marketing Director Chile,Patagonia,Outdoor Apparel,Sports & Athletics,Director,macarena.sanchez@patagonia.com,,http://www.linkedin.com/in/macarena-sanchez,new_enriched
Maria,Noguera,Maria Noguera,Argentina Marketing Director,Patagonia,Outdoor Apparel,Sports & Athletics,Director,maria.noguera@patagonia.com,,http://www.linkedin.com/in/mar%c3%ada-noguera-2a652423,new_enriched
Marion,Alexandre,Marion Alexandre,Sales and Marketing Director EMEA WSE,Salomon,Athletic Footwear/Apparel Giants,Sports & Athletics,Director,marion.alexandre@salomon.com,,http://www.linkedin.com/in/marion-alexandre-4769839a,new_enriched
Marek,Maciaszczyk,Marek Maciaszczyk,"Head of Marketing, Eastern Europe",Salomon,Athletic Footwear/Apparel Giants,Sports & Athletics,Head,marek.maciaszczyk@salomon.com,,http://www.linkedin.com/in/marekmaciaszczyk,new_enriched
Daniela,Bettosini,Daniela Bettosini,Marketing Director EMEA,Salomon,Athletic Footwear/Apparel Giants,Sports & Athletics,Director,daniela.bettosini@salomon.com,,http://www.linkedin.com/in/danielabettosini,new_enriched
Kate,Rose,Kate Rose,"Director, Retail Brand Marketing",Arc'teryx Equipment,Outdoor Apparel,Sports & Athletics,Director,kate.rose1@arcteryx.com,,http://www.linkedin.com/in/kate-rose-55a640102,new_enriched
Emily,Buck,Emily Buck,"Director of Marketing, North America",Mammut Sports Group AG,Outdoor/Adventure,Sports & Athletics,Director,emily.buck@mammut.com,,http://www.linkedin.com/in/emily-margolis-buck-93326b32,new_enriched
Nakahama,Heizo,Nakahama Heizo,Head of Marketing,Mammut Sports Group Japan,Outdoor/Adventure,Sports & Athletics,Head,heizo.nakahama@mammut.com,,http://www.linkedin.com/in/nakahama-heizo-a5037b6b,new_enriched
Karen,Lu,Karen Lu,Head of Marketing,"The North Face, a VF Company",Outdoor Apparel,Sports & Athletics,Head,karen_lu1@vfc.com,,http://www.linkedin.com/in/karen-lu-2a6b701a3,new_enriched
Pascale,Graffmann,Pascale Graffmann,Marketing Director,Columbia Sportswear Company,Outdoor Apparel,Sports & Athletics,Director,pgraffmann@columbia.com,,http://www.linkedin.com/in/pascale-graffmann-39a4aa8,new_enriched
Mike,Wills,Mike Wills,"Marketing Director, Ecommerce",Columbia Sportswear Company,Outdoor Apparel,Sports & Athletics,Director,mike.wills@columbia.com,,http://www.linkedin.com/in/michaeljwillsjr,new_enriched
Jasmine,Fernandez,Jasmine Fernandez,Marketing Director,prAna,Outdoor/Adventure,Sports & Athletics,Director,jasmine.fernandez@prana.com,,http://www.linkedin.com/in/jasmine-fernandez-82985835,new_enriched
Gina,Turpel,Gina Turpel,Director of Marketing,"Osprey Packs, Inc.",Outdoor Drinkware & Coolers,Sports & Athletics,Director,gina.turpel@osprey.com,,http://www.linkedin.com/in/ginaturpel,new_enriched
Bill,Neff,Bill Neff,Head of Marketing,YETI,Outdoor Drinkware & Coolers,Sports & Athletics,Head,bneff@yeti.com,,http://www.linkedin.com/in/bill-neff-92707267,new_enriched
Yiorgos,Makris,Yiorgos Makris,Director of Marketing,Hydro Flask,Outdoor Drinkware & Coolers,Sports & Athletics,Director,yiorgos.makris@hydroflask.com,,http://www.linkedin.com/in/ymakris11,new_enriched
Amanda,Schreier,Amanda Schreier,"General Manager, Global E-Commerce and NA Marketing Director",Sea to Summit,Outdoor/Adventure,Sports & Athletics,Director,amanda@seatosummit.com,,http://www.linkedin.com/in/amanda-schreier-54878625,new_enriched
Andrea,Ko,Andrea Ko,"Director, Ecommerce Marketing",YETI,Outdoor Drinkware & Coolers,Sports & Athletics,Director,andrea.ko@yeti.com,,http://www.linkedin.com/in/andrea-ko-34571a16,new_enriched
Katie,Hughes,Katie Hughes,Director of Marketing and eCommerce,Big Agnes Inc,Camping Gear,Travel & Hospitality,Director,khughes@bigagnes.com,,http://www.linkedin.com/in/katie-hughes-47aa5557,new_enriched
Arnaud,Delaittre,Arnaud Delaittre,Marketing Director,Petzl,Outdoor/Adventure,Sports & Athletics,Director,adelaittre@petzl.com,,http://www.linkedin.com/in/arnaud-delaittre-28235278,new_enriched
Nicole,Kleppe,Nicole Kleppe,Head of Global Brand Partnerships,HOKA,Alt Sneaker & Comfort Footwear,Fashion & Apparel,Head,nicole.janiga@hoka.com,,http://www.linkedin.com/in/nicolejaniga,new_enriched
Alexandre,Knebel,Alexandre Knebel,Head of Marketing,On,Other Enterprise,Other,Head,alexandre.knebel@on-running.com,,http://www.linkedin.com/in/alexandre-knebel,new_enriched
Tiziana,Temerario,Tiziana Temerario,Head of Marketing,HOKA,Alt Sneaker & Comfort Footwear,Fashion & Apparel,Head,tiziana.temerario@deckers.com,,http://www.linkedin.com/in/tizianatemerario,new_enriched
Garrett,Heath,Garrett Heath,Head of Sports Marketing,Brooks Running,Running Brands,Sports & Athletics,Head,garrett.heath@brooksrunning.com,,http://www.linkedin.com/in/garrett-heath-1a861a8,new_enriched
Jeroen,Meijer,Jeroen Meijer,Marketing Director EMEA,KEEN,Other Enterprise,Other,Director,jeroen.meijer@keenfootwear.com,,http://www.linkedin.com/in/jeroen-meijer,new_enriched
Jonathan,Quint,Jonathan Quint,Product & Marketing Director EMEA,Merrell,Outdoor/Adventure,Sports & Athletics,Director,jonathan.quint@merrell.com,,http://www.linkedin.com/in/jonny-quint,new_enriched
Janna,Honegger,Janna Honegger,Head of Retail Marketing,On,Other Enterprise,Other,Head,janna.honegger@on-running.com,,http://www.linkedin.com/in/janna-honegger-pdx,new_enriched
Nicole,Underwood,Nicole Underwood,"Brand Marketing Director, Lifestyle",Saucony,Outdoor/Adventure,Sports & Athletics,Director,underwood@saucony.com,,http://www.linkedin.com/in/nicole-underwood-bos,new_enriched
Tom,Taylor,Tom Taylor,Director GTM and Wholesale Marketing,Altra Running,Outdoor/Adventure,Sports & Athletics,Director,tom_taylor@vfc.com,,http://www.linkedin.com/in/tom-c-taylor-jr,new_enriched
Caspar,Pfennigsdorf,Caspar Pfennigsdorf,Head of Olympics Marketing,On,Other Enterprise,Other,Head,caspar.pfennigsdorf@on-running.com,,http://www.linkedin.com/in/caspar-pfennigsdorf-92549a224,new_enriched
Christina,Stewart,Christina Stewart,"Marketing Director, Content Strategy",Toad&Co,Sustainable/Eco Brands,Other,Director,cwiesendanger@toadandco.com,,http://www.linkedin.com/in/cwiesendanger,new_enriched
Steven,McCann,Steven McCann,Marketing Director,Toad&Co,Sustainable/Eco Brands,Other,Director,smccann@toadandco.com,,http://www.linkedin.com/in/stevemccann,new_enriched
Jean,Pourrat,Jean Pourrat,Head of Marketing,VEJA,Alt Sneaker & Comfort Footwear,Fashion & Apparel,Head,jean.pourrat@veja.fr,,http://www.linkedin.com/in/jeanpourrat,new_enriched
Ed,Lew,Ed Lew,"Director, Growth Marketing",ThredUp,Sustainable/Eco Brands,Other,Director,ed.lew@thredup.com,,http://www.linkedin.com/in/edwardlew,new_enriched
Adam,Clarke,Adam Clarke,"Director, Payments Partnerships and Strategy",Poshmark,Resale Marketplaces,Retail & Home,Director,adamc@poshmark.com,,http://www.linkedin.com/in/clarke3,new_enriched
Kristen,Dean,Kristen Dean,Marketing Director,Poshmark,Resale Marketplaces,Retail & Home,Director,dean@poshmark.com,,http://www.linkedin.com/in/kristen-dean-74199a154,new_enriched
Ann,Piazza,Ann Piazza,"Director, People + Culture Partners","EILEEN FISHER, INC.",Sustainable/Eco Brands,Other,Director,apiazza@eileenfisher.com,,http://www.linkedin.com/in/ann-marie-piazza-4842b828,new_enriched
Lilah,Horwitz,Lilah Horwitz,Director of Renew Content and Marketing,"EILEEN FISHER, INC.",Sustainable/Eco Brands,Other,Director,lhorwitz@eileenfisher.com,,http://www.linkedin.com/in/lilah-horwitz,new_enriched
Jennifer,Vollmert,Jennifer Vollmert,"Director, Retention Marketing",Grove Collaborative,Sustainable/Eco Brands,Other,Director,jvollmert@grove.co,,http://www.linkedin.com/in/jennifer-vollmert-48001421,new_enriched
Emily,Harlan,Emily Harlan,"Sr Director, Integrated Marketing, Media and Paid Partnerships",Beyond Meat,Sustainable/Eco Brands,Other,Director,emily.harlan@beyondmeat.com,,http://www.linkedin.com/in/emily-harlan-88702199,new_enriched
Anna,Cushing,Anna Cushing,"Marketing Director, Customer Marketing",Impossible Foods,Sustainable/Eco Brands,Other,Director,anna.cushing@impossiblefoods.com,,http://www.linkedin.com/in/annabcushing,new_enriched
Naya,Coard,Naya Coard,"Legal Director, Sales & Marketing",Chobani,Sustainable/Eco Brands,Other,Director,naya.coard@chobani.com,,http://www.linkedin.com/in/nayacoard,new_enriched
Audrey,Arbeeny,Audrey Arbeeny,Head of Marketing,KIND,Other Enterprise,Other,Head,audrey.arbeeny@kindsnacks.co.uk,,http://www.linkedin.com/in/audrey-arbeeny-568aa715,new_enriched
Kevin,Panitch,Kevin Panitch,Director of Marketing,Vital Farms,Sustainable/Eco Brands,Other,Director,kevin.panitch@vitalfarms.com,,http://www.linkedin.com/in/kevin-panitch-4401814b,new_enriched
Lauren,Mack,Lauren Mack,Director of Marketing,Vital Farms,Sustainable/Eco Brands,Other,Director,lauren.mack@vitalfarms.com,,http://www.linkedin.com/in/lauren-mack-stacy-14054495,new_enriched
Valerie,Van Arkel,Valerie Van Arkel,"Director of Marketing, Zbar",Clif Bar & Company,Sustainable/Eco Brands,Other,Director,vvanarkel@clifbar.com,,http://www.linkedin.com/in/vvanarkel,new_enriched
Bill,Viscuso,Bill Viscuso,"Director, Marketing Finance",KIND,Other Enterprise,Other,Director,bviscuso@kindsnacks.com,,http://www.linkedin.com/in/bill-viscuso-7a99a946,new_enriched
Tomoaki,Moribe,Tomoaki Moribe,Marketing Director,Salomon,Athletic Footwear/Apparel Giants,Sports & Athletics,Director,tomoaki.moribe@salomon.com,,http://www.linkedin.com/in/tomoaki-moribe-14a69614,new_enriched
Erin,Cooper,Erin Cooper,"Director, Marketing",Salomon,Athletic Footwear/Apparel Giants,Sports & Athletics,Director,erin.cooper@salomon.com,,http://www.linkedin.com/in/erin-cooper-37826352,new_enriched
Damien,Chatagnon,Damien Chatagnon,Marketing Director Winter Sports,Salomon,Athletic Footwear/Apparel Giants,Sports & Athletics,Director,damien.chatagnon@salomon.com,,http://www.linkedin.com/in/dchatagnon,new_enriched
Geoff,Rogers,Geoff Rogers,Director of Marketing,Specialized Bicycle Components,Bicycles & Cycling Gear,Sports & Athletics,Director,geoff.rogers@specialized.com,,http://www.linkedin.com/in/geoff-rogers,new_enriched
Kate,Powlison,Kate Powlison,Category Marketing Director,"SRAM, LLC",Outdoor/Adventure,Sports & Athletics,Director,kpowlison@sram.com,,http://www.linkedin.com/in/muddylegs,new_enriched
Ian,Callaghan,Ian Callaghan,Asia Pacific Marketing & E-Commerce Director,Trek Bicycle,Bicycles & Cycling Gear,Sports & Athletics,Director,ian_callaghan@trekbikes.com,,http://www.linkedin.com/in/ian-callaghan-22849743,new_enriched
Tyler,Morland,Tyler Morland,Category Marketing Director,"SRAM, LLC",Outdoor/Adventure,Sports & Athletics,Director,tmorland@sram.com,,http://www.linkedin.com/in/tyler-morland-7a8b4a43,new_enriched
James,Eastwood,James Eastwood,Marketing Director - Europe,Trek Bicycle,Bicycles & Cycling Gear,Sports & Athletics,Director,james_eastwood@trekbikes.com,,http://www.linkedin.com/in/james-eastwood-b5146b15,new_enriched
Reuben,Hernandez,Reuben Hernandez,Head of Marketing and Retail,Giant Bicycle,Outdoor/Adventure,Sports & Athletics,Head,reubenhernandez@giantbicycle.com,,http://www.linkedin.com/in/reuben-hernandez-0b44ba4,new_enriched
Katie,McManus-Owen,Katie McManus-Owen,"Global Marketing Director, Go-To-Market",Cannondale,Bicycles & Cycling Gear,Sports & Athletics,Director,katie.mcmanus-owen@cannondale.com,,http://www.linkedin.com/in/katievmcmanus,new_enriched
Christine,Rose,Christine Rose,Director of Marketing and Community Relations,The Greens at Cannondale,Bicycles & Cycling Gear,Sports & Athletics,Director,crose@thegreensatcannondale.com,,http://www.linkedin.com/in/christine-rose-28269311,new_enriched
Santiago,Zamora Arroyave,Santiago Zamora Arroyave,Director Marketing & Fidelización,Specialized Bicycle Components,Bicycles & Cycling Gear,Sports & Athletics,Director,santiago.zamora@specialized.com,,http://www.linkedin.com/in/santiago-zamora-arroyave-ba4289a0,new_enriched
Stephanie,Feiner,Stephanie Feiner,Director of Marketing Project Management and Production,Trek Bicycle,Bicycles & Cycling Gear,Sports & Athletics,Director,stephanie_feiner@trekbikes.com,,http://www.linkedin.com/in/stephaniefeiner,new_enriched
Jake,Strassburger,Jake Strassburger,USA Market Director,Atomic,Other Enterprise,Other,Director,jake.strassburger@atomic.com,,http://www.linkedin.com/in/jake-strassburger-98b9018,new_enriched
Alexis,Ratajczak,Alexis Ratajczak,Softgoods Marketing Director,Groupe Rossignol,Outdoor/Adventure,Sports & Athletics,Director,aratajczak@rossignol.com,,http://www.linkedin.com/in/alexisratajczak,new_enriched
Jeff,Courter,Jeff Courter,"Director of Marketing, Nordic Equipment",Rossignol Group,Outdoor/Adventure,Sports & Athletics,Director,jcourter@rossignol.com,,http://www.linkedin.com/in/jeff-courter-a759b4138,new_enriched
Rachel,Adelson,Rachel Adelson,Marketing/Creative Operations Director,Burton Snowboards,Alt Sneaker & Comfort Footwear,Fashion & Apparel,Director,rachela@burton.com,,http://www.linkedin.com/in/rachelaadelson,new_enriched
Blair,Blackie,Blair Blackie,"Omnichannel Sales and Marketing Director, EMEA",Atomic,Other Enterprise,Other,Director,blair.blackie@atomic.com,,http://www.linkedin.com/in/blair-blackie-090580210,new_enriched
Pepe,Reynoso,Pepe Reynoso,Head of Marketing,Specialized Bicycle Components,Bicycles & Cycling Gear,Sports & Athletics,Head,preynoso@specialized.com,,http://www.linkedin.com/in/pepe-reynoso-52a470243,new_enriched
Drew,Sivers,Drew Sivers,Market Director,Salomon,Athletic Footwear/Apparel Giants,Sports & Athletics,Director,drew.sivers@salomon.com,,http://www.linkedin.com/in/drew-sivers-14a99213,new_enriched
Olivia,Auxier,Olivia Auxier,Business Development & Partnerships Director,Headspace,Meditation & Mindfulness Apps,Health & Wellness,Director,olivia.auxier@headspace.com,,http://www.linkedin.com/in/oliviaauxier,new_enriched
Dionte,Madden,Dionte Madden,Partnerships Territory Director - Mid Market & SMB,Lyra Health,Wellness/Mental Health,Health & Wellness,Director,dmadden@lyrahealth.com,,http://www.linkedin.com/in/diontemadden,new_enriched
Danielle,Brower-Lingsch,Danielle Brower-Lingsch,Partnerships Director,Lyra Health,Wellness/Mental Health,Health & Wellness,Director,dbrower-lingsch@lyrahealth.com,,http://www.linkedin.com/in/danielle-brower-lingsch-25aa8a7b,new_enriched
Leah,Domenici,Leah Domenici,Partnerships Director,Lyra Health,Wellness/Mental Health,Health & Wellness,Director,ldomenici@lyrahealth.com,,http://www.linkedin.com/in/leah-domenici,new_enriched
Garrett,Schmitt,Garrett Schmitt,Partnerships Director,Lyra Health,Wellness/Mental Health,Health & Wellness,Director,gschmitt@lyrahealth.com,,http://www.linkedin.com/in/gare-bb,new_enriched
Tracee,Lewis,Tracee Lewis,Partnerships Director,Lyra Health,Wellness/Mental Health,Health & Wellness,Director,tracee@lyrahealth.com,,http://www.linkedin.com/in/tracee-lewis,new_enriched
Amruth,Chamraj,Amruth Chamraj,"Partnerships Director, Mid-Market",Lyra Health,Wellness/Mental Health,Health & Wellness,Director,achamraj@lyrahealth.com,,http://www.linkedin.com/in/amruthchamraj,new_enriched
Kate,Lavie,Kate Lavie,Partnerships Director,Lyra Health,Wellness/Mental Health,Health & Wellness,Director,klavie@lyrahealth.com,,http://www.linkedin.com/in/kate-lavie,new_enriched
Kasie,Fatig,Kasie Fatig,Partnerships Director,Lyra Health,Wellness/Mental Health,Health & Wellness,Director,kfatig@lyrahealth.com,,http://www.linkedin.com/in/kasiefatig,new_enriched
Matthew,Armstrong,Matthew Armstrong,"Director, Therapist Marketing",BetterHelp,Wellness/Mental Health,Health & Wellness,Director,matt.armstrong@betterhelp.com,,http://www.linkedin.com/in/matthew-armstrong-a68596160,new_enriched
Aasim,Khan,Aasim Khan,"Director, Brand & Commercial Partnerships",ŌURA,Wellness/Mental Health,Health & Wellness,Director,aasim.khan@ouraring.com,,http://www.linkedin.com/in/aasimkhan,new_enriched
Kellie,Wesser,Kellie Wesser,"Director, Growth Marketing & Media",ŌURA,Wellness/Mental Health,Health & Wellness,Director,kellie.wesser@ouraring.com,,http://www.linkedin.com/in/kelliewesser,new_enriched
Tommy,Witbeck,Tommy Witbeck,Director of Partnerships,ŌURA,Wellness/Mental Health,Health & Wellness,Director,tommy.witbeck@ouraring.com,,http://www.linkedin.com/in/tommywitbeck,new_enriched
Kayla,Jones,Kayla Jones,"Director, Partnerships",ŌURA,Wellness/Mental Health,Health & Wellness,Director,kayla.jones@ouraring.com,,http://www.linkedin.com/in/kayla-jones-453851b3,new_enriched
Kelly,Hickey,Kelly Hickey,"Director, Partnerships",ŌURA,Wellness/Mental Health,Health & Wellness,Director,kelly.hickey@ouraring.com,,http://www.linkedin.com/in/kellynearyhickey,new_enriched
Adela,Blackford,Adela Blackford,Marketing Director ANZ,WHOOP,Wellness/Mental Health,Health & Wellness,Director,adela.blackford@whoop.com,,http://www.linkedin.com/in/adelablackford,new_enriched
Melody,Gilbert,Melody Gilbert,Partnerships Director,Lyra Health,Wellness/Mental Health,Health & Wellness,Director,mgilbert@lyrahealth.com,,http://www.linkedin.com/in/melodygilbert,new_enriched
Casey,Moore,Casey Moore,"Director of Marketing, Peloton for Business",Peloton Interactive,Alt Sneaker & Comfort Footwear,Fashion & Apparel,Director,casey.moore@onepeloton.com,,http://www.linkedin.com/in/casey-moore-a9531583,new_enriched
Nikki,Emmans,Nikki Emmans,"Marketing Director, Australia",Peloton Interactive,Alt Sneaker & Comfort Footwear,Fashion & Apparel,Director,nikki.emmans@onepeloton.com,,http://www.linkedin.com/in/nikkiemmans,new_enriched
Eduarda,Sader,Eduarda Sader,Marketing Director,Peloton Interactive,Alt Sneaker & Comfort Footwear,Fashion & Apparel,Director,eduarda.sader@onepeloton.com,,http://www.linkedin.com/in/eduardasader,new_enriched
Dustin,Schumacher,Dustin Schumacher,Director of Social Media and Sponsorships,Bass Pro Shops,Hunting/Fishing,Sports & Athletics,Director,dschumacher@basspro.com,,http://www.linkedin.com/in/dustin-schumacher-47b3581b,new_enriched
Ashley,Givens,Ashley Givens,Director of Marketing,Vortex Optics,Hunting/Fishing,Sports & Athletics,Director,agivens@vortexoptics.com,,http://www.linkedin.com/in/ashley-givens-123bb316,new_enriched
Ben,Blakesley,Ben Blakesley,Marketing Leader,SITKA Gear,Hunting/Fishing,Sports & Athletics,Other,bblakesl@wlgore.com,,http://www.linkedin.com/in/benblakesley,new_enriched
Nicole,Meyers,Nicole Meyers,"Director of Marketing, Credit Card & Loyalty Programs",Bass Pro Shops,Hunting/Fishing,Sports & Athletics,Director,nmeyers@basspro.com,,http://www.linkedin.com/in/nicole-meyers,new_enriched
Collin,Mellott,Collin Mellott,Director of Marketing,Bass Pro Shops,Hunting/Fishing,Sports & Athletics,Director,cmellott@basspro.com,,http://www.linkedin.com/in/collin-mellott-2a909a8,new_enriched
Connor,Douglas,Connor Douglas,Marketing Director,Orvis,Hunting/Fishing,Sports & Athletics,Director,connor.douglas@orvis.com,,http://www.linkedin.com/in/connor-douglas-7a3863133,new_enriched
Tom,Rosenbauer,Tom Rosenbauer,Director of Marketing,ORVIS COMPANY INC(THE),Hunting/Fishing,Sports & Athletics,Director,rosenbauert@orvis.com,,http://www.linkedin.com/in/tom-rosenbauer-31b6895,new_enriched
Red,Kulper,Red Kulper,Brand Portfolio Marketing Director,Far Bank Enterprises,Hunting/Fishing,Sports & Athletics,Director,rkulper@farbank.com,,http://www.linkedin.com/in/red-kulper-48a87bb4,new_enriched
Kyle,Smith,Kyle Smith,"Director, Social Media & Brand Partnerships",Solo Stove,Home Appliances,Retail & Home,Director,kyle.smith@solostove.com,,http://www.linkedin.com/in/kyle-smith-002a3639,new_enriched
Tyler,Digiovanni,Tyler Digiovanni,Director of Partnerships,Solo Stove,Home Appliances,Retail & Home,Director,tyler.digiovanni@solostove.com,,http://www.linkedin.com/in/tylerdigiovanni,new_enriched
Riana,Battista,Riana Battista,Marketing and Creative Director,Hurley,Snow/Surf Action Sports Apparel,Sports & Athletics,Director,riana_battista@hurley.com,,http://www.linkedin.com/in/rianabattista,new_enriched
Todd,Saunders,Todd Saunders,"Creative Director, Quiksilver Global Marketing",Quiksilver,Snow/Surf Action Sports Apparel,Sports & Athletics,Director,todd.saunders@quiksilver.eu,,http://www.linkedin.com/in/todd-saunders-a9a56172,new_enriched
Alex,Auchu,Alex Auchu,Head of WHSL Marketing,Vans,Snow/Surf Action Sports Apparel,Sports & Athletics,Head,alex_auchu@vfc.com,,http://www.linkedin.com/in/alex-auchu-b79b8917,new_enriched
Abby,Gonzales,Abby Gonzales,Director- Social & Marketing,Hurley,Snow/Surf Action Sports Apparel,Sports & Athletics,Director,abby_gonzales@hurley.com,,http://www.linkedin.com/in/abby-gonzales,new_enriched
Garth,Tarlow,Garth Tarlow,Head of Marketing,O'Neill,Surf/Water Sports,Sports & Athletics,Head,garth.tarlow@oneillclothing.com,,http://www.linkedin.com/in/garth-tarlow-65252470,new_enriched
Brock,Taylor,Brock Taylor,Lifestyle Marketing Director,Sun Bum,SPF & Sun Care,Beauty & Personal Care,Director,brock@sunbum.com,,http://www.linkedin.com/in/brock-taylor-51037926,new_enriched
Rhiannon,Williams,Rhiannon Williams,Marketing Director UK,Califia Farms,Other Enterprise,Other,Director,rwilliams@califiafarms.com,,http://www.linkedin.com/in/rhiannon-williams-527b68194,new_enriched
Alan,Gagne,Alan Gagne,Sales & Marketing Director,"Eat Just, Inc.",Other Enterprise,Other,Director,agagne@ju.st,,http://www.linkedin.com/in/alangagne,new_enriched
Chris,Gailey,Chris Gailey,Marketing Leader,L.L.Bean,Other Enterprise,Other,Other,cgailey@llbean.com,,http://www.linkedin.com/in/chris-gailey-3128615,new_enriched
Mel,Connell,Mel Connell,Head of Marketing,Notpla,Other Enterprise,Other,Head,mel@notpla.com,,http://www.linkedin.com/in/mel-connell,new_enriched
Tara,Jackson,Tara Jackson,"Senior Director, Strategic Partnerships & Influencer Marketing",Thorne,Other Enterprise,Other,Director,tjackson@thorne.com,,http://www.linkedin.com/in/taramjackson,new_enriched
Eryn,Palmer,Eryn Palmer,"Sr Director, Product Innovation, Marketing",Thorne,Other Enterprise,Other,Director,epalmer@thorne.com,,http://www.linkedin.com/in/erynfeinsod,new_enriched
Frankie,Templeton,Frankie Templeton,"Director, Customer and Distribution Marketing",Thorne,Other Enterprise,Other,Director,ftempleton@thorne.com,,http://www.linkedin.com/in/frankiemohylsky,new_enriched
Tessa,Cotron,Tessa Cotron,"Senior Director of Data Science and Analytics, Marketing",Thorne,Other Enterprise,Other,Director,tcotron@thorne.com,,http://www.linkedin.com/in/tessa-cotron-5b9647111,new_enriched
Shiran,Cerino,Shiran Cerino,"Senior Director, Brand Partnerships",AG1,Wellness/Mental Health,Health & Wellness,Director,shiran.cerino@athleticgreens.com,,http://www.linkedin.com/in/shiranzech,new_enriched
Daryl,West,Daryl West,"Director, Brand & Community Partnerships",AG1,Wellness/Mental Health,Health & Wellness,Director,daryl.west@athleticgreens.com,,http://www.linkedin.com/in/daryl-west-18658223,new_enriched
Lisa,Hassig,Lisa Hassig,"Director, Global Brand & Sports Partnerships",AG1,Wellness/Mental Health,Health & Wellness,Director,lisa.hassig@drinkag1.com,,http://www.linkedin.com/in/lisahassig,new_enriched
Emily,Fletcher,Emily Fletcher,"Director, Creator Partnerships",AG1,Wellness/Mental Health,Health & Wellness,Director,emily.fletcher@drinkag1.com,,http://www.linkedin.com/in/emkdrake,new_enriched
Steph,Fowler,Steph Fowler,Director of Partnerships,AG1,Wellness/Mental Health,Health & Wellness,Director,steph.fowler@drinkag1.com,,http://www.linkedin.com/in/steph-fowler-67371585,new_enriched
Lucinda,Van Horn,Lucinda Van Horn,Market Director,Petco,Pet Retail & Services,Retail & Home,Director,cindi.vanhorn@petco.com,,http://www.linkedin.com/in/lucinda-van-horn-84363683,new_enriched
Joshua,Lapidus,Joshua Lapidus,Marketing Director,Rover.com,Pet Retail & Services,Retail & Home,Director,josh.lapidus@rover.com,,http://www.linkedin.com/in/joshuaclapidus,new_enriched
Brittany,Lacey,Brittany Lacey,Brand Marketing Director,Nom Nom,Pet Brands,Other,Director,brittany.lacey@nomnomnow.com,,http://www.linkedin.com/in/brittanyalacey,new_enriched
Samantha,Stryker,Samantha Stryker,"Director, Marketing",PetSmart,Pet Retail & Services,Retail & Home,Director,sbrowne@petsmart.com,,http://www.linkedin.com/in/brownesamantha,new_enriched
Bryan,Harding,Bryan Harding,"Director, Brand Strategy & Marketing",PetSmart Charities,Pet Retail & Services,Retail & Home,Director,bryan_harding@petsmart.com,,http://www.linkedin.com/in/bryan-harding-83248211,new_enriched
Wyatt,Tennant,Wyatt Tennant,Director of Marketing and Business Development,PetSmart,Pet Retail & Services,Retail & Home,Director,wyatt.tennant@petsmart.com,,http://www.linkedin.com/in/wyatt-tennant-892057187,new_enriched
Scott,Jacobek,Scott Jacobek,Market Director,Petco,Pet Retail & Services,Retail & Home,Director,scott.jacobek@petco.com,,http://www.linkedin.com/in/scottjacobek,new_enriched
Mary,Johnson,Mary Johnson,Market Director,Petco,Pet Retail & Services,Retail & Home,Director,mary.johnson@petco.com,,http://www.linkedin.com/in/mary-johnson-a85b9834,new_enriched
Brandon,Smith,Brandon Smith,Market Director,Petco,Pet Retail & Services,Retail & Home,Director,brandon.smith@petco.com,,http://www.linkedin.com/in/brandon-smith-86b640169,new_enriched
David,Gusler,David Gusler,Market Director,Petco,Pet Retail & Services,Retail & Home,Director,david.gusler@petco.com,,http://www.linkedin.com/in/davidgusler,new_enriched
Marques,Davis,Marques Davis,Director of Marketing Planning & Performance,Mount Airy Candle Co.,Other Enterprise,Other,Director,marques.davis@ikea.com,,http://www.linkedin.com/in/marques-c-davis,new_enriched
Nyle,Watterson,Nyle Watterson,Marketing Leader,Ashley Furniture Industries,Home/Furniture,Retail & Home,Other,nwatterson@ashleyfurniture.com,,http://www.linkedin.com/in/nylewatterson,new_enriched
Carole,Feleppa,Carole Feleppa,Marketing Director,IKEA France,Home Furnishings & Interior Retail,Retail & Home,Director,carole.feleppa@ikea.com,,http://www.linkedin.com/in/carole-feleppa-447b573,new_enriched
Heba,Auf,Heba Auf,Marketing Leader,IKEA,Home Furnishings & Interior Retail,Retail & Home,Other,heba@ikea.com,,http://www.linkedin.com/in/hebaouf,new_enriched
Dave,McKinnon,Dave McKinnon,Marketing Director,Ashley Furniture Industries,Home/Furniture,Retail & Home,Director,dmckinnon@ashleyfurniture.com,,http://www.linkedin.com/in/dave-mckinnon-371b272a,new_enriched
Elena,Ramos,Elena Ramos,Marketing Director,IKEA,Home Furnishings & Interior Retail,Retail & Home,Director,elena.ramos@ikea.com,,http://www.linkedin.com/in/elena-ramos-525ba493,new_enriched
Carlo,Franco,Carlo Franco,Director of Marketing Performance,IKEA,Home Furnishings & Interior Retail,Retail & Home,Director,carlo.franco@ikea.com,,http://www.linkedin.com/in/carlo-franco,new_enriched
Makenna,Frahmann,Makenna Frahmann,Director of Marketing,Yellowbird®,Baby/Kids,Other,Director,makenna@yellowbirdfoods.com,,http://www.linkedin.com/in/makenna-frahmann,new_enriched
Hannah,Ewing,Hannah Ewing,Director of Marketing,Solly Baby,DTC Telehealth & Wellness,Health & Wellness,Director,hannah@sollybaby.com,,http://www.linkedin.com/in/hannahgewing,new_enriched
Melissa,Gannett,Melissa Gannett,"Associate Director, Marketing",Chewy,Pet Retail & Services,Retail & Home,Director,mliebman@chewy.com,,http://www.linkedin.com/in/melissagannett,new_enriched
Hilary,Neve,Hilary Neve,Global Head of Partnerships & Brand Communications,SharkNinja,Premium Kitchen Appliances,Retail & Home,Head,hilary.neve@sharkninja.com,,http://www.linkedin.com/in/hilary-neve,new_enriched
Massimo,Zordo,Massimo Zordo,Marketing Director EMEA Distributors,SharkNinja,Premium Kitchen Appliances,Retail & Home,Director,mdezordo@sharkninja.com,,http://www.linkedin.com/in/dezordo,new_enriched
Saveria,Farges,Saveria Farges,Marketing Director Southern Europe,Dyson,Consumer Electronics Giants,Tech & SaaS,Director,saveria.farges@dyson.com,,http://www.linkedin.com/in/sav%c3%a9ria-farges-3a722311,new_enriched
Niccolo,Rota,Niccolo Rota,Head of Marketing,Dyson,Consumer Electronics Giants,Tech & SaaS,Head,niccolo.rota@dyson.com,,http://www.linkedin.com/in/niccol%c3%b3-rota-76799185,new_enriched
Lindsey,Weiss,Lindsey Weiss,"Senior Director, Marketing. Ninja. Northern Europe.",SharkNinja,Premium Kitchen Appliances,Retail & Home,Director,lweiss@sharkninja.com,,http://www.linkedin.com/in/lindsey-weiss-0a275821,new_enriched
Sophie,Parfitt,Sophie Parfitt,Category Marketing Director,SharkNinja,Premium Kitchen Appliances,Retail & Home,Director,sparfitt@sharkninja.com,,http://www.linkedin.com/in/sophie-parfitt-04794643,new_enriched
Udit,Jain,Udit Jain,Head of Marketing,Dyson,Consumer Electronics Giants,Tech & SaaS,Head,udit.jain@dyson.com,,http://www.linkedin.com/in/udit-jain-2a22607,new_enriched
Josh,Redman,Josh Redman,Director of Marketing,SharkNinja,Premium Kitchen Appliances,Retail & Home,Director,jredman@sharkninja.com,,http://www.linkedin.com/in/joshredman,new_enriched
Jennifer,Onda,Jennifer Onda,Marketing Director DACH,Dyson,Consumer Electronics Giants,Tech & SaaS,Director,jennifer.onda@dyson.com,,http://www.linkedin.com/in/jennifer-onda-5a43a798,new_enriched
Dana,Korr,Dana Korr,"Director, Partnerships & Licensing",SharkNinja,Premium Kitchen Appliances,Retail & Home,Director,dana.korr@sharkninja.com,,http://www.linkedin.com/in/dana-korr,new_enriched
Ashleigh,Phelps,Ashleigh Phelps,Director of Marketing,SharkNinja,Premium Kitchen Appliances,Retail & Home,Director,aphelps@sharkninja.com,,http://www.linkedin.com/in/ashleighephelps,new_enriched
Gwendolyn,Hoerman,Gwendolyn Hoerman,Marketing Director,SharkNinja,Premium Kitchen Appliances,Retail & Home,Director,gwendolyn.hoerman@sharkninja.com,,http://www.linkedin.com/in/ghoerman,new_enriched
Vikram,Raman,Vikram Raman,Marketing Director,SharkNinja,Premium Kitchen Appliances,Retail & Home,Director,vraman@sharkninja.com,,http://www.linkedin.com/in/vikramraman1,new_enriched
Alec,Thomas,Alec Thomas,Marketing Director ANZ,Dyson,Consumer Electronics Giants,Tech & SaaS,Director,alec.thomas@dyson.com,,http://www.linkedin.com/in/alecreidthomas,new_enriched
Rene,Nemorin,Rene Nemorin,Marketing Director EMEA,Breville | Sage,Premium Kitchen Appliances,Retail & Home,Director,rene.nemorin@sageappliances.com,,http://www.linkedin.com/in/renenemorin,new_enriched
Gerald,Gauthier,Gerald Gauthier,Market Director - Canada,Dyson,Consumer Electronics Giants,Tech & SaaS,Director,gerald.gauthier@dyson.com,,http://www.linkedin.com/in/gerald-g-3021a94,new_enriched
Morgan,Debolt,Morgan Debolt,Marketing Director,SharkNinja,Premium Kitchen Appliances,Retail & Home,Director,mdebolt@sharkninja.com,,http://www.linkedin.com/in/morgan-debolt-b2b13114a,new_enriched
Raj,Mistry,Raj Mistry,Head of Marketing,Instant Pot Brands,Premium Kitchen Appliances,Retail & Home,Head,raj.mistry@instantpot.com,,http://www.linkedin.com/in/raj-mistry-17079754,new_enriched
Laura,Conlon,Laura Conlon,Head of Marketing,Cuisinart,Premium Kitchen Appliances,Retail & Home,Head,laura_conlon@conair.com,,http://www.linkedin.com/in/lauraconlongriffiths,new_enriched
Amrita,Atwal,Amrita Atwal,Marketing Director (EMEA),Cuisinart,Premium Kitchen Appliances,Retail & Home,Director,amrita_atwal@conair.com,,http://www.linkedin.com/in/amrita-atwal-441b8537,new_enriched
Amelia,Ewert,Amelia Ewert,"Global Brand Marketing & Partnerships, Sr. Director",Audible,Education/Learning,Creator & Learning,Director,amelia.ewert@audible.com,,http://www.linkedin.com/in/ameliaewert,new_enriched
Shailesh,Sawlani,Shailesh Sawlani,Head of Global Revenue Marketing,Audible,Education/Learning,Creator & Learning,Head,sawlans@audible.com,,http://www.linkedin.com/in/shaileshsawlani,new_enriched
Roopa,Sharma,Roopa Sharma,"Director, Marketing",Audible,Education/Learning,Creator & Learning,Director,vroopash@audible.com,,http://www.linkedin.com/in/roopansharma,new_enriched
Rich,Allen-Page,Rich Allen-Page,"Director, Outbound Marketing Strategy",Movable Ink,Customer Engagement SaaS,Tech & SaaS,Director,rallen-page@audible.com,,http://www.linkedin.com/in/richlallen,new_enriched
Lizzie,Mac,Lizzie Mac,"Sr. Director, Creator Marketing",Audible,Education/Learning,Creator & Learning,Director,lizzie.mac@audible.com,,http://www.linkedin.com/in/elizabethmac,new_enriched
Estefanie,Diaz,Estefanie Diaz,"Director, Global App Media & Mktg",Audible,Education/Learning,Creator & Learning,Director,estdiaz@audible.com,,http://www.linkedin.com/in/estefanie-diaz-b0143518,new_enriched
Nicholas,Elliot,Nicholas Elliot,"Director, Brand & Content Marketing",Audible,Education/Learning,Creator & Learning,Director,ellnc@audible.com,,http://www.linkedin.com/in/nicholas-elliot-nyc,new_enriched
Kim,Warner,Kim Warner,Director of Marketing,"Audible, Inc.",Audio Streaming & Podcasts,Music & Live,Director,kimwarne@audible.com,,http://www.linkedin.com/in/kimbwarner,new_enriched
Kirsi,Luoma,Kirsi Luoma,Director Marketing - Global Expansion,Audible,Education/Learning,Creator & Learning,Director,kirsi.luoma@audible.com,,http://www.linkedin.com/in/kialuoma,new_enriched
Judith,Grohmann,Judith Grohmann,Director Integrated Campaigns & Partnerships,Audible,Education/Learning,Creator & Learning,Director,jgrohmann@audible.com,,http://www.linkedin.com/in/judith-grohmann-0a6728b0,new_enriched
Abigail,Biralde,Abigail Biralde,"Director, Affiliate Marketing & Partnerships",Udemy,Online Learning Platforms,Creator & Learning,Director,abigailfay.biralde@udemy.com,,http://www.linkedin.com/in/abigailfaybiralde,new_enriched
Ana,Almeida,Ana Almeida,Marketing Director,Udemy,Online Learning Platforms,Creator & Learning,Director,ana.almeida@udemy.com,,http://www.linkedin.com/in/anacalmeida,new_enriched
Manisha,Vasdev,Manisha Vasdev,"Director, Enterprise Marketing, Asia Pacific",Coursera,Online Learning Platforms,Creator & Learning,Director,mvasdev@coursera.org,,http://www.linkedin.com/in/manisha-vasdev,new_enriched
Natalie,Majerko,Natalie Majerko,"Director of Marketing, Coursera for Business",Coursera,Online Learning Platforms,Creator & Learning,Director,nmajerko@coursera.org,,http://www.linkedin.com/in/nataliemajerko,new_enriched
Zaher,Srour,Zaher Srour,Partnerships Director، Higher Education,Coursera,Online Learning Platforms,Creator & Learning,Director,zsrour@coursera.org,,http://www.linkedin.com/in/zahersrour,new_enriched
Darren,Mangan,Darren Mangan,"Marketing Director, EMEA",Coursera,Online Learning Platforms,Creator & Learning,Director,dmangan@coursera.org,,http://www.linkedin.com/in/darren-mangan-98bb684,new_enriched
Bennett,Florence,Bennett Florence,Sr Director of Partnerships and Business Development,MasterClass,Online Learning Platforms,Creator & Learning,Director,bennett.florence@masterclass.com,,http://www.linkedin.com/in/bennettflorence,new_enriched
Christopher,James,Christopher James,Director of Performance Marketing,MasterClass,Online Learning Platforms,Creator & Learning,Director,christopher.james@masterclass.com,,http://www.linkedin.com/in/christopher-james-930b052a,new_enriched
Will,Whalen,Will Whalen,Director of Creative Marketing,Chess.com,Education/Learning,Creator & Learning,Director,will@chess.com,,http://www.linkedin.com/in/will-whalen-ab1240203,new_enriched
Lucio,Calderon,Lucio Calderon,"Director, Retention Marketing",MANSCAPED,Athletic Recovery,Health & Wellness,Director,lucio@manscaped.com,,http://www.linkedin.com/in/luciocalderon,new_enriched
Laura,Burston,Laura Burston,Trade Marketing Director,OLAPLEX,Hair Care Brands,Beauty & Personal Care,Director,laura.burston@olaplex.com,,http://www.linkedin.com/in/lauraburston,new_enriched
Marianne,Beeler,Marianne Beeler,"Director, Strategic Partnerships",Dollar Shave Club,Personal Care/DTC,Beauty & Personal Care,Director,marianne.beeler@dollarshaveclub.com,,http://www.linkedin.com/in/marbeeler,new_enriched
Laura,Pertl-Kamil,Laura Pertl-Kamil,Director International Strategy and Marketing,MANSCAPED,Athletic Recovery,Health & Wellness,Director,lkamil@manscaped.com,,http://www.linkedin.com/in/laura-pertl-kamil-1b742961,new_enriched
Lawrence,Dalusung,Lawrence Dalusung,"Director, Global Influencer Marketing",Audible,Education/Learning,Creator & Learning,Director,dalusunl@audible.com,,http://www.linkedin.com/in/lawrence-dalusung-819a7868,new_enriched
Jongkook,Lee,Jongkook Lee,"Director, Growth Marketing",Audible,Education/Learning,Creator & Learning,Director,jamlej@audible.com,,http://www.linkedin.com/in/jongkooklee,new_enriched
Yiyi,Wang,Yiyi Wang,"Director, Brand, Content Marketing, Creative, Paid Media and Analytics",Audible,Education/Learning,Creator & Learning,Director,ywang@audible.com,,http://www.linkedin.com/in/yiyi-wang,new_enriched
Tom,Guest,Tom Guest,"Director, Content Acquisition and Partnerships",Audible,Education/Learning,Creator & Learning,Director,thoguest@audible.co.uk,,http://www.linkedin.com/in/tomguest,new_enriched
Joanne,John,Joanne John,"Director, Marketing EMEA",SharkNinja,Premium Kitchen Appliances,Retail & Home,Director,joanne.john@sharkninja.com,,http://www.linkedin.com/in/joanne-john-32419313,new_enriched
Nicole,Haynes,Nicole Haynes,"Senior Director, Brand Partnerships - Entertainment & Technology",Essence Communications Inc.,Art & Culture,Art & Culture,Director,nhaynes@essence.com,,http://www.linkedin.com/in/nicole-haynes-9482784,new_enriched
Amanda,Martinez,Amanda Martinez,"Marketing & Project Director, Festivals",Insomniac Events,Major Live Entertainment Venues,Music & Live,Director,amanda.martinez@insomniac.com,,http://www.linkedin.com/in/amanda43,new_enriched
Jane,O'Connor,Jane O'Connor,Marketing & Creative Director,Insomniac Events,Major Live Entertainment Venues,Music & Live,Director,jane.oconnor@insomniac.com,,http://www.linkedin.com/in/jane-o-connor-72850910b,new_enriched
Seung,Lee,Seung Lee,Marketing Director (Clubs Division),Insomniac Events,Major Live Entertainment Venues,Music & Live,Director,nino.lee@insomniac.com,,http://www.linkedin.com/in/ninolee,new_enriched
Emily,Barnes,Emily Barnes,Partnership Director,Essence Communications Inc.,Art & Culture,Art & Culture,Director,ebarnes@essence.com,,http://www.linkedin.com/in/emily-barnes-69627222,new_enriched
Alejandra,Loera,Alejandra Loera,Head of Marketing,Insomniac Events,Major Live Entertainment Venues,Music & Live,Head,alex.loera@insomniac.com,,http://www.linkedin.com/in/alejandra-loera-5039047,new_enriched
Kelvin,Li,Kelvin Li,Marketing Director,Rolling Loud Festival,Other Enterprise,Other,Director,kl@rollingloud.com,,http://www.linkedin.com/in/kelvin-li-b3710312a,new_enriched
Stef,Terrazas,Stef Terrazas,Marketing & Ticketing Director,Goldenvoice,Major Live Entertainment Venues,Music & Live,Director,stef@goldenvoice.com,,http://www.linkedin.com/in/stefwithanf,new_enriched
Leiel,Hazut,Leiel Hazut,Marketing Director - EDC,Insomniac Events,Major Live Entertainment Venues,Music & Live,Director,leiel@insomniac.com,,http://www.linkedin.com/in/leiel-hazut-461a14170,new_enriched
John,Farquharson,John Farquharson,Director of Artist Relations,Pearl Corporation,Music Instruments & Audio,Music & Live,Director,johnf@pearldrums.com,,http://www.linkedin.com/in/john-farquharson-9ab1316a,new_enriched
Jay,Parkin,Jay Parkin,Director of Artist Relations & Partnerships,Taylor Guitars,Music Instruments & Audio,Music & Live,Director,jay.parkin@taylorguitars.com,,http://www.linkedin.com/in/jay-david-parkin-2a9819b,new_enriched
Tim,Dove,Tim Dove,Director of Artist Relations and Partnerships,"Ernie Ball, Inc.",Music Instruments & Audio,Music & Live,Director,tim@ernieball.com,,http://www.linkedin.com/in/timdove,new_enriched
Beverly,Fowler,Beverly Fowler,Director of Artist & Community Relations,PRS Guitars,Music Instruments & Audio,Music & Live,Director,bfowler@prsguitars.com,,http://www.linkedin.com/in/beverly-fowler-18319676,new_enriched
Helen,Phillips,Helen Phillips,"Director, Specialty Marketing and Artist Relations",Fender Musical Instruments Corporation,Music Instruments & Audio,Music & Live,Director,hphillips@fender.com,,http://www.linkedin.com/in/helen-varley,new_enriched
Matt,Leadbeater,Matt Leadbeater,"Marketing Director, EMEA",Fender Musical Instruments Corporation,Music Instruments & Audio,Music & Live,Director,mleadbeater@fender.com,,http://www.linkedin.com/in/matthewleadbeater,new_enriched
Haseeb,Patail,Haseeb Patail,"Director, Marketing - Fender Studio",Fender Musical Instruments Corporation,Music Instruments & Audio,Music & Live,Director,hpatail@fender.com,,http://www.linkedin.com/in/haseebpatail,new_enriched
Ben,Blanc-Dumont,Ben Blanc-Dumont,Director of Artist Marketing,Fender Musical Instruments Corporation,Music Instruments & Audio,Music & Live,Director,bblancdumont@fender.com,,http://www.linkedin.com/in/benbd,new_enriched
Aaron,Vishria,Aaron Vishria,Director of Artist Marketing,"D'Addario & Company, Inc.",Music Instruments & Audio,Music & Live,Director,aaron.vishria@daddario.com,,http://www.linkedin.com/in/aaron-vishria-719065a,new_enriched
Steve,Stuart,Steve Stuart,Director of Marketing,"Gibson, Inc.",Alt Sneaker & Comfort Footwear,Fashion & Apparel,Director,steve.stuart@gibson.com,,http://www.linkedin.com/in/steve-s-71b50a37,new_enriched
Adam,Jones,Adam Jones,Director of Marketing,Pearl Corporation,Music Instruments & Audio,Music & Live,Director,adamjones@pearldrums.com,,http://www.linkedin.com/in/adam-jones-67745529,new_enriched
Chad,Brandolini,Chad Brandolini,Director of Artist Relations & Marketing,Recording Academy/Grammy Awards,Other Enterprise,Other,Director,chadb@vater.com,,http://www.linkedin.com/in/chadbrandolini,new_enriched
Ryan,McLain,Ryan McLain,Global Brand & Marketing Leader,Ernie Ball Music Man,Music Instruments & Audio,Music & Live,Other,ryan@ernieball.com,,http://www.linkedin.com/in/ryrymc,new_enriched
Judy,Schaefer,Judy Schaefer,Director of Marketing,PRS Guitars,Music Instruments & Audio,Music & Live,Director,jschaefer@prsguitars.com,,http://www.linkedin.com/in/judy-schaefer,new_enriched
Andy,Pitcher,Andy Pitcher,Director of Fretted Artist Marketing,"D'Addario & Company, Inc.",Music Instruments & Audio,Music & Live,Director,andy.pitcher@daddario.com,,http://www.linkedin.com/in/andy-pitcher,new_enriched
Stacey,Taylor,Stacey Taylor,Director of Creative & Digital Marketing,"Drum Workshop, Inc. (DW Drums)",Music Instruments & Audio,Music & Live,Director,staceyt@dwdrums.com,,http://www.linkedin.com/in/stacey-victoria-taylor,new_enriched
Robi,Johns,Robi Johns,Director of Sales and Marketing Gibson Acoustics,Gibson Guitar,Alt Sneaker & Comfort Footwear,Fashion & Apparel,Director,robi.johns@gibson.com,,http://www.linkedin.com/in/robi-johns-844b7a13,new_enriched
Summer,Czajak,Summer Czajak,"Director of Project Management, Marketing","D'Addario & Company, Inc.",Music Instruments & Audio,Music & Live,Director,summer.czajak@daddario.com,,http://www.linkedin.com/in/summer-czajak-a1a2013a,new_enriched
Yi,Wang,Yi Wang,Marketing Director,Fender Musical Instruments Corporation,Music Instruments & Audio,Music & Live,Director,ywang@fender.com,,http://www.linkedin.com/in/yi-wang-1761a748,new_enriched
Eiichiro,Kuriki,Eiichiro Kuriki,Marketing Director,Fender Musical Instruments Corporation,Music Instruments & Audio,Music & Live,Director,ekuriki@fender.com,,http://www.linkedin.com/in/eiichiro-kuriki-01a93214,new_enriched
Rebecca,Florence,Rebecca Florence,Director of PR & Brand Partnerships,Native Instruments,Music Production Software,Music & Live,Director,rebecca.florence@native-instruments.com,,http://www.linkedin.com/in/rebecca-florence-0aa47a57,new_enriched
Preston,Gray,Preston Gray,Director of Marketing,Yamaha Corporation of America,Alt Sneaker & Comfort Footwear,Fashion & Apparel,Director,pgray@yamaha.com,,http://www.linkedin.com/in/preston-v-gray,new_enriched
Omar,Ales,Omar Ales,Director of Sales & Marketing Combo & Music Production,Yamaha,Other Enterprise,Other,Director,oales@yamaha.ca,,http://www.linkedin.com/in/omar-ales-3a023022,new_enriched
Gary,Klugman,Gary Klugman,Director of Marketing,Yamaha Corporation of America,Alt Sneaker & Comfort Footwear,Fashion & Apparel,Director,gklugman@yamaha.com,,http://www.linkedin.com/in/garyklugman,new_enriched
Jim,Welter,Jim Welter,"Director of Sales and Marketing, Piano, Band and Orchestra Dept.",Yamaha Canada Music,Other Enterprise,Other,Director,jwelter@yamaha.ca,,http://www.linkedin.com/in/jim-welter-32026a15,new_enriched
Mig,Cardamone,Mig Cardamone,Director of Sales & Marketing,Sennheiser Middle East,Audio Equipment Brands,Music & Live,Director,mig.cardamone@sennheiser.com,,http://www.linkedin.com/in/mig-cardamone-8b381127,new_enriched
Morgane,Devos,Morgane Devos,Marketing Director North America,Shure Incorporated,Audio Equipment Brands,Music & Live,Director,devosm@shure.com,,http://www.linkedin.com/in/morgane-devos-32849255,new_enriched
Mark,Mayfield,Mark Mayfield,"Director, Cinema Marketing",International Cinema Technology Association - ICTA,Alt Sneaker & Comfort Footwear,Fashion & Apparel,Director,markm@meyersound.com,,http://www.linkedin.com/in/mmayfield1,new_enriched
Daniel,Wieland,Daniel Wieland,Associate Director Marketing,Shure Incorporated,Audio Equipment Brands,Music & Live,Director,wieland@shure.com,,http://www.linkedin.com/in/daniel-wieland-349b6293,new_enriched
Nicholas,Howlett,Nicholas Howlett,Head of Marketing,Focusrite Audio Engineering Limited,Smart Home Security,Tech & SaaS,Head,nicholas.howlett@focusrite.com,,http://www.linkedin.com/in/nicholas-h-a434b374,new_enriched
Kate,Marsden,Kate Marsden,"Global Head of Brand Partnerships, Sponsorships & Design School",Canva,Dev Tools & Cloud Infra,Tech & SaaS,Head,kate.m@canva.com,,http://www.linkedin.com/in/katelmarsden,new_enriched
Juliana,Fratta,Juliana Fratta,Partnerships Director,Canva,Dev Tools & Cloud Infra,Tech & SaaS,Director,juliana@canva.com,,http://www.linkedin.com/in/julianafratta,new_enriched
Lauryn,Spence,Lauryn Spence,"Director of Partnerships, Commerce & Channels",Vercel,Dev Tools & Cloud Infra,Tech & SaaS,Director,lauryn.spence@vercel.com,,http://www.linkedin.com/in/lauryn-spence,new_enriched
Paige,Lord,Paige Lord,"Director, Growth Marketing",GitHub,Dev Tools & Cloud Infra,Tech & SaaS,Director,thatspaige@github.com,,http://www.linkedin.com/in/thepaigelord,new_enriched
Sarah,Halley,Sarah Halley,"Director, Connected Sales & Marketing",GitHub,Dev Tools & Cloud Infra,Tech & SaaS,Director,sahalley@github.com,,http://www.linkedin.com/in/sarah-halley,new_enriched
Alaine,Newland,Alaine Newland,Director of Event Experiences & Partnerships,GitHub,Dev Tools & Cloud Infra,Tech & SaaS,Director,alainen@github.com,,http://www.linkedin.com/in/alainenewland,new_enriched
Andrew,Forbes,Andrew Forbes,"Director, Growth Marketing",Figma,Design & Prototyping Tools,Tech & SaaS,Director,aforbes@figma.com,,http://www.linkedin.com/in/andrewgforbes,new_enriched
Sam,Mazaheri,Sam Mazaheri,"Director, Growth Marketing",Figma,Design & Prototyping Tools,Tech & SaaS,Director,smazaheri@figma.com,,http://www.linkedin.com/in/sammazaheri,new_enriched
Roo,Johnson,Roo Johnson,Head of Creator Marketing,Figma,Design & Prototyping Tools,Tech & SaaS,Head,ryeshpaul@figma.com,,http://www.linkedin.com/in/rooyj,new_enriched
Azra,Daniels,Azra Daniels,"Director, Experiential Marketing",Figma,Design & Prototyping Tools,Tech & SaaS,Director,adaniels@figma.com,,http://www.linkedin.com/in/azradaniels,new_enriched
Shelby,Carpenter,Shelby Carpenter,Director of Developer Relations and Product Marketing,MongoDB,Dev Tools & Cloud Infra,Tech & SaaS,Director,shelby.carpenter@mongodb.com,,http://www.linkedin.com/in/shelbylcarpenter,new_enriched
Adrienne,Cohen,Adrienne Cohen,Director of Partner Marketing,MongoDB,Dev Tools & Cloud Infra,Tech & SaaS,Director,adrienne.cohen@mongodb.com,,http://www.linkedin.com/in/cohenadrienne,new_enriched
Cathy,Gallego,Cathy Gallego,"Director, Regional Marketing CEUR & Israel",MongoDB,Dev Tools & Cloud Infra,Tech & SaaS,Director,cathy.gallego@mongodb.com,,http://www.linkedin.com/in/cathy-gallego-regionalmarketing,new_enriched
Nathan,Joynt,Nathan Joynt,Director of Marketing Acquisition,MongoDB,Dev Tools & Cloud Infra,Tech & SaaS,Director,nathan.joynt@mongodb.com,,http://www.linkedin.com/in/joynt,new_enriched
Aaqib,Sayed,Aaqib Sayed,Director Growth & Partnerships,DigitalOcean,Dev Tools & Cloud Infra,Tech & SaaS,Director,asayed@digitalocean.com,,http://www.linkedin.com/in/aaqibsayed,new_enriched
Ellie,Mayer,Ellie Mayer,"Director, Customer Growth Marketing and Operations",DigitalOcean,Dev Tools & Cloud Infra,Tech & SaaS,Director,ejohnson@digitalocean.com,,http://www.linkedin.com/in/ellie-lynn-johnson,new_enriched
Dushala,Agarwal,Dushala Agarwal,Head of Marketing,Cloudflare,Website Builders & Hosting,Tech & SaaS,Head,dushala@cloudflare.com,,http://www.linkedin.com/in/dushala-agarwal,new_enriched
Lishan,Kooh,Lishan Kooh,"Marketing Director, Asia Pacific & Japan",Databricks,Dev Tools & Cloud Infra,Tech & SaaS,Director,lishan.kooh@databricks.com,,http://www.linkedin.com/in/lishankooh,new_enriched
Amy,Moy,Amy Moy,"Director of Regional Marketing, AMER",GitLab,Dev Tools & Cloud Infra,Tech & SaaS,Director,amy.moy@rubrik.com,,http://www.linkedin.com/in/arosenberg17,new_enriched
Jin,Li,Jin Li,"Director, Marketing",Cloudflare,Website Builders & Hosting,Tech & SaaS,Director,jinli@cloudflare.com,,http://www.linkedin.com/in/jin-li-t-a069a7b3,new_enriched
Tai,Hasegawa,Tai Hasegawa,"Head of Marketing, Japan",OpenAI,AI Companies,Tech & SaaS,Head,tai@tcu.ac.jp,,http://www.linkedin.com/in/taihasegawa,new_enriched
Jennifer,Lien,Jennifer Lien,"Head of Marketing, APAC",OpenAI,AI Companies,Tech & SaaS,Head,jlien@openai.com,,http://www.linkedin.com/in/jenniferlien,new_enriched
Sheeladitya,Mohanty,Sheeladitya Mohanty,Head of Marketing - India,OpenAI,AI Companies,Tech & SaaS,Head,sheeladitya@openai.com,,http://www.linkedin.com/in/sheeladityam,new_enriched
Ali,Layng,Ali Layng,Head of Marketing and Creative Operations; Head of Web Production,OpenAI,AI Companies,Tech & SaaS,Head,alil@openai.com,,http://www.linkedin.com/in/ali-layng-bb39012a,new_enriched
Dane,Vahey,Dane Vahey,Head of Strategic Marketing,OpenAI,AI Companies,Tech & SaaS,Head,dane@openai.com,,http://www.linkedin.com/in/dane-vahey-0b50484,new_enriched
Andrea,Cheng,Andrea Cheng,"Head of Consumer Marketing, ChatGPT",OpenAI,AI Companies,Tech & SaaS,Head,andrea.cheng@openai.com,,http://www.linkedin.com/in/ajcheng,new_enriched
Elke,Karskens,Elke Karskens,Head of International Marketing,OpenAI,AI Companies,Tech & SaaS,Head,elke.karskens@openai.com,,http://www.linkedin.com/in/elke-karskens-33925115,new_enriched
Kacie,Jenkins,Kacie Jenkins,"Head of Marketing, Claude Code",Anthropic,AI Companies,Tech & SaaS,Head,kacie@anthropic.com,,http://www.linkedin.com/in/kaciejenkins,new_enriched
Katie,Secrest,Katie Secrest,Head of Marketing Strategy & Operations,Anthropic,AI Companies,Tech & SaaS,Head,katiesecrest@anthropic.com,,http://www.linkedin.com/in/katiesecrest,new_enriched
Sarah,Wolf,Sarah Wolf,Head of Startup Marketing,Anthropic,AI Companies,Tech & SaaS,Head,sarahwolf@anthropic.com,,http://www.linkedin.com/in/sarahzorah,new_enriched
Jake,Cerf,Jake Cerf,Head of Product Marketing,Anthropic,AI Companies,Tech & SaaS,Head,jakecerf@anthropic.com,,http://www.linkedin.com/in/jakecerf,new_enriched
Isaac,Payne,Isaac Payne,Head of Solutions Marketing,Anthropic,AI Companies,Tech & SaaS,Head,isaacpayne@anthropic.com,,http://www.linkedin.com/in/isaacpayne,new_enriched
Sandy,Banerjee,Sandy Banerjee,Marketing,Anthropic,AI Companies,Tech & SaaS,Other,sandy@anthropic.com,,http://www.linkedin.com/in/sandy-banerjee-4aa1b816,new_enriched
Heidi,Eisenstein,Heidi Eisenstein,Head of Global Partner Marketing,Anthropic,AI Companies,Tech & SaaS,Head,heidimira@anthropic.com,,http://www.linkedin.com/in/heidi-radenovic-eisenstein-9606813,new_enriched
Bill,Holland,Bill Holland,Head of Enterprise Marketing Strategy and Operations,Anthropic,AI Companies,Tech & SaaS,Head,bholland@anthropic.com,,http://www.linkedin.com/in/billholland129,new_enriched
Eduardo,Villalba,Eduardo Villalba,Head of Enterprise Marketing,ElevenLabs,AI Companies,Tech & SaaS,Head,eduardo@elevenlabs.io,,http://www.linkedin.com/in/evillalba,new_enriched
Emily,Golden,Emily Golden,Head of Growth Marketing,Runway,Other Enterprise,Other,Head,emily@runwayml.com,,http://www.linkedin.com/in/emily-golden-b1291435,new_enriched
Prem,Prakash,Prem Prakash,SVP and Head of Marketing,Together AI,AI Companies,Tech & SaaS,VP,pprakash@together.ai,,http://www.linkedin.com/in/premp1983,new_enriched
Malery,Lassen,Malery Lassen,Head of Partner Marketing,Cursor,Other Enterprise,Other,Head,malery.lassen@cursor.com,,http://www.linkedin.com/in/malerylassen,new_enriched
Will,Simpson,Will Simpson,Marketing,Perplexity,AI Companies,Tech & SaaS,Other,will.simpson@perplexity.ai,,http://www.linkedin.com/in/will-simpson-8b1b7b28,new_enriched
Karthik,Sathuragiri,Karthik Sathuragiri,Marketing Director,CrowdStrike,Cybersecurity,Tech & SaaS,Director,karthik.sathuragiri@crowdstrike.com,,http://www.linkedin.com/in/dskarthik,new_enriched
Rima,Salah,Rima Salah,Sr. Marketing Director META @ Crowdstrike,CrowdStrike,Cybersecurity,Tech & SaaS,C-Suite,rima.bensalah@crowdstrike.com,,http://www.linkedin.com/in/rimabensalah,new_enriched
Keith,Higgins,Keith Higgins,"Director of Marketing, IoT and 5G",Palo Alto Networks,Athleisure & Yoga Apparel,Fashion & Apparel,Director,khiggins@paloaltonetworks.com,,http://www.linkedin.com/in/keithhiggins,new_enriched
Venkat,Varadarajan,Venkat Varadarajan,Director - GSI Partnerships,Palo Alto Networks,Athleisure & Yoga Apparel,Fashion & Apparel,Director,vvaradarajan@paloaltonetworks.com,,http://www.linkedin.com/in/venkat-narsi-varadarajan-551900,new_enriched
Kat,McClure,Kat McClure,"Director, EMEA Marketing - Partner Ecosystem",CrowdStrike,Cybersecurity,Tech & SaaS,Director,kat.mcclure@crowdstrike.com,,http://www.linkedin.com/in/mcclurekat,new_enriched
Dan,Michaud,Dan Michaud,"Director, Partners & Alliances",Okta,Cybersecurity,Tech & SaaS,Director,dan.michaud@okta.com,,http://www.linkedin.com/in/thedanmichaud,new_enriched
Tiffany,Rogers,Tiffany Rogers,"Director, Partners and Alliances, Auth0 - Americas",Okta,Cybersecurity,Tech & SaaS,Director,tiffany.rogers@okta.com,,http://www.linkedin.com/in/tiffany-rogers,new_enriched
Damaris,Soellner,Damaris Soellner,"Director, Marketing EMEA Central",Palo Alto Networks,Athleisure & Yoga Apparel,Fashion & Apparel,Director,dsoellner@paloaltonetworks.com,,http://www.linkedin.com/in/damaris-soellner-434ba63,new_enriched
Matthew,Harper,Matthew Harper,"Marketing Director, Commercial Market",Palo Alto Networks,Athleisure & Yoga Apparel,Fashion & Apparel,Director,mharper@paloaltonetworks.com,,http://www.linkedin.com/in/matharper,new_enriched
Kate,Parrick,Kate Parrick,"Director, Marketing, Strategic & Key Accounts",Okta,Cybersecurity,Tech & SaaS,Director,kate.parrick@okta.com,,http://www.linkedin.com/in/kate-parrick,new_enriched
Guy,Hirsch,Guy Hirsch,"Director of Partnerships & Sales, EMEA",monday.com,Project Management SaaS,Tech & SaaS,Director,guyh@monday.com,,http://www.linkedin.com/in/guy-hirsch-3a174785,new_enriched
Steve,Zucker,Steve Zucker,"Marketing Director, Americas",monday.com,Project Management SaaS,Tech & SaaS,Director,stevezu@monday.com,,http://www.linkedin.com/in/szucker,new_enriched
Shelly,Shimoni,Shelly Shimoni,Head of Marketing,monday.com,Project Management SaaS,Tech & SaaS,Head,shellysh@monday.com,,http://www.linkedin.com/in/shelly-shimoni,new_enriched
Aileen,Duplantis,Aileen Duplantis,Head of Marketing,Miro,Enterprise Collab SaaS,Tech & SaaS,Head,aileen@miro.com,,http://www.linkedin.com/in/aileenduplantis,new_enriched
Emily,Duke,Emily Duke,Head of Enterprise Marketing,1Password,VPN & Consumer Cybersecurity,Tech & SaaS,Head,emily.duke@agilebits.com,,http://www.linkedin.com/in/emilykjacobs,new_enriched
John,Pollard,John Pollard,Head of Sports Marketing,1Password,VPN & Consumer Cybersecurity,Tech & SaaS,Head,john.pollard@1password.com,,http://www.linkedin.com/in/jp-pollard,new_enriched
Anna,Gelfand,Anna Gelfand,"Director, Head of Lifecycle and Retention Marketing",Miro,Enterprise Collab SaaS,Tech & SaaS,Head,anna.g@miro.com,,http://www.linkedin.com/in/anna-gelfand-14958275,new_enriched
Sarah,Deacon,Sarah Deacon,"Director, Strategic Partnerships",Miro,Enterprise Collab SaaS,Tech & SaaS,Director,sarah.d@miro.com,,http://www.linkedin.com/in/sarahdeacon,new_enriched
Alex,McDonnell,Alex McDonnell,"Director, Compete & Partner Marketing",Airtable,Project Management SaaS,Tech & SaaS,Director,alex.mcdonnell@airtable.com,,http://www.linkedin.com/in/alexqmcdonnell,new_enriched
Nana,Masiero,Nana Masiero,Field Director Marketing Nordics,Fortinet,Cybersecurity,Tech & SaaS,Director,nmasiero@fortinet.com,,http://www.linkedin.com/in/nana-masiero-7406179,new_enriched
Gary,Pinagot,Gary Pinagot,Marketing Director,BALENCIAGA,Luxury Fashion,Fashion & Apparel,Director,gary.pinagot@balenciaga.com,,http://www.linkedin.com/in/garypinagot,new_enriched
Nicolas,Sporri,Nicolas Sporri,"Culture, Events & Partnership Director",BALENCIAGA,Luxury Fashion,Fashion & Apparel,Director,nicolas.sporri@balenciaga.com,,http://www.linkedin.com/in/nicolas-sporri-6a2b4b56,new_enriched
Marisa,Sourges,Marisa Sourges,Director of Sales Marketing,Alexander Wang LLC,Luxury Fashion,Fashion & Apparel,Director,marisa.sourges@alexanderwang.com,,http://www.linkedin.com/in/marisa-sourges,new_enriched
Bonnie,Wong,Bonnie Wong,Client Engagement Director,Saint Laurent,Luxury Fashion,Fashion & Apparel,Director,bonnie.wong@ysl.com,,http://www.linkedin.com/in/bonnie-wong-256bw,new_enriched
Cecilia,Regalia,Cecilia Regalia,Gucci Beauty Licensing and Marketing Director,Gucci,Luxury Fashion & Jewelry,Fashion & Apparel,Director,cecilia.regalia@gucci.com,,http://www.linkedin.com/in/cecilia-regalia-0a9a1621,new_enriched
Katherine,Fan,Katherine Fan,Director of Strategic Planning - Partnerships,Gucci,Luxury Fashion & Jewelry,Fashion & Apparel,Director,katherine.fan@gucci.com,,http://www.linkedin.com/in/fankatherine,new_enriched
Jack,Schulze,Jack Schulze,Director of Design Operations and Partnerships,Fear of God,Luxury Fashion,Fashion & Apparel,Director,jack@fearofgod.com,,http://www.linkedin.com/in/jack-schulze,new_enriched
Roland,Lee,Roland Lee,Market Director,Gucci,Luxury Fashion & Jewelry,Fashion & Apparel,Director,roland.lee@gucci.com,,http://www.linkedin.com/in/roland-lee-35b75575,new_enriched
Sarah,Townsend,Sarah Townsend,"Director, Retention Marketing",rag & bone,Luxury Fashion,Fashion & Apparel,Director,sarah.townsend@rag-bone.com,,http://www.linkedin.com/in/s-townsend,new_enriched
Michael,Moynihan,Michael Moynihan,"Sr. Vice President of Brand, Marketing, Insights and Partnerships",the LEGO Group,Global Toys & Games,Retail & Home,C-Suite,michael.moynihan@lego.com,,http://www.linkedin.com/in/mike-moynihan-087502333,new_enriched
Deena,Taylor,Deena Taylor,"Senior Director, American Girl Global Brand Marketing & Partnerships","Mattel, Inc.",Global Toys & Games,Retail & Home,Director,deena.taylor@mattel.com,,http://www.linkedin.com/in/deenataylor1,new_enriched
Carmelo,Salazar,Carmelo Salazar,"Senior Director, Global Commercial Marketing and Business Development- Entertainment Partnerships","Mattel, Inc.",Global Toys & Games,Retail & Home,Director,carmelo.salazar@mattel.com,,http://www.linkedin.com/in/carmelosalazar,new_enriched
Sidsel,Andersen,Sidsel Andersen,"Sr. Director, Head of Marketing, Licensing and Extended Line",the LEGO Group,Global Toys & Games,Retail & Home,Head,sidsel.andersen@lego.com,,http://www.linkedin.com/in/sidsel-numan-andersen-916b493,new_enriched
Alexandra,Zamfir,Alexandra Zamfir,Marketing Director / Global Marketing Lead LEGO Botanicals,the LEGO Group,Global Toys & Games,Retail & Home,Director,alexandra.zamfir@lego.com,,http://www.linkedin.com/in/alexandraczamfir,new_enriched
Beau,Encarnacion,Beau Encarnacion,"Marketing Director Lead, LEGO® Gaming IPs",the LEGO Group,Global Toys & Games,Retail & Home,Director,beau.john.encarnacion@lego.com,,http://www.linkedin.com/in/beau-encarnacion-a5463838,new_enriched
Kelley,Irwin,Kelley Irwin,"Director, Global Brand Strategy and Marketing",Hasbro,Global Toys & Games,Retail & Home,Director,kelley.irwin@hasbro.com,,http://www.linkedin.com/in/kellirwin,new_enriched
Naz,Ataman,Naz Ataman,Head of Marketing,Hasbro,Global Toys & Games,Retail & Home,Head,naz.ataman@hasbro.com,,http://www.linkedin.com/in/naz-ataman-43451b35,new_enriched
Joy,Chang,Joy Chang,"Director, Business Development & Partnerships",Spin Master,Global Toys & Games,Retail & Home,Director,joy.chang@tocaboca.com,,http://www.linkedin.com/in/changjoy,new_enriched
Megan,Holgate,Megan Holgate,"Director, Global Brand Marketing (Squishmallows) at Jazwares, LLC","Jazwares, LLC",Toys & Games,Retail & Home,Director,mholgate@jazwares.com,,http://www.linkedin.com/in/meholgate,new_enriched
Amanda,Whittaker,Amanda Whittaker,"Director, Customer Strategic Marketing",Hasbro,Global Toys & Games,Retail & Home,Director,amanda.whittaker@hasbro.com,,http://www.linkedin.com/in/amwhittaker,new_enriched
Renee,Guida,Renee Guida,"Director, Masterbrand & Occasions",the LEGO Group,Global Toys & Games,Retail & Home,Director,renee.guida@lego.com,,http://www.linkedin.com/in/reneeguida,new_enriched
Catherine,Macdonald,Catherine Macdonald,Marketing Director - Fisher-Price,"Mattel, Inc.",Global Toys & Games,Retail & Home,Director,catherine.macdonald@mattel.com,,http://www.linkedin.com/in/cmacdonaldrotman,new_enriched
Ula,Bieganska,Ula Bieganska,Marketing Director,ulagudel.com,Other Enterprise,Other,Director,urszula.bieganska@lego.com,,http://www.linkedin.com/in/ula-b-a993282,new_enriched
Kristina,Kronberg,Kristina Kronberg,Marketing Director,"Jazwares, LLC",Toys & Games,Retail & Home,Director,kkronberg@jazwares.com,,http://www.linkedin.com/in/kristina-kronberg-1425716a,new_enriched
Lilly,London,Lilly London,"Director, Creator Marketing","Mattel, Inc.",Global Toys & Games,Retail & Home,Director,lilly.briger@mattel.com,,http://www.linkedin.com/in/lilly-briger-london-31753951,new_enriched
Tanja,Venancio,Tanja Venancio,"Senior Director, Global Brand Marketing Preschool & Dolls",Spin Master,Global Toys & Games,Retail & Home,Director,tanjag@spinmaster.com,,http://www.linkedin.com/in/tanja-venancio-gaspardo-0b7335b1,new_enriched
Davide,Cajani,Davide Cajani,Marketing Director - Italy,the LEGO Group,Global Toys & Games,Retail & Home,Director,davide.cajani@lego.com,,http://www.linkedin.com/in/davide-cajani,new_enriched
Giorgio,Cavalli,Giorgio Cavalli,Marketing Director,the LEGO Group,Global Toys & Games,Retail & Home,Director,giorgio.cavalli@lego.com,,http://www.linkedin.com/in/giorgiocavalli22,new_enriched
Lauren,Winarski,Lauren Winarski,"Senior Director, Licensing & Brand Strategy",Funko,Toys & Games,Retail & Home,Director,lauren@funko.com,,http://www.linkedin.com/in/lauren-winarski-2102795,new_enriched
Lucy,Salisbury,Lucy Salisbury,"Director, Group Licensing and Retail Development at Funko",Funko,Toys & Games,Retail & Home,Director,lucy.salisbury@funko.com,,http://www.linkedin.com/in/lucysalisbury,new_enriched
Seth,Conley,Seth Conley,Creative Director - Magic the Gathering - Marketing,Wizards of the Coast,Toys & Games,Retail & Home,Director,seth.conley@wizards.com,,http://www.linkedin.com/in/sethconley,new_enriched
Dimitri,Perera,Dimitri Perera,Director of Lifecycle and Growth Marketing,Wizards of the Coast,Toys & Games,Retail & Home,Director,dimitri.perera@wizards.com,,http://www.linkedin.com/in/dimitri-perera,new_enriched
Chris,Rago,Chris Rago,"Director, Licensing and Partnerships",Build-A-Bear Workshop,Global Toys & Games,Retail & Home,Director,chrisr@buildabear.com,,http://www.linkedin.com/in/christopherrago,new_enriched
Anthony,Voyage,Anthony Voyage,Head of Marketing,Crayola,Toys & Games,Retail & Home,Head,avoyage@crayola.com,,http://www.linkedin.com/in/anthony-v-60b9b44b,new_enriched
April,Heeren,April Heeren,"Sr. Director, Outbound Licensing, The Americas",Crayola,Toys & Games,Retail & Home,Director,aheeren@crayola.com,,http://www.linkedin.com/in/april-heeren-0445861b,new_enriched
Erik,Vega Viveros,Erik Vega Viveros,Marketing & Trade Director Mexico & Latam / CMO,Crayola,Toys & Games,Retail & Home,C-Suite,evega@crayola.com,,http://www.linkedin.com/in/erik-vega-viveros-714a6444,new_enriched
Audrey,Beribos,Audrey Beribos,Marketing Director South West Europe,Playmobil France,Global Toys & Games,Retail & Home,Director,audrey.beribos@playmobil.fr,,http://www.linkedin.com/in/audrey-beribos,new_enriched
Amy,Notestein,Amy Notestein,Marketing Director,Funko,Toys & Games,Retail & Home,Director,amy.notestein@funko.com,,http://www.linkedin.com/in/amynotestein,new_enriched
Austin,Lynk,Austin Lynk,"Director, Partnerships & Growth",Angi,Other Enterprise,Other,Director,austin.lynk@angi.com,,http://www.linkedin.com/in/austinlynk,new_enriched
Seth,Ellison,Seth Ellison,"Director, Partnerships",Thumbtack,Home Services & Marketplaces,Retail & Home,Director,sellison@thumbtack.com,,http://www.linkedin.com/in/seth-ellison-57522560,new_enriched
Joy,Ames,Joy Ames,"Director, Lifecycle & Partner Marketing",TaskRabbit,Home Services & Marketplaces,Retail & Home,Director,jsames@taskrabbit.com,,http://www.linkedin.com/in/joyames,new_enriched
Stephanie,Allen,Stephanie Allen,Senior Brand Partnerships Director,Yelp,Other Enterprise,Other,Director,stephanieall@yelp.com,,http://www.linkedin.com/in/stephnicholeallen,new_enriched
Pete,Mongelli,Pete Mongelli,Marketing Director,Care.com,Home Services & Marketplaces,Retail & Home,Director,pete.mongelli@care.com,,http://www.linkedin.com/in/petemongelli,new_enriched
Nicole,Macias,Nicole Macias,Director of Local Business Marketing,Yelp,Other Enterprise,Other,Director,nhmacias@yelp.com,,http://www.linkedin.com/in/nicolemacias,new_enriched
Christie,McConnell,Christie McConnell,Director of Marketing,Yelp,Other Enterprise,Other,Director,cmcconnell@yelp.com,,http://www.linkedin.com/in/christiegasikowskimcconnell,new_enriched
Mary,Vobecky,Mary Vobecky,"Director, Community & Marketing",The Studio Healdsburg,Other Enterprise,Other,Director,mvobecky@yelp.com,,http://www.linkedin.com/in/mary-v-3835b3a0,new_enriched
Cameron,Jahn,Cameron Jahn,Director of Product & Marketing,Houzz,Home Services & Marketplaces,Retail & Home,Director,cameron.jahn@houzz.com,,http://www.linkedin.com/in/cameronjahn,new_enriched
Lauryn,Sparks,Lauryn Sparks,Marketing Director,Angi,Other Enterprise,Other,Director,lauryn.sparks@angi.com,,http://www.linkedin.com/in/laurynsparks,new_enriched
Marlon,Beck,Marlon Beck,"Director, Special Projects & Collaborations",KITH,Other Enterprise,Other,Director,marlon@kithnyc.com,,http://www.linkedin.com/in/marlonbeck,new_enriched
Annie,Morgan,Annie Morgan,"Marketing Director, Kith Women",KITH,Other Enterprise,Other,Director,annie.morgan@kithnyc.com,,http://www.linkedin.com/in/anniemorgan,new_enriched
Charina,Scott,Charina Scott,Senior Director of Brand Partnerships,REVOLVE,Other Enterprise,Other,Director,charina.scott@revolve.com,,http://www.linkedin.com/in/charinascott,new_enriched
Allison,Helm,Allison Helm,Director of Retention Marketing,REVOLVE,Other Enterprise,Other,Director,allison.helm@revolve.com,,http://www.linkedin.com/in/allisonhelm,new_enriched
Nicola,Kong,Nicola Kong,"Director, Marketing Integration",Aritzia,Luxury Fashion,Fashion & Apparel,Director,nkong@aritzia.com,,http://www.linkedin.com/in/nicolalaurakong,new_enriched
Sarena,Virani,Sarena Virani,"Director, Marketing Events",Aritzia,Luxury Fashion,Fashion & Apparel,Director,svirani@aritzia.com,,http://www.linkedin.com/in/sarena-virani,new_enriched
Guillaume,Dacquet,Guillaume Dacquet,Marketing & Image Executive Director,GANNI,Luxury Fashion,Fashion & Apparel,Director,guillaume.dacquet@ganni.com,,http://www.linkedin.com/in/guillaume-dacquet-74546831,new_enriched
Ambre,Gao,Ambre Gao,Head of Marketing,GANNI,Luxury Fashion,Fashion & Apparel,Head,ambre.gao@ganni.com,,http://www.linkedin.com/in/ambre-gao-a9697b33,new_enriched
Dustin,Lewis,Dustin Lewis,"Director of Marketing, North America & Brand Energy",Stone Island,Luxury Fashion,Fashion & Apparel,Director,dustin.lewis@stoneisland.com,,http://www.linkedin.com/in/dustin-lewis-534ba4140,new_enriched
Michelle,Tan,Michelle Tan,Marketing Director,Aesop,Home Fragrance & Prestige Beauty Retail,Beauty & Personal Care,Director,michelle.tan@aesop.com,,http://www.linkedin.com/in/mich-tan,new_enriched
James,Olivier,James Olivier,"Director, Sponsorships & Events",Sony Interactive Entertainment,Consumer Electronics Giants,Tech & SaaS,Director,james.olivier@sony.com,,http://www.linkedin.com/in/james-olivier-22b45154,new_enriched
Kyle,Maack,Kyle Maack,"Director of Product, Advertising & Sponsorships",Electronic Arts (EA),Video Game Publishers,Gaming,Director,kmaack@ea.com,,http://www.linkedin.com/in/kylemaack,new_enriched
Brett,Marks,Brett Marks,Culture Partnerships Director,Epic Games,Video Game Publishers,Gaming,Director,brett.marks@epicgames.com,,http://www.linkedin.com/in/brett-marks94,new_enriched
Amanda,Muller,Amanda Muller,Entertainment Partnerships Director,Epic Games,Video Game Publishers,Gaming,Director,amanda.muller@epicgames.com,,http://www.linkedin.com/in/amanda-muller-27608451,new_enriched
Todd,Harvey,Todd Harvey,Head of Marketing,Blizzard Entertainment,Gaming/Esports,Sports & Athletics,Head,tharvey@blizzard.com,,http://www.linkedin.com/in/toddharvey,new_enriched
Caroline,Muyl,Caroline Muyl,Marketing Communication & PR Director at Rolex Mexico,ROLEX,Luxury Watches,Fashion & Apparel,Director,caroline.muyl@rolex.com,,http://www.linkedin.com/in/caroline-muyl-00248ab6,new_enriched
Laurent,Delanney,Laurent Delanney,Directeur Sponsoring,ROLEX,Luxury Watches,Fashion & Apparel,Other,delanney.laurent@rolex.com,,http://www.linkedin.com/in/laurent-delanney-670b3020a,new_enriched
Sofia,Dekar,Sofia Dekar,Brand/Marketing Director,Audemars Piguet,Snack & Confection Giants,Food & Beverage,Director,sofia.dekar@audemarspiguet.com,,http://www.linkedin.com/in/sofia-dekar-833709122,new_enriched
Alpha,Ku,Alpha Ku,Marketing & Communication Director,Audemars Piguet,Snack & Confection Giants,Food & Beverage,Director,alpha.ku@audemarspiguet.com,,http://www.linkedin.com/in/alpha-ku-a8795236,new_enriched
Jerome,Pernici,Jerome Pernici,Commercial and Marketing Director,Patek Philippe SA,Watches/Jewelry,Fashion & Apparel,Director,jerome.pernici@patek.com,,http://www.linkedin.com/in/jerome-pernici-a3ab927,new_enriched
Elodie,Bihan,Elodie Bihan,Marketing and Communication Director,Vacheron Constantin,Alt Sneaker & Comfort Footwear,Fashion & Apparel,Director,elodie.lebihan@vacheron-constantin.com,,http://www.linkedin.com/in/elodie-le-bihan-188a1932,new_enriched
John,King,John King,Sponsorship Director,Hublot,Watches/Jewelry,Fashion & Apparel,Director,jking@hublot.com,,http://www.linkedin.com/in/john-king-87769a246,new_enriched
Kristen,Hansen,Kristen Hansen,Marketing Director,Hublot,Watches/Jewelry,Fashion & Apparel,Director,k.hansen@hublot.com,,http://www.linkedin.com/in/kikihansen,new_enriched
Jean-Clement,Doat,Jean-Clement Doat,Americas Marketing Director,Jaeger-LeCoultre,Concert Promoters & Festivals,Music & Live,Director,jean-clement.doat@jaeger-lecoultre.com,,http://www.linkedin.com/in/jean-cl%c3%a9ment-doat-bb45bba1,new_enriched
Benjamin,Goh,Benjamin Goh,Marketing & Communications Director,Montblanc,Other Enterprise,Other,Director,goh.benjamin@montblanc.com,,http://www.linkedin.com/in/benjamin-goh-811200,new_enriched
Doak,Sergent,Doak Sergent,VP Brand Partnerships,IPSY,Beauty Subscription Boxes,Beauty & Personal Care,VP,doak@ipsy.com,,http://www.linkedin.com/in/doaksergent,new_enriched
Brian,Acosta,Brian Acosta,Director: Brand Partnerships,IPSY,Beauty Subscription Boxes,Beauty & Personal Care,Director,brianacosta@ipsy.com,,http://www.linkedin.com/in/brian-acosta-4378285,new_enriched
April,Langdon,April Langdon,"Director, Brand Partnerships & Merchandising, Beauty & Wellness",FabFitFun,Subscription Boxes,Other,Director,april.langdon@fabfitfun.com,,http://www.linkedin.com/in/april-langdon,new_enriched
Carly,Mackenzie,Carly Mackenzie,"Director of Merchandising, Fashion, Active & Home Brand Partnerships",FabFitFun,Subscription Boxes,Other,Director,carlym@fabfitfun.com,,http://www.linkedin.com/in/carly-mackenzie-95a8b449,new_enriched
Zara,Vakharia,Zara Vakharia,"Director, Growth Marketing",IPSY,Beauty Subscription Boxes,Beauty & Personal Care,Director,zaravakharia@ipsy.com,,http://www.linkedin.com/in/zara-vakharia-ab445246,new_enriched
Conor,Feeney,Conor Feeney,Head of Marketing,HelloFresh,Meal Kit Delivery,Food & Beverage,Head,conor.feeney@hellofresh.com,,http://www.linkedin.com/in/conor-f-57504621,new_enriched
Tim,Langen,Tim Langen,Marketing Director,HelloFresh,Meal Kit Delivery,Food & Beverage,Director,tim.langen@hellofresh.nl,,http://www.linkedin.com/in/tim-langen-b73aa44,new_enriched
Jack,Barry,Jack Barry,Marketing Director,Blue Apron,Meal Kit Delivery,Food & Beverage,Director,jack.barry@blueapron.com,,http://www.linkedin.com/in/jack-barry-58a150a6,new_enriched
Jacopo,Garino,Jacopo Garino,Director of Marketing - Italy,AlphaSights,Other Enterprise,Other,Director,jacopo.g@hellofresh.com,,http://www.linkedin.com/in/jacopo-garino,new_enriched
Aimee,Pellegrino,Aimee Pellegrino,"Associate Director, Marketing",HelloFresh,Meal Kit Delivery,Food & Beverage,Director,aimee.pellegrino@hellofresh.ca,,http://www.linkedin.com/in/aimee-pellegrino-6125ba63,new_enriched
Sasha,Auguste,Sasha Auguste,Chief Marketing Officer,Death Wish Coffee Company,Coffee & Tea Brands,Food & Beverage,C-Suite,sasha@deathwishcoffee.com,,http://www.linkedin.com/in/sasha-auguste-173737,new_enriched
Katie,Keil,Katie Keil,Chief Marketing Officer,Peet's Coffee,Coffee & Tea Brands,Food & Beverage,C-Suite,kkeil@peets.com,,http://www.linkedin.com/in/katie-keil,new_enriched
Kristina,Roach,Kristina Roach,Vice President Marketing,Peet's Coffee,Coffee & Tea Brands,Food & Beverage,C-Suite,kroach@peets.com,,http://www.linkedin.com/in/kristina-salcido-roach,new_enriched
Ben,Johnson,Ben Johnson,"VP, Head of Growth",Bulletproof 360,Coffee & Tea Brands,Food & Beverage,VP,benjamin.johnson@bulletproof.com,,http://www.linkedin.com/in/benjamin-w-johnson-,new_enriched
Marisa,Smith,Marisa Smith,Head of Digital Growth Marketing,Blue Bottle Coffee,Coffee & Tea Brands,Food & Beverage,Head,cs-marisa.smith@bluebottlecoffee.com,,http://www.linkedin.com/in/mluciasmith,new_enriched
Prerna,Nalavade,Prerna Nalavade,Senior Brand Manager,Bulletproof 360,Coffee & Tea Brands,Food & Beverage,Manager,prerna.nalavade@bulletproof.com,,http://www.linkedin.com/in/prerna-nalavade,new_enriched
Melanie,Haliburton,Melanie Haliburton,"Head of Marketing, Product and eCommerce",Stumptown Coffee Roasters,Coffee & Tea Brands,Food & Beverage,Head,melanie.haliburton@stumptowncoffee.com,,http://www.linkedin.com/in/melanie-haliburton-4b22aa9,new_enriched
Elisa,Leao,Elisa Leao,"Senior Brand Manager, Bulletproof",Bulletproof 360,Coffee & Tea Brands,Food & Beverage,Manager,elisa.leao@bulletproof.com,,http://www.linkedin.com/in/elisa-da-rocha-le%c3%a3o-b9670a90,new_enriched
Jenna,Gotthelf,Jenna Gotthelf,"Head of Events, Activations, and Partnerships",Counter Culture Coffee,Coffee & Tea Brands,Food & Beverage,Head,jgotthelf@counterculturecoffee.com,,http://www.linkedin.com/in/jenna-gotthelf-8a310510,new_enriched
Liza,Rubin,Liza Rubin,Brand Marketing Manager,Blue Bottle Coffee,Coffee & Tea Brands,Food & Beverage,Manager,liza.rubin@bluebottlecoffee.com,,http://www.linkedin.com/in/lizarubin,new_enriched
Tanner,Borskey,Tanner Borskey,"Brand Experiences Manager, Marketing",Blue Bottle Coffee,Coffee & Tea Brands,Food & Beverage,Manager,tanner.borskey@bluebottlecoffee.com,,http://www.linkedin.com/in/tanner-borskey-a18876173,new_enriched
Holly,Bartlett,Holly Bartlett,"Associate Marketing Manager, Brand & Digital",Kicking Horse Coffee,Coffee & Tea Brands,Food & Beverage,Manager,holly.bartlett@kickinghorsecoffee.com,,http://www.linkedin.com/in/hollycbartlett,new_enriched
Karen,Brooks,Karen Brooks,Sr Manager Brand Studio,Peet's Coffee,Coffee & Tea Brands,Food & Beverage,Manager,kbrooks@peets.com,,http://www.linkedin.com/in/karen-brooks-a6577663,new_enriched
Sandrita,Borckardt,Sandrita Borckardt,"Global Brand Marketing Operations, Manager",Blue Bottle Coffee,Coffee & Tea Brands,Food & Beverage,Manager,sandrita.borckardt@bluebottlecoffee.com,,http://www.linkedin.com/in/sandritaborckardt,new_enriched
Filipa,Loureiro,Filipa Loureiro,Head of Retail Product Marketing & AFH,Peet's Coffee,Coffee & Tea Brands,Food & Beverage,Head,floureiro@peets.com,,http://www.linkedin.com/in/filipa-aguiar-loureiro-9a2a5a17,new_enriched
Karissa,Bayliss,Karissa Bayliss,"Senior Manager, Brand and Creative Operations",Bulletproof 360,Coffee & Tea Brands,Food & Beverage,Manager,karissa.bayliss@bulletproof.com,,http://www.linkedin.com/in/karissabayliss,new_enriched
Mike,Jensen,Mike Jensen,Director of Commercial Marketing,La Colombe Coffee Workshop,Coffee & Tea Brands,Food & Beverage,Director,michael.jensen@lacolombe.net,,http://www.linkedin.com/in/mikejensen12,new_enriched
Matthew,Delmastro,Matthew Delmastro,Marketing Director,Death Wish Coffee Company,Coffee & Tea Brands,Food & Beverage,Director,matthewdelmastro@deathwishcoffee.com,,http://www.linkedin.com/in/matthewdelmastro,new_enriched
Shannon,Sweeney,Shannon Sweeney,Marketing Director,Death Wish Coffee Company,Coffee & Tea Brands,Food & Beverage,Director,shannon@deathwishcoffee.com,,http://www.linkedin.com/in/shannonsweeneypsu,new_enriched
Rachael,Cameron,Rachael Cameron,Marketing Manager,Kicking Horse Coffee,Coffee & Tea Brands,Food & Beverage,Manager,rachael.cameron@kickinghorsecoffee.com,,http://www.linkedin.com/in/rachael-cameron,new_enriched
Paige,Guzman,Paige Guzman,Chief Marketing Officer,Traditional Medicinals,Coffee & Tea Brands,Food & Beverage,C-Suite,pguzman@tradmed.com,,http://www.linkedin.com/in/paige-guzman-2270584,new_enriched
Gina,Turner,Gina Turner,Head of Brand Portfolio,Twinings,Coffee & Tea Brands,Food & Beverage,Head,gina.turner@twinings.com,,http://www.linkedin.com/in/gina-turner-5323942b,new_enriched
Lauren,Brown,Lauren Brown,Brand Manager,Traditional Medicinals,Coffee & Tea Brands,Food & Beverage,Manager,lbrown@tradmed.com,,http://www.linkedin.com/in/lbrown11,new_enriched
Julia,Winske,Julia Winske,Brand Manager,Rishi Tea & Botanicals,Coffee & Tea Brands,Food & Beverage,Manager,julia.winske@rishi-tea.com,,http://www.linkedin.com/in/julia-dimonte,new_enriched
Siddant,Gurung,Siddant Gurung,Brand Manager,Twinings,Coffee & Tea Brands,Food & Beverage,Manager,siddant.gurung@twinings.com,,http://www.linkedin.com/in/siddant-gurung99,new_enriched
Josephine,Lim,Josephine Lim,Brand Manager,Twinings,Coffee & Tea Brands,Food & Beverage,Manager,josephine.lim@twinings.com,,http://www.linkedin.com/in/josephine-lim-347bba262,new_enriched
Jessica,Laponte,Jessica Laponte,Head of Brand Strategy & Insights,Twinings North America,Coffee & Tea Brands,Food & Beverage,Head,jessica.laponte@twiningsusa.com,,http://www.linkedin.com/in/jessica-laponte,new_enriched
Carlo,Rivieccio,Carlo Rivieccio,Associate Brand Manager,Bigelow Tea,Coffee & Tea Brands,Food & Beverage,Manager,crivieccio@rcbigelow.com,,http://www.linkedin.com/in/crivieccio,new_enriched
Juliana,Fadiga,Juliana Fadiga,Brand Manager Ovomaltine,Twinings Ovomaltine - Associated British Foods plc,Coffee & Tea Brands,Food & Beverage,Manager,juliana.fadiga@twinings.com,,http://www.linkedin.com/in/juliana-fadiga,new_enriched
Alexandra,Karsten,Alexandra Karsten,Nordic Brand Manager,Twinings,Coffee & Tea Brands,Food & Beverage,Manager,alexandra.karsten@twinings.com,,http://www.linkedin.com/in/alexandra-karsten-8b556b179,new_enriched
Katie,Marston,Katie Marston,Chief Marketing Officer,Once Upon a Farm,Baby Food & Toddler Nutrition,Food & Beverage,C-Suite,katie@uponafarm.com,,http://www.linkedin.com/in/katie-marston,new_enriched
Sarah,Barnes,Sarah Barnes,Chief Marketing Officer,Magic Spoon,Better-For-You Snacks,Food & Beverage,C-Suite,sarah.barnes@magicspoon.com,,http://www.linkedin.com/in/sarah-barnes-30a301b,new_enriched
Jane,Ablaza,Jane Ablaza,Director of Marketing Communications & Head of Brand Partnerships,Once Upon a Farm,Baby Food & Toddler Nutrition,Food & Beverage,Head,jane@uponafarm.com,,http://www.linkedin.com/in/janeflandezablaza,new_enriched
John,Goetter,John Goetter,Vice President Marketing,Simple Mills,Better-For-You Snacks,Food & Beverage,C-Suite,jgoetter@simplemills.com,,http://www.linkedin.com/in/john-goetter-0572087,new_enriched
Lauren,Gollnitz,Lauren Gollnitz,VP of Marketing,Simple Mills,Better-For-You Snacks,Food & Beverage,VP,lauren@simplemills.com,,http://www.linkedin.com/in/lauren-zsigray-gollnitz-13b5aa25,new_enriched
Jason,Moloff,Jason Moloff,Head of Brand Management,Magic Spoon,Better-For-You Snacks,Food & Beverage,Head,jason@magicspoon.com,,http://www.linkedin.com/in/jasonmoloff,new_enriched
Maya,Abraham,Maya Abraham,Brand Manager,Chomps,Better-For-You Snack Bars,Food & Beverage,Manager,maya.chacko@chomps.com,,http://www.linkedin.com/in/mayachackoabraham,new_enriched
Kelsey,Eichman-Lloyd,Kelsey Eichman-Lloyd,Brand Manager,Simple Mills,Better-For-You Snacks,Food & Beverage,Manager,keichman@simplemills.com,,http://www.linkedin.com/in/keichman,new_enriched
Matt,Kurtzman,Matt Kurtzman,Brand Manager,Simple Mills,Better-For-You Snacks,Food & Beverage,Manager,mkurtzman@simplemills.com,,http://www.linkedin.com/in/matt-kurtzman-mba-0a9a92146,new_enriched
Parker,Gruening,Parker Gruening,Brand Manager,GoMacro,Better-For-You Snacks,Food & Beverage,Manager,parker@gomacro.com,,http://www.linkedin.com/in/parkergruening,new_enriched
Lelia,Kacha,Lelia Kacha,Brand Manager,Magic Spoon,Better-For-You Snacks,Food & Beverage,Manager,lelia@magicspoon.com,,http://www.linkedin.com/in/lelia-kacha,new_enriched
Anna,Mekler,Anna Mekler,Brand Manager,Simple Mills,Better-For-You Snacks,Food & Beverage,Manager,amekler@simplemills.com,,http://www.linkedin.com/in/anna-mekler-6262b383,new_enriched
Tatel,Velasquez,Tatel Velasquez,VP Marketing Europe,Once Upon a Farm,Baby Food & Toddler Nutrition,Food & Beverage,VP,tatel.velasquez@uponafarm.com,,http://www.linkedin.com/in/tatel,new_enriched
Dan,Hickle,Dan Hickle,SVP/ Head of Marketing,GoMacro,Better-For-You Snacks,Food & Beverage,VP,dan@gomacro.com,,http://www.linkedin.com/in/danhickle,new_enriched
Ali,Meier,Ali Meier,"Senior Director, Marketing - Head of Brand Equity & Commercialization",Perfect Snacks,Better-For-You Snack Bars,Food & Beverage,Head,ameier@perfectsnacks.com,,http://www.linkedin.com/in/alecceandra-meier,new_enriched
Marion,Delgutte,Marion Delgutte,SVP of Marketing,Perfect Snacks,Better-For-You Snack Bars,Food & Beverage,VP,marion@perfectsnacks.com,,http://www.linkedin.com/in/marionsaenen,new_enriched
Stacey,Hartnett,Stacey Hartnett,"Senior Vice President, Marketing",Chomps,Better-For-You Snack Bars,Food & Beverage,C-Suite,stacey@chomps.com,,http://www.linkedin.com/in/stacey-hartnett-berger-6b2aa124,new_enriched
Megan,Butler,Megan Butler,Product Marketing Coordinator,Once Upon a Farm,Baby Food & Toddler Nutrition,Food & Beverage,C-Suite,megan@uponafarm.com,,http://www.linkedin.com/in/megan-butler-mba-6643b952,new_enriched
Lindsay,Marsh,Lindsay Marsh,Senior Brand Manager,Chomps,Better-For-You Snack Bars,Food & Beverage,Manager,lindsay.marsh@chomps.com,,http://www.linkedin.com/in/lindsay-marsh,new_enriched
Dave,Knospe,Dave Knospe,CMO,New Belgium Brewing,Craft Beer & Spirits,Food & Beverage,C-Suite,dknospe@newbelgium.com,,http://www.linkedin.com/in/daveknospe,new_enriched
Dustin,Hinz,Dustin Hinz,Chief Marketing Officer,Firestone Walker Brewing Company,Craft Beer & Spirits,Food & Beverage,C-Suite,dustin.hinz@firestonewalker.com,,http://www.linkedin.com/in/dustinhinz,new_enriched
Hannah,Dray,Hannah Dray,Interim CMO,Lagunitas Brewing Company,Craft Beer & Spirits,Food & Beverage,C-Suite,hannah.dray@lagunitas.com,,http://www.linkedin.com/in/hannah-dray-96454532,new_enriched
Luiza,Rotenberg,Luiza Rotenberg,Head of Partnerships,Stone,Other Enterprise,Other,Head,luiza.rotenberg@stone.com.br,,http://www.linkedin.com/in/luiza-rotenberg,new_enriched
Heather,Johnston,Heather Johnston,VP of Marketing,New Belgium Brewing,Craft Beer & Spirits,Food & Beverage,VP,hjohnston@newbelgium.com,,http://www.linkedin.com/in/heather-johnston-1aa1177,new_enriched
Joachim,Lopez,Joachim Lopez,Brand Manager,Athletic Brewing Co.,Emerging Beverage & Wellness,Food & Beverage,Manager,joachim.lopez@athleticbrewing.com,,http://www.linkedin.com/in/joachim-lopez,new_enriched
Erica,Vitkin,Erica Vitkin,Brand Manager,Bell’s Brewery,Other Enterprise,Other,Manager,evitkin@bellsbeer.com,,http://www.linkedin.com/in/ericavitkin,new_enriched
Andy,Gurjian,Andy Gurjian,Brand Manager,Sierra Nevada Brewing Co.,Craft Beer & Spirits,Food & Beverage,Manager,andrew.gurjian@sierranevada.com,,http://www.linkedin.com/in/andy-gurjian-11325346,new_enriched
Kristin,Shufelt,Kristin Shufelt,Brand Manager,Athletic Brewing Co.,Emerging Beverage & Wellness,Food & Beverage,Manager,kristins@athleticbrewing.com,,http://www.linkedin.com/in/kristinshufelt,new_enriched
Justin,Nix,Justin Nix,Brand Manager,Sierra Nevada Brewing Co.,Craft Beer & Spirits,Food & Beverage,Manager,justin.nix@sierranevada.com,,http://www.linkedin.com/in/justinnix,new_enriched
Janelle,Mazur,Janelle Mazur,Brand Manager,Dogfish Head,Craft Beer & Spirits,Food & Beverage,Manager,janelle.mazur@dogfish.com,,http://www.linkedin.com/in/janellemazur,new_enriched
Angie,Bell,Angie Bell,Vice President & Marketing Director,"Bell's Brewery, Inc.",Craft Beer & Spirits,Food & Beverage,C-Suite,angie.bell@bellsbeer.com,,http://www.linkedin.com/in/angie-bell-bab80a8,new_enriched
Charly,Stamps,Charly Stamps,Associate Brand Manager,Teremana Tequila,Craft Beer & Spirits,Food & Beverage,Manager,charly@teremana.com,,http://www.linkedin.com/in/charly-stamps,new_enriched
Emily,Piper,Emily Piper,Associate Brand Manager,New Belgium Brewing,Craft Beer & Spirits,Food & Beverage,Manager,edufficy@newbelgium.com,,http://www.linkedin.com/in/emily-dufficy,new_enriched
Leah,Fisher,Leah Fisher,Innovation Brand Manager,Sierra Nevada Brewing Co.,Craft Beer & Spirits,Food & Beverage,Manager,leah.fisher@sierranevada.com,,http://www.linkedin.com/in/leah-fisher2,new_enriched
Ana,Manhaes,Ana Manhaes,Brand Manager | Ton,Stone,Other Enterprise,Other,Manager,ana.manhaes@stone.com.br,,http://www.linkedin.com/in/carolina-herdy-manhaes,new_enriched
Zoe,McConachie,Zoe McConachie,Brand Manager - International,Teremana Tequila,Craft Beer & Spirits,Food & Beverage,Manager,zoe@teremana.com,,http://www.linkedin.com/in/zoe-mcconachie,new_enriched
Alisa,Bunin,Alisa Bunin,Associate Brand Manager,The Boston Beer Company,Alt Sneaker & Comfort Footwear,Fashion & Apparel,Manager,alisa.bunin@bostonbeer.com,,http://www.linkedin.com/in/alisa-bunin-a9a62064,new_enriched
Alan,Heasley,Alan Heasley,Innovation Brand Manager,New Belgium Brewing,Craft Beer & Spirits,Food & Beverage,Manager,aheasley@newbelgium.com,,http://www.linkedin.com/in/alan-heasley-5b49b1126,new_enriched
Ryan,Dunn,Ryan Dunn,Senior Brand Manager,The Boston Beer Company,Alt Sneaker & Comfort Footwear,Fashion & Apparel,Manager,ryan.dunn@bostonbeer.com,,http://www.linkedin.com/in/ryan-dunn-76715443,new_enriched
Adam,Hollander,Adam Hollander,CMO,OpenSea,Crypto Exchanges & Wallets,Finance & Fintech,C-Suite,adam.hollander@opensea.io,,http://www.linkedin.com/in/hollanas,new_enriched
Neal,Gorevic,Neal Gorevic,Chief Marketing Officer,Consensys,Crypto/Web3,Finance & Fintech,C-Suite,neal.gorevic@consensys.net,,http://www.linkedin.com/in/nealgorevic,new_enriched
Steven,Kalifowitz,Steven Kalifowitz,Chief Marketing Officer,Crypto.com,Crypto Exchanges & Wallets,Finance & Fintech,C-Suite,steve@crypto.com,,http://www.linkedin.com/in/skalifowitz,new_enriched
Catherine,Ferdon,Catherine Ferdon,Chief Marketing Officer,Coinbase,Crypto/Web3,Finance & Fintech,C-Suite,catherine.ferdon@coinbase.com,,http://www.linkedin.com/in/catherine-ferdon,new_enriched
Matheus,Paula,Matheus Paula,Head of Growth Marketing,Blockchain.com,Crypto/Web3,Finance & Fintech,Head,mfaria@blockchain.com,,http://www.linkedin.com/in/matheusfdepaula,new_enriched
William,Zielke,William Zielke,Chief Revenue Officer and Chief Marketing Officer,BitPay,Crypto/Web3,Finance & Fintech,C-Suite,bzielke@bitpay.com,,http://www.linkedin.com/in/williamzielke,new_enriched
Ella,Jonas,Ella Jonas,Head of Growth,Kraken,Crypto Exchanges & Wallets,Finance & Fintech,Head,ella.jonas@kraken.com,,http://www.linkedin.com/in/timeaellajonas,new_enriched
Andres,Writes,Andres Writes,Head of Growth - Consumer,Kraken,Crypto Exchanges & Wallets,Finance & Fintech,Head,andres.boveda@kraken.com,,http://www.linkedin.com/in/andreswrites,new_enriched
Katarzyna,Wabik,Katarzyna Wabik,Head of Growth CEE,Kraken Digital Asset Exchange,Crypto Exchanges & Wallets,Finance & Fintech,Head,katarzyna.wabik@kraken.com,,http://www.linkedin.com/in/katarzyna-wabik,new_enriched
Merrick,Theobald,Merrick Theobald,Vice President Marketing,BitPay,Crypto/Web3,Finance & Fintech,C-Suite,mtheobald@bitpay.com,,http://www.linkedin.com/in/merricktheobald,new_enriched
Devon,King,Devon King,Head of Growth - Pro & Desktop,Kraken,Crypto Exchanges & Wallets,Finance & Fintech,Head,devon.king@kraken.com,,http://www.linkedin.com/in/devon-king-92149b54,new_enriched
Olivia,Santarelli,Olivia Santarelli,Head of Marketing,Gemini,Crypto Exchanges & Wallets,Finance & Fintech,Head,olivia.santarelli@gemini.com,,http://www.linkedin.com/in/oliviasantarelli,new_enriched
Nazli,Visne,Nazli Visne,Head of Growth - DACH & NL,Kraken,Crypto Exchanges & Wallets,Finance & Fintech,Head,nazli.visne@kraken.com,,http://www.linkedin.com/in/nazlivisne,new_enriched
Renaud,Besnard,Renaud Besnard,"Advisor, Board Member and Fractional Growth Executive / CMO",Circle,Other Enterprise,Other,C-Suite,renaud.besnard@circle.com,,http://www.linkedin.com/in/renard,new_enriched
Eric,Guffey,Eric Guffey,Head of Growth Data Science,Coinbase,Crypto/Web3,Finance & Fintech,Head,eric.guffey@coinbase.com,,http://www.linkedin.com/in/eric-guffey-05722a26,new_enriched
Paul,Almasi,Paul Almasi,"Head of Partnerships, Corporate Development and Ventures",Alchemy,Other Enterprise,Other,Head,paul@alchemy.com,,http://www.linkedin.com/in/paul-almasi,new_enriched
Shawntina,Phillips,Shawntina Phillips,Global Head of Brand Media,Kraken,Crypto Exchanges & Wallets,Finance & Fintech,Head,shawntina.phillips@kraken.com,,http://www.linkedin.com/in/shawntina-phillips-1b49742a,new_enriched
Travis,Arthur,Travis Arthur,"Vice President Marketing, Ripple Treasury",Ripple,Other Enterprise,Other,C-Suite,tarthur@ripple.com,,http://www.linkedin.com/in/travisarthur96,new_enriched
Tina,Rolen,Tina Rolen,Chief Marketing Officer,Fjällräven,Luggage & Travel Gear,Travel & Hospitality,C-Suite,tina.rolen@fjallraven.se,,http://www.linkedin.com/in/tinarolen,new_enriched
Tyler,House,Tyler House,Chief Marketing Officer,Bellroy,Luggage & Travel Gear,Travel & Hospitality,C-Suite,tyler.house@bellroy.com,,http://www.linkedin.com/in/tylerlhouse,new_enriched
Bernadette,Fitzpatrick,Bernadette Fitzpatrick,Chief Marketing Officer,Dagne Dover,Luggage & Travel Gear,Travel & Hospitality,C-Suite,bernadette.fitzpatrick@dagnedover.com,,http://www.linkedin.com/in/bernadettefitzpatrick,new_enriched
Mathieu,Plenier,Mathieu Plenier,Chief Marketing Officer,RIMOWA,Luggage & Travel Gear,Travel & Hospitality,C-Suite,mathieu.plenier@rimowa.com,,http://www.linkedin.com/in/mathieu-plenier-61a1248a,new_enriched
Nicole,Adriance,Nicole Adriance,Head of Brand and Marketing,Samsonite,Luggage & Travel Gear,Travel & Hospitality,Head,nicole.adriance@samsonite.com,,http://www.linkedin.com/in/nicoleadriance,new_enriched
Lawrence,Lander,Lawrence Lander,Head of Brand + Marketing,Peak Design,Bicycles & Cycling Gear,Sports & Athletics,Head,lawrence@peakdesign.com,,http://www.linkedin.com/in/lawrenceplander,new_enriched
Jeannie,Shin,Jeannie Shin,VP of Marketing,CALPAK,Luggage & Travel Gear,Travel & Hospitality,VP,jeannie@calpaks.com,,http://www.linkedin.com/in/jeannie-shin-34ab744b,new_enriched
Nicole,Mullady,Nicole Mullady,VP of Marketing,Dagne Dover,Luggage & Travel Gear,Travel & Hospitality,VP,nicole@dagnedover.com,,http://www.linkedin.com/in/nicole-mullady-88911a52,new_enriched
Akirah,Brown,Akirah Brown,Brand Manager,Samsonite,Luggage & Travel Gear,Travel & Hospitality,Manager,akirah.brown@samsonite.com,,http://www.linkedin.com/in/akirah-brown,new_enriched
Suraj,Rajan,Suraj Rajan,Brand Manager,Samsonite,Luggage & Travel Gear,Travel & Hospitality,Manager,suraj.rajan@samsonite.com,,http://www.linkedin.com/in/surajrajan88,new_enriched
Enzo,Gouedar,Enzo Gouedar,Vice President Marketing - Americas,RIMOWA,Luggage & Travel Gear,Travel & Hospitality,C-Suite,enzo.gouedar@rimowa.com,,http://www.linkedin.com/in/enzo-gouedar,new_enriched
Daniela,Soto Chevasco,Daniela Soto Chevasco,Regional Brand Manager,Samsonite,Luggage & Travel Gear,Travel & Hospitality,Manager,daniela.soto@samsonite.com,,http://www.linkedin.com/in/daniela-soto-chevasco,new_enriched
Laura,Schmidt,Laura Schmidt,Brand Manager TUMI,Samsonite,Luggage & Travel Gear,Travel & Hospitality,Manager,laura.schmidt@samsonite.com,,http://www.linkedin.com/in/lhschmidt,new_enriched
Soledad,Ovalle Valdes,Soledad Ovalle Valdes,Regional Brand Manager,Samsonite,Luggage & Travel Gear,Travel & Hospitality,Manager,soledad.ovalle@samsonite.com,,http://www.linkedin.com/in/soledadovallev,new_enriched
Jordan,Swensson,Jordan Swensson,"Head of Brand & Communications, North America",RIMOWA,Luggage & Travel Gear,Travel & Hospitality,Head,jordan.swensson@rimowa.com,,http://www.linkedin.com/in/jswensson55,new_enriched
Meha,Parekh,Meha Parekh,Head of Marketing and Communications,Samsonite,Luggage & Travel Gear,Travel & Hospitality,Head,meha.parekh@samsonite.com,,http://www.linkedin.com/in/mehaparekh,new_enriched
Alessandra,Glatzmaier,Alessandra Glatzmaier,Head of Marketing Germany,Fjällräven,Luggage & Travel Gear,Travel & Hospitality,Head,alessandra.glatzmaier@fjallraven.de,,http://www.linkedin.com/in/alessandra-glatzmaier-45b917165,new_enriched
Althea,Lee,Althea Lee,Head of Marketing & Merchandising,Samsonite,Luggage & Travel Gear,Travel & Hospitality,Head,althea.lee@samsonite.com,,http://www.linkedin.com/in/althea-l-51b27158,new_enriched
Jacky,Liu,Jacky Liu,Senior Brand Manager,Samsonite,Luggage & Travel Gear,Travel & Hospitality,Manager,jacky.liu@samsonite.com,,http://www.linkedin.com/in/jacky-liu-723a03151,new_enriched
Alice,Hoo,Alice Hoo,Assistant Brand Manager,Samsonite Malaysia,Luggage & Travel Gear,Travel & Hospitality,Manager,alice.hoo@samsonite.com,,http://www.linkedin.com/in/alice-hoo-34399240,new_enriched
Jamie,Domenici,Jamie Domenici,CMO,Klaviyo,Email Marketing SaaS,Tech & SaaS,C-Suite,jamie.domenici@klaviyo.com,,http://www.linkedin.com/in/jdomenici,new_enriched
Tsvika,Vishnievsky,Tsvika Vishnievsky,CMO,Yotpo,E-commerce Platforms,Tech & SaaS,C-Suite,tvishnievsky@yotpo.com,,http://www.linkedin.com/in/tsvika-vishnievsky-829555153,new_enriched
Tamara,Niesen,Tamara Niesen,CMO,Woo,Other Enterprise,Other,C-Suite,tamara.niesen@automattic.com,,http://www.linkedin.com/in/tamaraniesen,new_enriched
Nisha,Shinde,Nisha Shinde,Chief Marketing Officer,Shopify,E-commerce Platforms,Tech & SaaS,C-Suite,nisha.shinde@shopify.com,,http://www.linkedin.com/in/nisha-shinde-98b9b0289,new_enriched
Josh,Groth,Josh Groth,"SVP, Head of Marketing and Growth",Squarespace,Website Builders & Hosting,Tech & SaaS,VP,jgroth@squarespace.com,,http://www.linkedin.com/in/joshgroth,new_enriched
Hannah,Udina,Hannah Udina,Head of Partnerships (ANZ),Shopify,E-commerce Platforms,Tech & SaaS,Head,hannah.udina@shopify.com,,http://www.linkedin.com/in/hannahudina,new_enriched
Hayley,Johnstone,Hayley Johnstone,Head of Partnerships APAC,Klaviyo,Email Marketing SaaS,Tech & SaaS,Head,hayley.johnstone@klaviyo.com,,http://www.linkedin.com/in/hayleydack,new_enriched
Tim,Price,Tim Price,Head of Growth Marketing at WooCommerce,WooCommerce,E-commerce Platforms,Tech & SaaS,Head,timothy.price@automattic.com,,http://www.linkedin.com/in/timmoprice,new_enriched
Maria,Hayday,Maria Hayday,"Head of Marketing Content, Wix.com",Wix,Website Builders & Hosting,Tech & SaaS,Head,mariah@wix.com,,http://www.linkedin.com/in/maria-hayday-02b3571a4,new_enriched
Apsara,Chidambaram,Apsara Chidambaram,Head of Partnerships EMEA,Shopify,E-commerce Platforms,Tech & SaaS,Head,apsara.chidambaram@shopify.com,,http://www.linkedin.com/in/apsarac,new_enriched
Michael,Gooding,Michael Gooding,Head of Growth Services,Shopify,E-commerce Platforms,Tech & SaaS,Head,michael.gooding@shopify.com,,http://www.linkedin.com/in/mgooding1981,new_enriched
Omer,Shai,Omer Shai,VP Marketing,Wix.com,Website Builders & Hosting,Tech & SaaS,VP,omer@wix.com,,http://www.linkedin.com/in/omer-shai-4a18049,new_enriched
Paula,Mejia,Paula Mejia,VP of Marketing,Wix,Website Builders & Hosting,Tech & SaaS,VP,paulaxm@wix.com,,http://www.linkedin.com/in/paulaxmejia,new_enriched
Kyle,Pursell,Kyle Pursell,Head of Growth Optimization,Shopify,E-commerce Platforms,Tech & SaaS,Head,kyle.pursell@shopify.com,,http://www.linkedin.com/in/pursellkyle,new_enriched
Sam,Melnick,Sam Melnick,Vice President of Marketing,Postscript,E-commerce Platforms,Tech & SaaS,C-Suite,sam.melnick@postscript.io,,http://www.linkedin.com/in/sammelnick,new_enriched
Heather,Adams,Heather Adams,VP of Marketing,Gorgias,E-commerce Platforms,Tech & SaaS,VP,heather.adams@gorgias.com,,http://www.linkedin.com/in/heatheradams,new_enriched
Ashley,Tanimoto,Ashley Tanimoto,"Senior Executive Business Partner, CMO & CPO",Attentive,Other Enterprise,Other,C-Suite,atanimoto@attentivemobile.com,,http://www.linkedin.com/in/ashleytanimoto,new_enriched
Adrian,Lambert,Adrian Lambert,Vice President Marketing,Shopify,E-commerce Platforms,Tech & SaaS,C-Suite,adrian.lambert@shopify.com,,http://www.linkedin.com/in/adrian-lambert-18912a24b,new_enriched
Elie,Hosansky,Elie Hosansky,"Head of Partnerships, Southern Europe",Shopify,E-commerce Platforms,Tech & SaaS,Head,elie.hosansky@shopify.com,,http://www.linkedin.com/in/eliehosansky,new_enriched
Tony,Jiang,Tony Jiang,"Head of Partnerships, Greater China",Shopify,E-commerce Platforms,Tech & SaaS,Head,tony.jiang@shopify.com,,http://www.linkedin.com/in/tonyjiangyale,new_enriched
Samantha,Orihuela,Samantha Orihuela,Chief Marketing Officer,ADP,Other Enterprise,Other,C-Suite,samantha.orihuela@adp.com,,http://www.linkedin.com/in/samanthadawkinsmarketingexecutive,new_enriched
Adam,Christensen,Adam Christensen,Chief Marketing Officer,BambooHR,HR & People Tech,Tech & SaaS,C-Suite,adamchristensen@bamboohr.com,,http://www.linkedin.com/in/adamchristensen,new_enriched
Gus,Blanchard,Gus Blanchard,ADP Chief Marketing Officer,ADP,Other Enterprise,Other,C-Suite,gus.blanchard@adp.com,,http://www.linkedin.com/in/gus-blanchard,new_enriched
Andy,Molina,Andy Molina,Head of Partnerships,Remote,Other Enterprise,Other,Head,andy@remote.com,,http://www.linkedin.com/in/andresmolina44,new_enriched
Kat,Fergerson,Kat Fergerson,Head of Partnerships,Ashby,Other Enterprise,Other,Head,kat@ashbyhq.com,,http://www.linkedin.com/in/katfergerson,new_enriched
Patrick,Lannon,Patrick Lannon,Head of Partnerships,Deel,Other Enterprise,Other,Head,patrick.lannon@deel.com,,http://www.linkedin.com/in/patrick-lannon-964a4a1,new_enriched
Michelle,Gorman,Michelle Gorman,Office of the CMO,Workday,Enterprise SaaS Giants,Tech & SaaS,C-Suite,michelle.gorman@workday.com,,http://www.linkedin.com/in/gorman-michelle,new_enriched
Rachael,Powell,Rachael Powell,"Vice President, Head of Brand and Integrated Marketing",Gusto,HR & People Tech,Tech & SaaS,C-Suite,rachael.powell@gusto.com,,http://www.linkedin.com/in/rachaelcpowell,new_enriched
Lisa,Lottering,Lisa Lottering,Growth Marketing. Fractional CMO,Deel,Other Enterprise,Other,C-Suite,lisal@deel.com,,http://www.linkedin.com/in/lisa-lottering-4b243719,new_enriched
Anum,Hussain,Anum Hussain,Head of Content,Ashby,Other Enterprise,Other,Head,anum@ashbyhq.com,,http://www.linkedin.com/in/anumhussain,new_enriched
Jill,Taksey,Jill Taksey,Head of Content,ADP,Other Enterprise,Other,Head,jill.v.taksey@adp.com,,http://www.linkedin.com/in/jilltaksey,new_enriched
Matt,Epstein,Matt Epstein,Advisor | ex-CMO @ Rippling,Rippling,HR & People Tech,Tech & SaaS,C-Suite,mepstein@rippling.com,,http://www.linkedin.com/in/msepstein,new_enriched
Jennifer,Maes,Jennifer Maes,Head of Growth and Community,Freelance,Other Enterprise,Other,Head,jennifer.maes@gusto.com,,http://www.linkedin.com/in/jennifermaes333,new_enriched
Arteen,Asgharzadeh,Arteen Asgharzadeh,Head of Marketing & Growth - Rippling Finance,Rippling,HR & People Tech,Tech & SaaS,Head,aasgharzadeh@rippling.com,,http://www.linkedin.com/in/arteen-asgharzadeh-bb155758,new_enriched
Luciano,Viterale,Luciano Viterale,"Head of Growth, APAC",Rippling,HR & People Tech,Tech & SaaS,Head,lviterale@rippling.com,,http://www.linkedin.com/in/lucianoviterale,new_enriched
Scott,Groenendal,Scott Groenendal,Vice President Marketing,ADP,Other Enterprise,Other,C-Suite,scott.groenendal@adp.com,,http://www.linkedin.com/in/scottgroenendal,new_enriched
Harriet,Johnston,Harriet Johnston,VP of Marketing,Ashby,Other Enterprise,Other,VP,harriet@ashbyhq.com,,http://www.linkedin.com/in/hajohnston,new_enriched
Vicky,McNamara,Vicky McNamara,VP of Marketing,Workday,Enterprise SaaS Giants,Tech & SaaS,VP,vicky.mcnamara@workday.com,,http://www.linkedin.com/in/vickymcnamara,new_enriched
Betsy,Linder,Betsy Linder,"Vice President, Marketing",ADP,Other Enterprise,Other,C-Suite,betsy.linder@adp.com,,http://www.linkedin.com/in/betsylinder,new_enriched
Ryan,Narod,Ryan Narod,"VP, Marketing",Rippling,HR & People Tech,Tech & SaaS,VP,rnarod@rippling.com,,http://www.linkedin.com/in/ryannarod,new_enriched
Katie,Babineau,Katie Babineau,CMO & VP Marketing,Beyond Yoga,Athleisure & Yoga Apparel,Fashion & Apparel,C-Suite,kbabineau@beyondyoga.com,,http://www.linkedin.com/in/kbabs,new_enriched
Rob,Kent,Rob Kent,Chief Marketing Officer,Vuori,Athleisure & Yoga Apparel,Fashion & Apparel,C-Suite,rob.kent@vuori.com,,http://www.linkedin.com/in/rob-kent-0ba3a226,new_enriched
Lucas,Crawford,Lucas Crawford,"Vice President, Head of Brand Marketing",ALO,Other Enterprise,Other,C-Suite,lucas.crawford@aloyoga.com,,http://www.linkedin.com/in/lucascrawford,new_enriched
Natasha,Walmsley,Natasha Walmsley,Global Brand Manager,Sweaty Betty,Fitness Apparel,Sports & Athletics,Manager,natasha.walmsley@sweatybetty.com,,http://www.linkedin.com/in/natashawalmsley,new_enriched
Summer,Nacewicz,Summer Nacewicz,Executive Vice President of Marketing & Creative,Alo Yoga,Athleisure & Yoga Apparel,Fashion & Apparel,C-Suite,summer.nacewicz@aloyoga.com,,http://www.linkedin.com/in/summer-nacewicz-22b64910,new_enriched
Liana,Martell,Liana Martell,Talent & Brand Manager (Remote),ALO,Other Enterprise,Other,Manager,liana.martell@aloyoga.com,,http://www.linkedin.com/in/liana-martell-926119127,new_enriched
Tony,Li,Tony Li,"Head, Global Integrated & Growth Marketing",ALO,Other Enterprise,Other,Other,tony.li@aloyoga.com,,http://www.linkedin.com/in/tonylee1028,new_enriched
Paige,Trett,Paige Trett,"Manager, Brand Environments",Vuori,Athleisure & Yoga Apparel,Fashion & Apparel,Manager,paige.trett@vuori.com,,http://www.linkedin.com/in/paige-trett,new_enriched
Alexa,Hempel,Alexa Hempel,Brand Voice Manager,Alo Yoga,Athleisure & Yoga Apparel,Fashion & Apparel,Manager,alexa.hempel@aloyoga.com,,http://www.linkedin.com/in/alexahempel,new_enriched
Aaron,Rapf,Aaron Rapf,Head of Global Sports Marketing,Vuori,Athleisure & Yoga Apparel,Fashion & Apparel,Head,aaron.rapf@vuori.com,,http://www.linkedin.com/in/aaronrapf,new_enriched
Laura,Sambrook,Laura Sambrook,Senior Brand Finance Manager,Sweaty Betty,Fitness Apparel,Sports & Athletics,Manager,laura.sambrook@sweatybetty.com,,http://www.linkedin.com/in/laura-sambrook-684b7761,new_enriched
Natasha,Trindall,Natasha Trindall,General Manager of Marketing/Vice President,ALO,Other Enterprise,Other,C-Suite,natasha.trindall@aloyoga.com,,http://www.linkedin.com/in/natashatrindall,new_enriched
Kate,Newman,Kate Newman,"Vice President, Brand and Product Marketing",Vuori,Athleisure & Yoga Apparel,Fashion & Apparel,C-Suite,kate.newman@vuori.com,,http://www.linkedin.com/in/katenewm,new_enriched
Ronnie,Ncidq,Ronnie Ncidq,Design Manager Brand Environments,Vuori,Athleisure & Yoga Apparel,Fashion & Apparel,Manager,ronnie.marquez@kendrascott.com,,http://www.linkedin.com/in/ronnie-marquez-ncidq-b080b784,new_enriched
Georgie,Coppin,Georgie Coppin,Senior Brand Marketing Manager,Sweaty Betty,Fitness Apparel,Sports & Athletics,Manager,georgie.coppin@sweatybetty.com,,http://www.linkedin.com/in/georgie-coppin-9615353b,new_enriched
Adam,Lerum,Adam Lerum,Sr. Manager of Brand Creative,Vuori,Athleisure & Yoga Apparel,Fashion & Apparel,Manager,alerum@vuoriclothing.com,,http://www.linkedin.com/in/adam-lerum-21631b67,new_enriched
Taylor,Andrade,Taylor Andrade,Intellectual Property & Brand Protection Manager,Vuori,Athleisure & Yoga Apparel,Fashion & Apparel,Manager,taylor.andrade@vuori.com,,http://www.linkedin.com/in/taylor-andrade-67a024147,new_enriched
Jasmene,Perry,Jasmene Perry,Global Brand Protection Manager (Legal),Alo Yoga,Athleisure & Yoga Apparel,Fashion & Apparel,Manager,jasmene.perry@aloyoga.com,,http://www.linkedin.com/in/jasmeneperry,new_enriched
Jamie,Sohosky,Jamie Sohosky,Chief Marketing Officer,Bath & Body Works,Home Fragrance & Prestige Beauty Retail,Beauty & Personal Care,C-Suite,jsohosky@bbw.com,,http://www.linkedin.com/in/jamie-sohosky-8311aa10,new_enriched
Emily,Cullen,Emily Cullen,"Vice President, Marketing",Voluspa,Home Fragrance & Prestige Beauty Retail,Beauty & Personal Care,C-Suite,emilyc@voluspa.com,,http://www.linkedin.com/in/emilycullen7,new_enriched
Melanie,Canty,Melanie Canty,Vice President of Marketing,Jo Malone London,Home Fragrance & Candles,Beauty & Personal Care,C-Suite,mcanty@jomalone.com,,http://www.linkedin.com/in/melaniercanty,new_enriched
Aya,Sugino,Aya Sugino,Head of Marketing,diptyque Paris,Home Fragrance & Prestige Beauty Retail,Beauty & Personal Care,Head,asugino@diptyquejapan.com,,http://www.linkedin.com/in/aya-sugino-0a603823,new_enriched
Anna,Barry,Anna Barry,Head of Marketing UK,diptyque Paris,Home Fragrance & Prestige Beauty Retail,Beauty & Personal Care,Head,anna@diptyqueparis.co.uk,,http://www.linkedin.com/in/anna-barry-70516154,new_enriched
Chris,Streeter,Chris Streeter,"Associate Vice President, Marketing Operations",Bath & Body Works,Home Fragrance & Prestige Beauty Retail,Beauty & Personal Care,C-Suite,clstreeter@bbw.com,,http://www.linkedin.com/in/chris-streeter-7245162,new_enriched
Katie,Balogh,Katie Balogh,"Bath & Body Works — Associate Vice President, Marketing (Integrated Marketing & Operations)",Bath & Body Works,Home Fragrance & Prestige Beauty Retail,Beauty & Personal Care,C-Suite,kbalogh@bbw.com,,http://www.linkedin.com/in/marykatiebalogh,new_enriched
Priscilla,Balestier,Priscilla Balestier,Head of Digital Marketing,diptyque Paris,Home Fragrance & Prestige Beauty Retail,Beauty & Personal Care,Head,pbalestier@diptyqueparis.com,,http://www.linkedin.com/in/priscilla-balestier,new_enriched
Caroline,Pondville,Caroline Pondville,Brand Education Manager,Diptyque Paris,Home Fragrance & Prestige Beauty Retail,Beauty & Personal Care,Manager,cpondville@diptyqueparis.com,,http://www.linkedin.com/in/caroline-pondville,new_enriched
Abby,Green,Abby Green,Brand Operations Manager,Boy Smells,Home Fragrance & Candles,Beauty & Personal Care,Manager,abby.green@boysmells.com,,http://www.linkedin.com/in/abby-olivia-green,new_enriched
Estelle,Cash,Estelle Cash,"Global Head of Social, Plurimedia & Brand Studies",Diptyque Paris,Home Fragrance & Prestige Beauty Retail,Beauty & Personal Care,Head,ecash@diptyqueparis.com,,http://www.linkedin.com/in/estelle-cash,new_enriched
Margaux,Barthelemy,Margaux Barthelemy,360 Brand Content Manager,Diptyque Paris,Home Fragrance & Prestige Beauty Retail,Beauty & Personal Care,Manager,mbarthelemy@diptyqueparis.com,,http://www.linkedin.com/in/margaux-barthelemy-023a4479,new_enriched
Carla,Vaquer,Carla Vaquer,Brand Activation Project Manager - Flagships,Diptyque Paris,Home Fragrance & Prestige Beauty Retail,Beauty & Personal Care,Manager,cvaquer@diptyqueparis.com,,http://www.linkedin.com/in/carla-vaquer,new_enriched
Ashley,Flowers,Ashley Flowers,"AVP, Digital Marketing",Bath & Body Works,Home Fragrance & Prestige Beauty Retail,Beauty & Personal Care,VP,aeflowers@bbw.com,,http://www.linkedin.com/in/ashley-barton-flowers,new_enriched
Natalie,Clarke,Natalie Clarke,Vice President Global Brand Marketing,Jo Malone London,Home Fragrance & Candles,Beauty & Personal Care,C-Suite,nclarke@jomalone.com,,http://www.linkedin.com/in/natalie-clarke-1a36254,new_enriched
Chelsea,Ferlita,Chelsea Ferlita,"Sr. Manager, Brand & Category Strategy",Bath & Body Works,Home Fragrance & Prestige Beauty Retail,Beauty & Personal Care,Manager,czoellner@bbw.com,,http://www.linkedin.com/in/chelsealaferlita,new_enriched
Briana,Mooney,Briana Mooney,"Senior Manager, Brand & Category Strategy",Bath & Body Works,Home Fragrance & Prestige Beauty Retail,Beauty & Personal Care,Manager,bmooney@bbw.com,,http://www.linkedin.com/in/briana-mooney-16b11346,new_enriched
Karin,Miller,Karin Miller,Senior VP of Strategic Marketing & Brand Development,Aromatique Inc.,Home Fragrance & Candles,Beauty & Personal Care,VP,kmiller@aromatique.com,,http://www.linkedin.com/in/karin-miller-431023b,new_enriched
Shyam,Kumar,Shyam Kumar,Brand Development Manager - International Store Design & Construciton,Bath & Body Works,Home Fragrance & Prestige Beauty Retail,Beauty & Personal Care,Manager,skumar@bbw.com,,http://www.linkedin.com/in/shyam-kumar-6567474,new_enriched
Rob,Lovell,Rob Lovell,"Associate Vice President, Brand & Category Marketing Strategy",Bath & Body Works,Home Fragrance & Prestige Beauty Retail,Beauty & Personal Care,C-Suite,rlovell@bbw.com,,http://www.linkedin.com/in/rlovell,new_enriched
Wut,Moosiri,Wut Moosiri,Head of Brand Manager,Callaway Golf,Golf Equipment Brands,Sports & Athletics,Head,wut.moosiri@callawaygolf.com,,http://www.linkedin.com/in/wut-moosiri-moosiri-2356862ba,new_enriched
Carolyn,Pollock,Carolyn Pollock,Chief Marketing Officer,Wilson Sporting Goods Co.,Alt Sneaker & Comfort Footwear,Fashion & Apparel,C-Suite,carolyn.pollock@wilson.com,,http://www.linkedin.com/in/carolynpollock,new_enriched
Tim,Rumer,Tim Rumer,Chief Marketing Officer,Mizuno USA,Golf Brands,Sports & Athletics,C-Suite,tim.rumer@mizunousa.com,,http://www.linkedin.com/in/bram-krieger-5a3aab43,new_enriched
Chris,Kircher,Chris Kircher,Vice President Marketing,Dunlop Sports Americas,Golf Equipment Brands,Sports & Athletics,C-Suite,chriskircher@clevelandgolf.com,,http://www.linkedin.com/in/chris-kircher,new_enriched
Serafini,,Serafini,VP Marketing,Callaway Golf,Golf Equipment Brands,Sports & Athletics,VP,serafini@callawaygolf.com,,http://www.linkedin.com/in/l-serafini-427b473,new_enriched
Deviena,Srivastava,Deviena Srivastava,Brand Manager,PUMA Group,Athletic Footwear/Apparel Giants,Sports & Athletics,Manager,deviena.srivastava@puma.com,,http://www.linkedin.com/in/deviena-srivastava-a68016a3,new_enriched
Robyn,Cruz,Robyn Cruz,Head of Marketing,PUMA Group,Athletic Footwear/Apparel Giants,Sports & Athletics,Head,robyn.cruz@puma.com,,http://www.linkedin.com/in/robyncruz,new_enriched
Jonathan,Bannister,Jonathan Bannister,Head of Marketing,PUMA Group,Athletic Footwear/Apparel Giants,Sports & Athletics,Head,jonathan.bannister@puma.com,,http://www.linkedin.com/in/jonathan-bannister-72287a48,new_enriched
Julian,Sauer,Julian Sauer,Head of Marketing,PUMA Group,Athletic Footwear/Apparel Giants,Sports & Athletics,Head,julian.sauer@puma.com,,http://www.linkedin.com/in/julian-sauer-0942a756,new_enriched
Mike,Love,Mike Love,Brand Manager,TaylorMade Golf Company,Golf Equipment Brands,Sports & Athletics,Manager,mike.love@taylormadegolf.com,,http://www.linkedin.com/in/mikelove2,new_enriched
Ken,Sim,Ken Sim,Head of Marketing,adidas Golf,Athletic Footwear/Apparel Giants,Sports & Athletics,Head,ken.sim@adidas.com,,http://www.linkedin.com/in/ken-sim-2b49087a,new_enriched
Michael,Boss,Michael Boss,Brand Manager,TaylorMade Golf Company,Golf Equipment Brands,Sports & Athletics,Manager,briggs.boss@taylormadegolf.com,,http://www.linkedin.com/in/michael-briggs-boss-532217107,new_enriched
Seunghun,Lee,Seunghun Lee,Head of Marketing,PUMA Group,Athletic Footwear/Apparel Giants,Sports & Athletics,Head,seunghun.lee@puma.com,,http://www.linkedin.com/in/seunghun-lee-8035b714a,new_enriched
Kendall,Digiovanni,Kendall Digiovanni,Brand Manager,TaylorMade Golf Company,Golf Equipment Brands,Sports & Athletics,Manager,kendall.prince@taylormadegolf.com,,http://www.linkedin.com/in/kendallprince-33,new_enriched
Stephen,Tan,Stephen Tan,Brand Manager,Callaway Golf,Golf Equipment Brands,Sports & Athletics,Manager,stephen.tan@callawaygolf.com,,http://www.linkedin.com/in/stephen-tan-357a14a7,new_enriched
Tommy,Tang,Tommy Tang,Senior Head of Brand Experience,PUMA Group,Athletic Footwear/Apparel Giants,Sports & Athletics,Head,tommy.tang@puma.com,,http://www.linkedin.com/in/tommy-tang-82737168,new_enriched
Charly,Menard,Charly Menard,Brand Manager Sportstyle,PUMA Group,Athletic Footwear/Apparel Giants,Sports & Athletics,Manager,charly.menard@puma.com,,http://www.linkedin.com/in/charlymenard,new_enriched
Mollie,Hansen,Mollie Hansen,Chief Marketing Officer,Airstream,RV & Camping Vehicles,Travel & Hospitality,C-Suite,mhansen@airstream.com,,http://www.linkedin.com/in/mollie-hansen-5678185,new_enriched
Danie,Antonelli,Danie Antonelli,Vice President Marketing,Grand Design RV,RV & Camping Vehicles,Travel & Hospitality,C-Suite,dantonelli@granddesignrv.com,,http://www.linkedin.com/in/danie-antonelli-2b9b092a,new_enriched
Trey,Miller,Trey Miller,Vice President Marketing,"Jayco, Inc.",RV & Camping Vehicles,Travel & Hospitality,C-Suite,trey_miller@jayco.com,,http://www.linkedin.com/in/trey-miller-rv,new_enriched
Tom,Gruger,Tom Gruger,"Vice President, Marketing",Forest River Inc.,RV & Camping Vehicles,Travel & Hospitality,C-Suite,tgruger@forestriverinc.com,,http://www.linkedin.com/in/tom-gruger-650b903,new_enriched
Renee,Jones,Renee Jones,Vice President of Marketing,Outdoor Recreation Roundtable,Alt Sneaker & Comfort Footwear,Fashion & Apparel,C-Suite,rjones@thorindustries.com,,http://www.linkedin.com/in/renee-jones-343ab21,new_enriched
Dan,Madsen,Dan Madsen,Brand Manager,Grand Design RV,RV & Camping Vehicles,Travel & Hospitality,Manager,dmadsen@granddesignrv.com,,http://www.linkedin.com/in/maddansen,new_enriched
Emily,Sommer,Emily Sommer,Brand Manager,Keystone RV,RV & Camping Vehicles,Travel & Hospitality,Manager,somme@keystonerv.com,,http://www.linkedin.com/in/emysommer,new_enriched
Kylie,Johnson,Kylie Johnson,Head of Marketing,Roadtrek Inc.,RV & Camping Vehicles,Travel & Hospitality,Head,kjohnson@roadtrekinc.com,,http://www.linkedin.com/in/kyliedesign,new_enriched
Elijah,Durnell,Elijah Durnell,Head of Marketing,Coachmen Recreational Vehicle Co.,Contemporary Handbags,Fashion & Apparel,Head,edurnell@forestriverinc.com,,http://www.linkedin.com/in/elijah-durnell,new_enriched
Corey,Bishop,Corey Bishop,Brand Manager,"Jayco, Inc.",RV & Camping Vehicles,Travel & Hospitality,Manager,corey_bishop@jayco.com,,http://www.linkedin.com/in/corey-bishop-1374b437,new_enriched
George,Davis,George Davis,Chief Marketing Officer,Cozy Earth,Mattress & Sleep,Retail & Home,C-Suite,george@cozyearth.com,,http://www.linkedin.com/in/george-davis-a8b3bab2,new_enriched
Joe,McCambley,Joe McCambley,Chief Marketing Officer,Saatva,Mattress & Sleep,Retail & Home,C-Suite,joe@saatvamattress.com,,http://www.linkedin.com/in/joemccambley,new_enriched
Laura,Jacobs,Laura Jacobs,Chief Marketing Officer,Brooklinen,Mattress & Bedding,Retail & Home,C-Suite,laura.jacobs@brooklinen.com,,http://www.linkedin.com/in/laurajacobs-cmo,new_enriched
Mark,Abrials,Mark Abrials,CMO + Head of Sustainability | Co-Founder,Avocado Green Brands,Mattress & Sleep,Retail & Home,C-Suite,mark@avocadomattress.com,,http://www.linkedin.com/in/markabrials,new_enriched
Jenny,Lilly,Jenny Lilly,Head of Brand Marketing,Brooklinen,Mattress & Bedding,Retail & Home,Head,jenny.lilly@brooklinen.com,,http://www.linkedin.com/in/jenny-lilly-358a14a,new_enriched
Kristen,Mitchell,Kristen Mitchell,VP of Marketing,Brooklinen,Mattress & Bedding,Retail & Home,VP,kristen.mitchell@brooklinen.com,,http://www.linkedin.com/in/kristen-mitchell-marketing,new_enriched
Brooke,Witt,Brooke Witt,"VP, Marketing",Avocado Green Brands,Mattress & Sleep,Retail & Home,VP,brooke@avocadomattress.com,,http://www.linkedin.com/in/brookewittjones,new_enriched
Shannon,Menard,Shannon Menard,PR & Brand Partnerships Manager,Brooklinen,Mattress & Bedding,Retail & Home,Manager,shannon.menard@brooklinen.com,,http://www.linkedin.com/in/shannon-menard,new_enriched
Sidrah,Althaus,Sidrah Althaus,"Vice President, Digital Marketing",Avocado Green Brands,Mattress & Sleep,Retail & Home,C-Suite,sidrah@avocadomattress.com,,http://www.linkedin.com/in/sidrah-althaus-38aab8a,new_enriched
Maggie,Stevens,Maggie Stevens,"Senior Manager, Brand & Creative Operations",Casper,Other Enterprise,Other,Manager,maggie.stevens@casper.com,,http://www.linkedin.com/in/margarethstevens,new_enriched
Taylor,Goodrich,Taylor Goodrich,Retail Brand Experience Store Manager,Avocado Green Brands,Mattress & Sleep,Retail & Home,Manager,t.goodrich@avocadogreenmattress.com,,http://www.linkedin.com/in/taylor-g-17656625b,new_enriched
Sydney,McGrain,Sydney McGrain,Influencer Marketing Manager,Brooklinen,Mattress & Bedding,Retail & Home,Manager,sydney.mcgrain@brooklinen.com,,http://www.linkedin.com/in/sydneymcgrain,new_enriched
Haley,Knapp,Haley Knapp,Marketing Director,Cozy Earth,Mattress & Sleep,Retail & Home,Director,haleyk@cozyearth.com,,http://www.linkedin.com/in/haleysknapp,new_enriched
Jim,Martino,Jim Martino,Affiliate Marketing Manager,Saatva,Mattress & Sleep,Retail & Home,Manager,jmartino@saatvamattress.com,,http://www.linkedin.com/in/jim-martino,new_enriched
Weston,Clark,Weston Clark,Director of Retention Marketing,Cozy Earth,Mattress & Sleep,Retail & Home,Director,weston@cozyearth.com,,http://www.linkedin.com/in/weston-clark-cozy-earth,new_enriched
Sydney,Doerge,Sydney Doerge,"Manager, Consumer & Commercial Marketing",Casper,Other Enterprise,Other,Manager,sydney@casper.com,,http://www.linkedin.com/in/sydney-doerge-b39972135,new_enriched
Gisele,Campos,Gisele Campos,Growth Marketing,Brooklinen,Mattress & Bedding,Retail & Home,Other,gisele.campos@brooklinen.com,,http://www.linkedin.com/in/gisele-campos-915436221,new_enriched
Amanda,Weinstein,Amanda Weinstein,Growth Marketing Manager,Brooklinen,Mattress & Bedding,Retail & Home,Manager,amanda.weinstein@brooklinen.com,,http://www.linkedin.com/in/amanda-weinstein-479a37126,new_enriched
Mircea,Ariston,Mircea Ariston,Marketing,Casper,Other Enterprise,Other,Other,mircea.ariston@casper.com,,http://www.linkedin.com/in/mircea-ariston-075835131,new_enriched
Vi,Singh,Vi Singh,Head of Growth Strategy & Analytics,ADT,Other Enterprise,Other,Head,visingh@adt.com,,http://www.linkedin.com/in/vi-singh-a5b56348,new_enriched
Brenda,Bynarowicz,Brenda Bynarowicz,Senior Vice President Marketing,SimpliSafe,Smart Home Security,Tech & SaaS,C-Suite,brenda.bynarowicz@simplisafe.com,,http://www.linkedin.com/in/brenda-bynarowicz-81abba14,new_enriched
Sidra,Mahmood,Sidra Mahmood,Senior Brand Manager,ecobee,Smart Home & Security,Tech & SaaS,Manager,sidra.m@ecobee.com,,http://www.linkedin.com/in/sidra-mahmood-726b37128,new_enriched
Kim,Miller,Kim Miller,EVP & Chief Marketing and Communications Officer,ADT,Other Enterprise,Other,C-Suite,kimmiller@adt.com,,http://www.linkedin.com/in/kim-miller,new_enriched
Matt,Singer,Matt Singer,Head of Marketing | High-End & Luxury Residential,Lutron Electronics,Alt Sneaker & Comfort Footwear,Fashion & Apparel,Head,msinger@lutron.com,,http://www.linkedin.com/in/matt-singer-0204121a,new_enriched
Matt,Eyles,Matt Eyles,Head of International Marketing,Ring,Other Enterprise,Other,Head,matt.eyles@ring.com,,http://www.linkedin.com/in/matt-eyles-66ab0a29,new_enriched
Stephen,McVerry,Stephen McVerry,"Manager, Brand & Product Marketing",SimpliSafe,Smart Home Security,Tech & SaaS,Manager,stephen.mcverry@simplisafe.com,,http://www.linkedin.com/in/stephenmcverry,new_enriched
Gabriele,Arenburg,Gabriele Arenburg,"Manager, Brand & Creative Strategy",SimpliSafe,Smart Home Security,Tech & SaaS,Manager,gabriele.arenburg@simplisafe.com,,http://www.linkedin.com/in/gabriele-arenburg-8928b621,new_enriched
Jonathan,Ubri,Jonathan Ubri,"Vice President, Digital Marketing",Vivint,Smart Home Security,Tech & SaaS,C-Suite,jonathan.ubri@vivint.com,,http://www.linkedin.com/in/jonathanubri,new_enriched
Lisa,Johnstone,Lisa Johnstone,VP of Digital Marketing,"Arlo Technologies, Inc.",Smart Home Security,Tech & SaaS,VP,ljohnstone@arlo.com,,http://www.linkedin.com/in/ljohnstone,new_enriched
Jackie,Wilkinson,Jackie Wilkinson,Global Hospitality Brand Account Manager,Lutron Electronics,Alt Sneaker & Comfort Footwear,Fashion & Apparel,Manager,jwilkinson@lutron.com,,http://www.linkedin.com/in/jackie-wilkinson-mba-b332745,new_enriched
Magdalena,Rosa,Magdalena Rosa,Head of Channel Marketing Europe - Ring & Blink,Ring,Other Enterprise,Other,Head,m.rosa@ring.com,,http://www.linkedin.com/in/magdalena-rosa-pl,new_enriched
Steve,Gribbon,Steve Gribbon,Sr VP Residential Sales and Marketing,Multiple Companies,Other Enterprise,Other,VP,sgribbon@adt.com,,http://www.linkedin.com/in/steve-gribbon-0bb4ab1,new_enriched
Lily,Knowles,Lily Knowles,"SVP Sales, Marketing and Customer Care","Arlo Technologies, Inc.",Smart Home Security,Tech & SaaS,VP,lily@arlo.com,,http://www.linkedin.com/in/lily-knowles-profile,new_enriched
Jody,Propst,Jody Propst,Sales & Marketing Director (North America),Ring Group(Perforating),Smart Home Security,Tech & SaaS,Director,jpropst@ring.com,,http://www.linkedin.com/in/jody-propst-87160923,new_enriched
Damon,Williams,Damon Williams,Marketing Manager - Caseta,Lutron Electronics,Alt Sneaker & Comfort Footwear,Fashion & Apparel,Manager,dawilliams@lutron.com,,http://www.linkedin.com/in/damon-williams-17627b30,new_enriched
Joan,Kurylak,Joan Kurylak,Marketing Manager,Lutron Electronics,Alt Sneaker & Comfort Footwear,Fashion & Apparel,Manager,jkurylak@lutron.com,,http://www.linkedin.com/in/joankurylak,new_enriched
Sunny,Brady,Sunny Brady,"Director, Customer Marketing",Vivint,Smart Home Security,Tech & SaaS,Director,sunny.brady@vivint.com,,http://www.linkedin.com/in/sunny-brady,new_enriched
Melissa,Parker-Christou,Melissa Parker-Christou,"Director, Growth Marketing","Arlo Technologies, Inc.",Smart Home Security,Tech & SaaS,Director,mparker-ch@arlo.com,,http://www.linkedin.com/in/melissa-parker-christou-95a220b4,new_enriched
Haley,Hillier,Haley Hillier,Creative Marketing Manager,Wyze,Smart Home Security,Tech & SaaS,Manager,hhillier@wyze.com,,http://www.linkedin.com/in/haley-hillier-ba943557,new_enriched
Segolene,Noray,Segolene Noray,Chief Marketing Officer,eBay,Resale Marketplaces,Retail & Home,C-Suite,sdenoray@ebay.com,,http://www.linkedin.com/in/segolenedenoray175b442,new_enriched
Nicholas,Karrat,Nicholas Karrat,Chief Marketing Officer,StockX,Trading Cards & Sneaker Resale,Fashion & Apparel,C-Suite,nickkarrat@stockx.com,,http://www.linkedin.com/in/nicholaskarrat,new_enriched
Adrian,Fung,Adrian Fung,Global CMO,eBay,Resale Marketplaces,Retail & Home,C-Suite,adfung@ebay.com,,http://www.linkedin.com/in/adrianfung,new_enriched
Jonathan,Chen,Jonathan Chen,"Head of Partnerships, US 3PP Growth",eBay,Resale Marketplaces,Retail & Home,Head,jonathan.chen@ebay.com,,http://www.linkedin.com/in/jonathanchen91,new_enriched
Crystal,Chavez,Crystal Chavez,Head of Brand,Poshmark,Resale Marketplaces,Retail & Home,Head,crystalchavez@poshmark.com,,http://www.linkedin.com/in/crystal-chavez-mba-b1833740,new_enriched
Skyler,Yu,Skyler Yu,"Head of Growth and Marketing, Cross-border","Mercari, Inc.",Resale Marketplaces,Retail & Home,C-Suite,skyler@mercari.com,,http://www.linkedin.com/in/skyleryu,new_enriched
Ellis,Hourshid,Ellis Hourshid,"Head of Brand and Marketing, Fashion Categories",eBay,Resale Marketplaces,Retail & Home,Head,ehourshid@ebay.com,,http://www.linkedin.com/in/ellis-hourshid-b7b46635,new_enriched
Lucas,Barash-David,Lucas Barash-David,Head of Partnerships & Inorganic,eBay,Resale Marketplaces,Retail & Home,Head,lbarashdavid@ebay.com,,http://www.linkedin.com/in/lucas-b-b929874a,new_enriched
Tayler,Jones,Tayler Jones,Head of Partnerships & Ads,Poshmark,Resale Marketplaces,Retail & Home,Head,tayler@poshmark.com,,http://www.linkedin.com/in/tayler-jones-2b99a592,new_enriched
Nataliia,Nyshchenko,Nataliia Nyshchenko,Head of Partnerships EU,eBay,Resale Marketplaces,Retail & Home,Head,nnyshchenko@ebay.com,,http://www.linkedin.com/in/nnyshchenko,new_enriched
Kenichi,Nishimura,Kenichi Nishimura,"Head of Growth, Work","Mercari, Inc.",Resale Marketplaces,Retail & Home,Head,k.nishimura@mercari.com,,http://www.linkedin.com/in/kenichinishimura,new_enriched
Sarah,Erichsen,Sarah Erichsen,Head of Growth Projects,eBay,Resale Marketplaces,Retail & Home,Head,serichsen@ebay.com,,http://www.linkedin.com/in/sarah-erichsen,new_enriched
Paul,Foley,Paul Foley,Head of Brand Protection,StockX,Trading Cards & Sneaker Resale,Fashion & Apparel,Head,paulfoley@stockx.com,,http://www.linkedin.com/in/paul-foley-217aa11,new_enriched
Emily,Guerra,Emily Guerra,Head of Brand Development,eBay,Resale Marketplaces,Retail & Home,Head,emguerra@ebay.com,,http://www.linkedin.com/in/emily-haberman-guerra,new_enriched
Suleman,Mehar,Suleman Mehar,Head of Brand Acquisition,eBay,Resale Marketplaces,Retail & Home,Head,smehar@ebay.com,,http://www.linkedin.com/in/suleman-mehar-296a1b77,new_enriched
Nicolas,Cabrera,Nicolas Cabrera,Head of Brand & Communication,eBay,Resale Marketplaces,Retail & Home,Head,nicolas.cabrera@ebayinc.com,,http://www.linkedin.com/in/nicolas-cabrera-8817974,new_enriched
Maria,Betes,Maria Betes,Head of Marketing,eBay,Resale Marketplaces,Retail & Home,Head,mbetes@ebay.com,,http://www.linkedin.com/in/mariabetes,new_enriched
Martin,Freyberg,Martin Freyberg,Head of Growth & Partner Success,eBay,Resale Marketplaces,Retail & Home,Head,mfreyberg@ebay.com,,http://www.linkedin.com/in/martin-freyberg,new_enriched
Carla,Querol,Carla Querol,Head of Brand and Social Media,Vestiaire Collective,Marketplaces & Resell,Retail & Home,Head,carla.miro-querol@vestiairecollective.com,,http://www.linkedin.com/in/carla-miro-querol-742ab545,new_enriched
Biyao,Huang,Biyao Huang,Head of Growth Marketing Analytics Team in Shangha,eBay,Resale Marketplaces,Retail & Home,Head,biyao.huang@ebay.com,,http://www.linkedin.com/in/biyao-stella-huang-2a35b723,new_enriched
Lauren,Larrabee,Lauren Larrabee,Chief Marketing Officer,Silver Oak,Wine Brands,Food & Beverage,C-Suite,llarrabee@silveroak.com,,http://www.linkedin.com/in/laurenlarrabee,new_enriched
Larissa,Bernstein,Larissa Bernstein,Associate Brand Manager,The Duckhorn Portfolio,Wine Brands,Food & Beverage,Manager,lbernstein@duckhorn.com,,http://www.linkedin.com/in/larissabernstein,new_enriched
Taylor,Barnebey,Taylor Barnebey,"VP, Marketing - Brand | Advertising | Campaigns",Total Wine & More,Wine Brands,Food & Beverage,VP,tbarnebey@totalwine.com,,http://www.linkedin.com/in/taylor-barnebey,new_enriched
Shilah,Salmon,Shilah Salmon,"Senior Vice President Marketing, Luxury Portfolio",The Duckhorn Portfolio,Wine Brands,Food & Beverage,C-Suite,ssalmon@duckhorn.com,,http://www.linkedin.com/in/shilah-salmon-998a55b,new_enriched
Tim,Stuart,Tim Stuart,"Vice President, Marketing Insights & Personalized Promotions",Total Wine & More,Wine Brands,Food & Beverage,C-Suite,tstuart@totalwine.com,,http://www.linkedin.com/in/tim-stuart-76469559,new_enriched
Sarah,Goldhirsch,Sarah Goldhirsch,"Vice President, Marketing Operations, Creative, and In-Store Displays",Total Wine & More,Wine Brands,Food & Beverage,C-Suite,sgoldhirsch@totalwine.com,,http://www.linkedin.com/in/sarahgoldhirsch,new_enriched
Simon,Sarahs,Simon Sarahs,Global Head of Enterprise Partnerships,Vivino,Wine Brands,Food & Beverage,Head,simon.sarahs@vivino.com,,http://www.linkedin.com/in/simon-sarahs,new_enriched
James,Fildes,James Fildes,Head of Commercial Partnerships - APAC,Vivino,Wine Brands,Food & Beverage,Head,james.fildes@vivino.com,,http://www.linkedin.com/in/jrfildes,new_enriched
Joe,Pusateri,Joe Pusateri,"Vice President, Performance Marketing",Total Wine & More,Wine Brands,Food & Beverage,C-Suite,jpusateri@totalwine.com,,http://www.linkedin.com/in/joe-pusateri,new_enriched
Isabelle,Aristidou,Isabelle Aristidou,Head of B2B Marketing,Vivino,Wine Brands,Food & Beverage,Head,isabelle.aristidou@vivino.com,,http://www.linkedin.com/in/iaristidou,new_enriched
Kenneth,Kirchhoff,Kenneth Kirchhoff,Head of Global Digital Marketing,Vivino,Wine Brands,Food & Beverage,Head,kenneth.kirchhoff@vivino.com,,http://www.linkedin.com/in/kennethkirchhoff,new_enriched
Jamie,Rushing,Jamie Rushing,Vice President Trade Marketing,The Duckhorn Portfolio,Wine Brands,Food & Beverage,C-Suite,jrushing@duckhorn.com,,http://www.linkedin.com/in/jamie-rushing-1424979,new_enriched
Monica,Schultz,Monica Schultz,Senior Manager - Spirits Direct Brand Marketing,Total Wine & More,Wine Brands,Food & Beverage,Manager,mschultz2@totalwine.com,,http://www.linkedin.com/in/monicamrschultz,new_enriched
Soo,Hong,Soo Hong,"Global Key Account Manager, Strategic Brand Partnership & Media",Vivino,Wine Brands,Food & Beverage,Manager,soo@vivino.com,,http://www.linkedin.com/in/soo-h-a1041453,new_enriched
Amanda,Mountan,Amanda Mountan,Brand Management,The Duckhorn Portfolio,Wine Brands,Food & Beverage,Other,amanda.mountan@duckhornportfolio.com,,http://www.linkedin.com/in/amanda-mountan-8a716148,new_enriched
Joseph,Amaral,Joseph Amaral,Trade Marketing Director,The Duckhorn Portfolio,Wine Brands,Food & Beverage,Director,jamaral@duckhorn.com,,http://www.linkedin.com/in/josepheamaral,new_enriched
Mark,Serrill,Mark Serrill,Director - Marketing Financial Planning and Buying,Total Wine & More,Wine Brands,Food & Beverage,Director,marks@totalwine.com,,http://www.linkedin.com/in/mark-serrill-134a2126,new_enriched
Tina,Rajnus,Tina Rajnus,DTC Marketing Experience Manager,Wente Vineyards,Wine Brands,Food & Beverage,Manager,tina.coe@wentevineyards.com,,http://www.linkedin.com/in/tinacoe,new_enriched
Julie,Foecking,Julie Foecking,"Manager, Consumer Insights Marketing Measurement",Total Wine & More,Wine Brands,Food & Beverage,Manager,jfoecking@totalwine.com,,http://www.linkedin.com/in/juliefoecking,new_enriched
David,Crum,David Crum,Marketing,The Duckhorn Portfolio,Wine Brands,Food & Beverage,Other,dcrum@duckhorn.com,,http://www.linkedin.com/in/david-a-crum,new_enriched
Moses,Deyer,Moses Deyer,CMO,Bose Corporation,Audio Equipment Brands,Music & Live,C-Suite,moses_deyer@bose.com,,http://www.linkedin.com/in/moses-deyer-s-t-s-e-59934a63,new_enriched
Colleen,Decourcy,Colleen Decourcy,Chief Marketing Officer,"Sonos, Inc.",Audio Equipment Brands,Music & Live,C-Suite,colleen.decourcy@sonos.com,,http://www.linkedin.com/in/colleendecourcy,new_enriched
Jim,Mollica,Jim Mollica,"President, Luxury Audio + Chief Marketing Officer",Bose Corporation,Audio Equipment Brands,Music & Live,C-Suite,jim_mollica@bose.com,,http://www.linkedin.com/in/jim-mollica-2690524,new_enriched
Peter,Kingsley,Peter Kingsley,Chief Marketing Officer - Logitech G,Logitech G,Consumer Electronics Peripherals,Tech & SaaS,C-Suite,pkingsley@logitech.com,,http://www.linkedin.com/in/peterkingsley,new_enriched
Michael,Allen,Michael Allen,Chief Marketing Officer / Sound United Brands,HARMAN International,Audio Equipment Brands,Music & Live,C-Suite,michael.allen@harman.com,,http://www.linkedin.com/in/michael-allen-3666998,new_enriched
Rahul,Chowdhury,Rahul Chowdhury,Head - Brand and Marketing Strategy (Global),Inomy,Other Enterprise,Other,Head,rahul_chowdhury@bose.com,,http://www.linkedin.com/in/rahulchowdhury81,new_enriched
Nadin,Mulder,Nadin Mulder,Vice President Marketing,HARMAN International,Audio Equipment Brands,Music & Live,C-Suite,nadin.mulder@harman.com,,http://www.linkedin.com/in/nadin-mulder-9720683,new_enriched
Paige,Allen,Paige Allen,Vice President Marketing,HARMAN International,Audio Equipment Brands,Music & Live,C-Suite,paige.allen2@harman.com,,http://www.linkedin.com/in/paige-allen-60772b8,new_enriched
Ross,Barbour,Ross Barbour,Head of Brand Education,"Sonos, Inc.",Audio Equipment Brands,Music & Live,Head,ross.barbour@sonos.com,,http://www.linkedin.com/in/rossbarbour,new_enriched
Ajmair,Tatter,Ajmair Tatter,Brand Manager,HARMAN International,Audio Equipment Brands,Music & Live,Manager,ajmair.tatter@harman.com,,http://www.linkedin.com/in/ajmairtatter,new_enriched
Nick,Turner,Nick Turner,Brand Manager,Audio-Technica,Audio Equipment Brands,Music & Live,Manager,nturner@audio-technica.co.uk,,http://www.linkedin.com/in/nick-turner-84b13b5,new_enriched
Hung,Patrick,Hung Patrick,Head of Marketing,HARMAN International,Audio Equipment Brands,Music & Live,Head,patrick.hung@harman.com,,http://www.linkedin.com/in/hung-patrick-a074302b,new_enriched
Erina,Bassaly,Erina Bassaly,Brand Manager,Sennheiser,Audio Equipment Brands,Music & Live,Manager,erina.bassaly@sennheiser.com,,http://www.linkedin.com/in/erina-bassaly-34a90977,new_enriched
Rocky,Xu,Rocky Xu,Global Head of Brand Relationships,Beats by Dr. Dre,Other Enterprise,Other,Head,rocky@beatsbydre.com,,http://www.linkedin.com/in/rocky-xu-46248b210,new_enriched
Patrick,Theeuwes,Patrick Theeuwes,Trade and Brand Manager,HARMAN International,Audio Equipment Brands,Music & Live,Manager,patrick.theeuwes@harman.com,,http://www.linkedin.com/in/patrick-theeuwes-aa31691aa,new_enriched
Winnie,Gawlik,Winnie Gawlik,Senior Brand Manager,Sennheiser,Audio Equipment Brands,Music & Live,Manager,winnie.gawlik@sennheiser.com,,http://www.linkedin.com/in/winnie-catharina-gawlik-35155592,new_enriched
Sayantan,Bose,Sayantan Bose,"VP, Marketing Analytics & Insights",Bose Corporation,Audio Equipment Brands,Music & Live,VP,sayantan_bose@bose.com,,http://www.linkedin.com/in/sayantan-bose-21a142,new_enriched
Rafael,Nardi,Rafael Nardi,Head of Marketing South America,HARMAN International,Audio Equipment Brands,Music & Live,Head,rafael.nardi@harman.com,,http://www.linkedin.com/in/rafael-nardi,new_enriched
Barkley,Shen,Barkley Shen,"Head of Marketing, Greater China",Bose Corporation,Audio Equipment Brands,Music & Live,Head,barkley_shen@bose.com,,http://www.linkedin.com/in/barkleyshen,new_enriched
Thomas,Schnaudt,Thomas Schnaudt,Global Head of Marketing & Category Strategy,HARMAN International,Audio Equipment Brands,Music & Live,Head,thomas.schnaudt@harman.com,,http://www.linkedin.com/in/thomas-schnaudt-02b91210,new_enriched
David,Sandstrom,David Sandstrom,Chief Marketing Officer,CHIMI,Other Enterprise,Other,C-Suite,david.sandstrom@klarna.com,,http://www.linkedin.com/in/davidsandstrom,new_enriched
Lauren,Webb,Lauren Webb,Chief Marketing Officer,SoFi,Fintech / BNPL,Tech & SaaS,C-Suite,lstaffordwebb@sofi.org,,http://www.linkedin.com/in/lauren-stafford-webb,new_enriched
Meera,Iyer,Meera Iyer,Chief Marketing Officer at Venmo,Venmo,BNPL & Digital Wallets,Finance & Fintech,C-Suite,meera@venmo.com,,http://www.linkedin.com/in/meerasiyer,new_enriched
Michael,Xu,Michael Xu,Head of Growth Marketing (ANZ),Zip Co,BNPL & Digital Wallets,Finance & Fintech,Head,michael.xu@zip.co,,http://www.linkedin.com/in/anzmichaelxu,new_enriched
Mikaela,Wagner,Mikaela Wagner,Head of Brand,Afterpay,BNPL & Digital Wallets,Finance & Fintech,Head,mikaela.wagner@afterpay.com.au,,http://www.linkedin.com/in/mikaela-wagner-0870a36b,new_enriched
Jaime,McDougall,Jaime McDougall,"Head of Marketing & Growth, Enterprise",Chime,Neobanks & Challenger Banks,Finance & Fintech,Head,jaime.mcdougall@chime.com,,http://www.linkedin.com/in/jlamcdougall,new_enriched
Kat,Green,Kat Green,Director of Brand Marketing - Head of Brand Marketing,Affirm,BNPL & Digital Wallets,Finance & Fintech,Head,kat.green@affirm.com,,http://www.linkedin.com/in/katgreen1,new_enriched
Caroline,Wiklund,Caroline Wiklund,"Senior Marketing Manager, CMO Office",Klarna,BNPL & Digital Wallets,Finance & Fintech,C-Suite,caroline.ahnmark@klarna.com,,http://www.linkedin.com/in/caroline-ahnmark-wiklund-04b22a10a,new_enriched
Sophia,Zeng,Sophia Zeng,"Director, Head of Growth & Marketing Strategic Finance",Chime,Neobanks & Challenger Banks,Finance & Fintech,Head,sophia.zeng@chime.com,,http://www.linkedin.com/in/sophia-zeng-0240a995,new_enriched
Alanna,Gregory,Alanna Gregory,VP of Marketing,Block,Other Enterprise,Other,VP,agregory@block.xyz,,http://www.linkedin.com/in/alannagregory,new_enriched
Jake,Necklen,Jake Necklen,VP of Marketing,Sezzle,BNPL & Digital Wallets,Finance & Fintech,VP,jake.necklen@sezzle.com,,http://www.linkedin.com/in/jacobnecklen,new_enriched
Rylee,Greeson,Rylee Greeson,Vice President Marketing,Affirm,BNPL & Digital Wallets,Finance & Fintech,C-Suite,rylee.greeson@affirm.com,,http://www.linkedin.com/in/rylee-greeson-b2b2aa345,new_enriched
Ryan,McDaid,Ryan McDaid,Head of Brand Strategy,Chime,Neobanks & Challenger Banks,Finance & Fintech,Head,ryan.mcdaid@chime.com,,http://www.linkedin.com/in/ryan-mcdaid-5693262a,new_enriched
Christian,Widlic,Christian Widlic,Head of Brand Design,Block,Other Enterprise,Other,Head,cwidlic@block.xyz,,http://www.linkedin.com/in/widlic,new_enriched
Marina,Ivanovic,Marina Ivanovic,Head of Partnerships & Commercial Operations,Klarna,BNPL & Digital Wallets,Finance & Fintech,Head,marina.ivanovic@klarna.com,,http://www.linkedin.com/in/mrniva,new_enriched
Natalja,Suboc,Natalja Suboc,Brand Manager,Klarna,BNPL & Digital Wallets,Finance & Fintech,Manager,natalja.suboc@klarna.com,,http://www.linkedin.com/in/natalja-suboc,new_enriched
Jen,Pao,Jen Pao,Head of Brand and Creative Operations,Chime,Neobanks & Challenger Banks,Finance & Fintech,Head,jen.pao@chime.com,,http://www.linkedin.com/in/jen-pao-900aab1,new_enriched
Kathryn,Flynn,Kathryn Flynn,"VP, Marketing (US)",Zip Co,BNPL & Digital Wallets,Finance & Fintech,VP,kathryn.flynn@zip.co,,http://www.linkedin.com/in/kathryn-e-flynn,new_enriched
Nancy,Eichler,Nancy Eichler,SVP of Marketing,Sezzle,BNPL & Digital Wallets,Finance & Fintech,VP,nancy.eichler@sezzle.com,,http://www.linkedin.com/in/nancyeichler,new_enriched
James,Bradicich,James Bradicich,GTM Marketing Leader | Head of Growth Creative Strategy,Chime,Neobanks & Challenger Banks,Finance & Fintech,Head,james.bradicich@chime.com,,http://www.linkedin.com/in/james-bradicich-a9113823,new_enriched
Jenny,Nelson,Jenny Nelson,Chief Marketing Officer,"Audacy, Inc.",Podcast Networks & Audio Media,Music & Live,C-Suite,jenny.nelson@audacy.com,,http://www.linkedin.com/in/jkgervasi,new_enriched
Astrid,Budiyanto,Astrid Budiyanto,Head of Marketing,Serial,Other Enterprise,Other,Head,astrid@weareserial.co,,http://www.linkedin.com/in/astridanindita,new_enriched
Matt,Nahigian,Matt Nahigian,Brand Manager,"Audacy, Inc.",Podcast Networks & Audio Media,Music & Live,Manager,matt.nahigian@audacy.com,,http://www.linkedin.com/in/matt-nahigian-b7a1274,new_enriched
Tani,Robbin-Coker,Tani Robbin-Coker,Brand Manager,"Audacy, Inc.",Podcast Networks & Audio Media,Music & Live,Manager,tani.robbin-coker@audacy.com,,http://www.linkedin.com/in/tanirobco,new_enriched
Andrew,Williams,Andrew Williams,Brand Manager,"Audacy, Inc.",Podcast Networks & Audio Media,Music & Live,Manager,andrew.williams@audacy.com,,http://www.linkedin.com/in/amw0720,new_enriched
Keith,Britton,Keith Britton,Brand Manager,"Audacy, Inc.",Podcast Networks & Audio Media,Music & Live,Manager,keith.britton@audacy.com,,http://www.linkedin.com/in/keith-britton-0b330438,new_enriched
DJ,Buck,DJ Buck,Brand Manager,"Audacy, Inc.",Podcast Networks & Audio Media,Music & Live,Manager,dj.buck@audacy.com,,http://www.linkedin.com/in/dj-buck-03315616,new_enriched
Clint,Robinson,Clint Robinson,Brand Manager,"Audacy, Inc.",Podcast Networks & Audio Media,Music & Live,Manager,clint.robinson@audacy.com,,http://www.linkedin.com/in/clint-robinson-57327252,new_enriched
Corey,Crockett,Corey Crockett,Brand Manager,"Audacy, Inc.",Podcast Networks & Audio Media,Music & Live,Manager,corey.crockett@audacy.com,,http://www.linkedin.com/in/coreycrockett,new_enriched
Adam,Sprenger,Adam Sprenger,Brand Manager,"Audacy, Inc.",Podcast Networks & Audio Media,Music & Live,Manager,adam.sprenger@audacy.com,,http://www.linkedin.com/in/adam-sprenger-b383831a2,new_enriched
Ryan,Jones,Ryan Jones,Brand Manager,"Audacy, Inc.",Podcast Networks & Audio Media,Music & Live,Manager,ryan.jones@audacy.com,,http://www.linkedin.com/in/ryan-jones-99b3175,new_enriched
Mark,Bonilla,Mark Bonilla,Brand Manager,"Audacy, Inc.",Podcast Networks & Audio Media,Music & Live,Manager,mark.bonilla@audacy.com,,http://www.linkedin.com/in/mark-bonilla-a8460182,new_enriched
Ralph,Stewart,Ralph Stewart,Brand Manager,"Audacy, Inc.",Podcast Networks & Audio Media,Music & Live,Manager,ralph.stewart@audacy.com,,http://www.linkedin.com/in/ralph-stewart-b6b970362,new_enriched
Casey,Osburn,Casey Osburn,Brand Manager,"Audacy, Inc.",Podcast Networks & Audio Media,Music & Live,Manager,casey.osburn@audacy.com,,http://www.linkedin.com/in/casey-osburn-b8a3a3234,new_enriched
Monique,Harris,Monique Harris,Head of Corporate Growth Partnerships,"Audacy, Inc.",Podcast Networks & Audio Media,Music & Live,Head,monique.harris@audacy.com,,http://www.linkedin.com/in/moniquetharris,new_enriched
Mike,Green,Mike Green,"VP, Marketing Solutions","Audacy, Inc.",Podcast Networks & Audio Media,Music & Live,VP,michael.green@audacy.com,,http://www.linkedin.com/in/mikeggreen,new_enriched
Chase,Daniels,Chase Daniels,Operations/Brand Manager,"Audacy, Inc.",Podcast Networks & Audio Media,Music & Live,Manager,chase.daniels@audacy.com,,http://www.linkedin.com/in/chase-daniels-7a777812,new_enriched
Christy,Taylor,Christy Taylor,Regional Brand Manager,"Audacy, Inc.",Podcast Networks & Audio Media,Music & Live,Manager,christy.taylor@audacy.com,,http://www.linkedin.com/in/prochristy,new_enriched
Laura,Duncan,Laura Duncan,Brand Manager WXRT,"Audacy, Inc.",Podcast Networks & Audio Media,Music & Live,Manager,laura.duncan@audacy.com,,http://www.linkedin.com/in/laura-duncan-42aaa25,new_enriched
Wade,Brown,Wade Brown,Chief Marketing Officer,cbdMD,Cannabis / CBD,Food & Beverage,C-Suite,wade.brown@cbdmd.com,,http://www.linkedin.com/in/wadesbrown,new_enriched
Vilay,Matuska,Vilay Matuska,Vice President Marketing,"Kiva Brands, Inc.",Cannabis / CBD,Food & Beverage,C-Suite,vilay@kivaconfections.com,,http://www.linkedin.com/in/vilay-matuska-2786151,new_enriched
Justin,Tacy,Justin Tacy,Head of Marketing,Mindspan Labs,Other Enterprise,Other,Head,justin@pax.com,,http://www.linkedin.com/in/justintacy,new_enriched
Kenyon,Schmanske,Kenyon Schmanske,Brand Partner Manager,"Kiva Brands, Inc.",Cannabis / CBD,Food & Beverage,Manager,kenyon@kivaconfections.com,,http://www.linkedin.com/in/kenyonschmanske-a64752129,new_enriched
Ojan,Namvar,Ojan Namvar,"Manager, IP & Brand Protection","PAX Labs, Inc.",Cannabis / CBD,Food & Beverage,Manager,ojan@pax.com,,http://www.linkedin.com/in/ojan,new_enriched
Chris,Fesperman,Chris Fesperman,Sr. Brand Director,"Kiva Brands, Inc.",Cannabis / CBD,Food & Beverage,Director,chris@kivaconfections.com,,http://www.linkedin.com/in/chris-fesperman-38463913,new_enriched
Lauren,Smith,Lauren Smith,Global Wholesale Marketing Manager,PAX,Other Enterprise,Other,Manager,lsmith@pax.com,,http://www.linkedin.com/in/laurensmith10504,new_enriched
David,Vaneaton,David Vaneaton,Marketing Director,Charlotte's Web,Cannabis / CBD,Food & Beverage,Director,dvaneaton@charlottesweb.com,,http://www.linkedin.com/in/david-vaneaton-6391015a,new_enriched
Jake,Glimco,Jake Glimco,Senior Marketer,"Kiva Brands, Inc.",Cannabis / CBD,Food & Beverage,Other,jacob.glimco@kivaconfections.com,,http://www.linkedin.com/in/jacobglimco,new_enriched
Alyssa,Head,Alyssa Head,Director of Brand & Marketing,cbdMD,Cannabis / CBD,Food & Beverage,Director,alyssa.head@cbdmd.com,,http://www.linkedin.com/in/alyssa-head,new_enriched
Shelby,Doan,Shelby Doan,Head of Brand Partnerships,Zenni Optical,Eyewear,Fashion & Apparel,Head,shelby.doan@zennioptical.com,,http://www.linkedin.com/in/shelby-doan,new_enriched
Sonia,Guillou,Sonia Guillou,Head of Brand Strategy and Marketing,EssilorLuxottica,Eyewear,Fashion & Apparel,Head,sonia.guillou@grandvision.fr,,http://www.linkedin.com/in/sonia-guillou,new_enriched
Bruno,Garcia,Bruno Garcia,VP of Marketing,Oakley,Sunglasses & Sports Optics,Sports & Athletics,VP,bgarcia@oakley.com,,http://www.linkedin.com/in/bruknowz,new_enriched
Kate,Boulos,Kate Boulos,VP of Marketing,EssilorLuxottica,Eyewear,Fashion & Apparel,VP,kate.boulos@luxottica.com.au,,http://www.linkedin.com/in/kate-boulos-34160a20,new_enriched
Robb,Chiarini,Robb Chiarini,"Head of Partnerships, Licensing, & Events",Zenni Optical,Eyewear,Fashion & Apparel,Head,robb.chiarini@zennioptical.com,,http://www.linkedin.com/in/robbchiarini,new_enriched
Imre,Cindoruk,Imre Cindoruk,Head of Marketing,Sunglass Hut,Eyewear,Fashion & Apparel,Head,imre.cindoruk@sunglasshut.co.nz,,http://www.linkedin.com/in/imre-cindoruk-71969015,new_enriched
Daniel,Sanchez Arriaga,Daniel Sanchez Arriaga,Brand Manager,EssilorLuxottica,Eyewear,Fashion & Apparel,Manager,dsanchez@luxottica.com,,http://www.linkedin.com/in/daniel-s%c3%a1nchez-arriaga-29a14129,new_enriched
Danielle,Cofone,Danielle Cofone,Brand Manager,EssilorLuxottica,Eyewear,Fashion & Apparel,Manager,dcofone@us.luxottica.com,,http://www.linkedin.com/in/danielle-cofone,new_enriched
Louise,Dubost,Louise Dubost,Brand Manager,EssilorLuxottica,Eyewear,Fashion & Apparel,Manager,dubostl@essilor.fr,,http://www.linkedin.com/in/louise-dubost,new_enriched
Jillian,Cirrito,Jillian Cirrito,Associate Brand Manager,EssilorLuxottica,Eyewear,Fashion & Apparel,Manager,jcirrito@us.luxottica.com,,http://www.linkedin.com/in/jilliancirrito,new_enriched
Christelle,Vuong,Christelle Vuong,BBGR Brand Manager,EssilorLuxottica,Eyewear,Fashion & Apparel,Manager,vuongc@essilor.fr,,http://www.linkedin.com/in/christellevuong,new_enriched
Erin,McInnis,Erin McInnis,Sr Brand Manager,Oakley,Sunglasses & Sports Optics,Sports & Athletics,Manager,emcinnis@oakley.com,,http://www.linkedin.com/in/erinmmcinnis,new_enriched
Carola,Verga,Carola Verga,Brand Manager Leonardo,EssilorLuxottica,Eyewear,Fashion & Apparel,Manager,carola.verga@luxottica.com,,http://www.linkedin.com/in/carola-verga-ab430992,new_enriched
Jack,Harper,Jack Harper,Oakley Brand Manager,EssilorLuxottica,Eyewear,Fashion & Apparel,Manager,jack.harper@uk.luxottica.com,,http://www.linkedin.com/in/jack-harper-91462b143,new_enriched
Martina,Morganti,Martina Morganti,EssilorLuxottica Brand Manager,EssilorLuxottica,Eyewear,Fashion & Apparel,Manager,martina.morganti@luxottica.com,,http://www.linkedin.com/in/martinamorganti,new_enriched
Shay,Liberman,Shay Liberman,Business Brand Manager,EssilorLuxottica,Eyewear,Fashion & Apparel,Manager,liberman.shay@luxottica.com,,http://www.linkedin.com/in/shay-yahel-liberman-6149721b3,new_enriched
Eleonora,Bovo,Eleonora Bovo,License Brand Manager,EssilorLuxottica,Eyewear,Fashion & Apparel,Manager,eleonora.bovo@luxottica.com,,http://www.linkedin.com/in/eleonora-bovo-66398166,new_enriched
Giulia,Caprioli,Giulia Caprioli,Brand Manager - Arnette,EssilorLuxottica,Eyewear,Fashion & Apparel,Manager,giulia.caprioli@luxottica.com,,http://www.linkedin.com/in/giuliacaprioli,new_enriched
Morgan,Alessi,Morgan Alessi,Associate Brand Manager,Costa Sunglasses,Eyewear,Fashion & Apparel,Manager,malessi@costadelmar.com,,http://www.linkedin.com/in/morgan-alessi,new_enriched
Senem,Savasan,Senem Savasan,Assistant Brand Manager,EssilorLuxottica,Eyewear,Fashion & Apparel,Manager,senem.savasan@essilorluxottica.com,,http://www.linkedin.com/in/senemsavasan,new_enriched
Darren,Chait,Darren Chait,CMO,beehiiv,Newsletter & Independent Media,Media & Publishing,C-Suite,darren@beehiiv.com,,http://www.linkedin.com/in/darrenchait,new_enriched
Lauren,Schutte,Lauren Schutte,Head of Partnerships,Substack,Newsletter & Independent Media,Media & Publishing,Head,lauren.schutte@substack.com,,http://www.linkedin.com/in/lauren-schutte-8089616,new_enriched
Tony,Varghese,Tony Varghese,Head of Growth,beehiiv,Newsletter & Independent Media,Media & Publishing,Head,tony@beehiiv.com,,http://www.linkedin.com/in/tonykvarghese,new_enriched
Gaia,Passarelli,Gaia Passarelli,"Head of Partnerships, Brazil",Substack,Newsletter & Independent Media,Media & Publishing,Head,gaiapassarelli@substack.com,,http://www.linkedin.com/in/gaiapassarelli,new_enriched
Maggie,Soergel,Maggie Soergel,Head of Partnerships Management,SEMAFOR,Newsletter & Independent Media,Media & Publishing,Head,msoergel@semafor.com,,http://www.linkedin.com/in/maggiesoergel,new_enriched
Kinal,Shah,Kinal Shah,"VP, Marketing",The Information,Newsletter & Independent Media,Media & Publishing,VP,kinal@theinformation.com,,http://www.linkedin.com/in/kinalshah,new_enriched
Helen,Tobin,Helen Tobin,"Head of Brand & Communications, Substack",Substack,Newsletter & Independent Media,Media & Publishing,Head,helen.tobin@substackinc.com,,http://www.linkedin.com/in/helentobin,new_enriched
Cameron,Smith,Cameron Smith,Head of Sports Partnerships,Substack,Newsletter & Independent Media,Media & Publishing,Head,cameronsmith@substack.com,,http://www.linkedin.com/in/cameron-smith-68b1865,new_enriched
Arthur,Guisasola,Arthur Guisasola,UK Head of Sports Partnerships,Substack,Newsletter & Independent Media,Media & Publishing,Head,arthur.guisasola@substack.com,,http://www.linkedin.com/in/arthurguisasola,new_enriched
Trevor,Surrock,Trevor Surrock,Head of Axios Live Partnerships,Axios,Newsletter & Independent Media,Media & Publishing,Head,trevor.surrock@axios.com,,http://www.linkedin.com/in/trevorsurrock,new_enriched
Amanda,Miller,Amanda Miller,Partner & Head of Technology Content,The Information,Newsletter & Independent Media,Media & Publishing,Head,amanda@theinformation.com,,http://www.linkedin.com/in/amanda-miller-1a04a5317,new_enriched
Mollie,Pointer,Mollie Pointer,"Head of National Strategic Partnerships, Managing Director",Axios,Newsletter & Independent Media,Media & Publishing,Head,mollie.pointer@axios.com,,http://www.linkedin.com/in/molliepointer,new_enriched
Andrew,Friedman,Andrew Friedman,General Manager & Head of Public Affairs and Corporate Partnerships,SEMAFOR,Newsletter & Independent Media,Media & Publishing,Head,afriedman@semafor.com,,http://www.linkedin.com/in/andrew-friedman-9529b312,new_enriched
Louise,Johnson,Louise Johnson,"VP, Experiential Marketing",Puck,Other Enterprise,Other,VP,louise@puck.news,,http://www.linkedin.com/in/louise-johnson-86698a62,new_enriched
Lin,Gordon,Lin Gordon,"VP of Acquisition, Growth Marketing",The Information,Newsletter & Independent Media,Media & Publishing,VP,lin@theinformation.com,,http://www.linkedin.com/in/lingordon,new_enriched
Anna,Pizzino,Anna Pizzino,Global Head of Audience Development & Consumer Marketing,Semafor,Newsletter & Independent Media,Media & Publishing,Head,apizzino@semafor.com,,http://www.linkedin.com/in/anna-pizzino-a44b003,new_enriched
Colleen,Turner,Colleen Turner,"Vice President, Brand Strategy & Partner Marketing",Axios,Newsletter & Independent Media,Media & Publishing,C-Suite,colleen.turner@axios.com,,http://www.linkedin.com/in/cecturner,new_enriched
Dayana,Bernavil,Dayana Bernavil,"Managing Director, Head of National New & Growth + Advocacy and Public Affairs Business",Axios,Newsletter & Independent Media,Media & Publishing,Head,dayana.bernavil@axios.com,,http://www.linkedin.com/in/dayanabernavil,new_enriched
Forrest,Carpenter,Forrest Carpenter,"Director, Marketing & Growth",Axios,Newsletter & Independent Media,Media & Publishing,Director,forrest.carpenter@axios.com,,http://www.linkedin.com/in/forrest-carpenter-37963483,new_enriched
Lindsey,Coven,Lindsey Coven,Director of Marketing & Growth,Axios,Newsletter & Independent Media,Media & Publishing,Director,lindsey.coven@axios.com,,http://www.linkedin.com/in/lindsey-coven-2b7a6424,new_enriched
Elizabeth,Drori,Elizabeth Drori,Chief Marketing Officer,Kizik,Alt-Footwear & DTC Shoes,Fashion & Apparel,C-Suite,elizabeth@kizik.com,,http://www.linkedin.com/in/elizabethdrori,new_enriched
Arabella,Ogilvie,Arabella Ogilvie,Brand Manager,Vivobarefoot,Alt-Footwear & DTC Shoes,Fashion & Apparel,Manager,arabella.ogilvie@vivobarefoot.com,,http://www.linkedin.com/in/arabella-ogilvie,new_enriched
Emma,Clapp,Emma Clapp,Brand Manager,Vivobarefoot,Alt-Footwear & DTC Shoes,Fashion & Apparel,Manager,emma.clapp@vivobarefoot.com,,http://www.linkedin.com/in/emmaclapp,new_enriched
James,Prescott,James Prescott,Head of Brand Communications & Activation,Vessi,Alt-Footwear & DTC Shoes,Fashion & Apparel,Head,james.prescott@vessi.com,,http://www.linkedin.com/in/james-prescott-27b94b84,new_enriched
Danielle,Hoekstra,Danielle Hoekstra,EMEA Brand Manager,TOMS,Other Enterprise,Other,Manager,danielle.hoekstra@toms.com,,http://www.linkedin.com/in/danielle-hoekstra,new_enriched
Sarah,Animashaun,Sarah Animashaun,Sr. Brand Manager,Kizik,Alt-Footwear & DTC Shoes,Fashion & Apparel,Manager,sarah@kizik.com,,http://www.linkedin.com/in/sarah-catano-animashaun-45b43927,new_enriched
Kelly,Laprade,Kelly Laprade,Head of US Partnerships & PR,Vivobarefoot,Alt-Footwear & DTC Shoes,Fashion & Apparel,Head,kelly.laprade@vivobarefoot.com,,http://www.linkedin.com/in/kelly-laprade,new_enriched
Chelsea,Colyer,Chelsea Colyer,Brand Marketing Manager,Rothy's,Alt Sneaker & Comfort Footwear,Fashion & Apparel,Manager,chelsea.colyer@rothys.com,,http://www.linkedin.com/in/chelsea-colyer-43632a66,new_enriched
Laura,Lechevalier,Laura Lechevalier,Head of Category Marketing,Vivobarefoot,Alt-Footwear & DTC Shoes,Fashion & Apparel,Head,laura.lechevalier@vivobarefoot.com,,http://www.linkedin.com/in/lauralechevalier,new_enriched
Josh,Larsen,Josh Larsen,"Head of Retail, Store Development & Physical Growth",Vessi,Alt-Footwear & DTC Shoes,Fashion & Apparel,Head,josh.larsen@vessi.com,,http://www.linkedin.com/in/josh-larsen-mba-706a5880,new_enriched
Zoe,Morgan,Zoe Morgan,Marketing Manager - Brand / Active / Outdoor,Vivobarefoot,Alt-Footwear & DTC Shoes,Fashion & Apparel,Manager,zoe.morgan@vivobarefoot.com,,http://www.linkedin.com/in/zoelwill,new_enriched
Jim,Mackenzie,Jim Mackenzie,VP of Integrated Marketing,Kizik,Alt-Footwear & DTC Shoes,Fashion & Apparel,VP,james@kizik.com,,http://www.linkedin.com/in/jimmackenzie,new_enriched
Marie,Elliott,Marie Elliott,"Integrated Marketing Manager, Brand",Everlane,DTC Apparel Mall Brands,Fashion & Apparel,Manager,marie.elliott@everlane.com,,http://www.linkedin.com/in/marie-e-525aa115,new_enriched
Andrea,Kruse,Andrea Kruse,DACH Marketing Lead & Head of Community,Vivobarefoot,Alt-Footwear & DTC Shoes,Fashion & Apparel,Head,andrea.kruse@vivobarefoot.com,,http://www.linkedin.com/in/andreadiethers,new_enriched
Lisa,Sullivan,Lisa Sullivan,Senior Vice President Global Marketing,TOMS,Other Enterprise,Other,C-Suite,lisa.sullivan@toms.com,,http://www.linkedin.com/in/lisasullivanguerrero,new_enriched
Stacey,Howe,Stacey Howe,"SVP, eCommerce, Growth Marketing + Customer Loyalty",Kizik,Alt-Footwear & DTC Shoes,Fashion & Apparel,VP,stacey@kizik.com,,http://www.linkedin.com/in/sahowe,new_enriched
Diana,Van Sunder,Diana Van Sunder,Marketing & E-Commerce Director EMEA,TOMS,Other Enterprise,Other,Director,diana.vansunder@toms.com,,http://www.linkedin.com/in/dianavansunder,new_enriched
Steffen,Hagavei,Steffen Hagavei,Affiliate Marketing Manager,Vivobarefoot · Full-time,Alt-Footwear & DTC Shoes,Fashion & Apparel,Manager,steffen.hagavei@vivobarefoot.com,,http://www.linkedin.com/in/steffenjhagavei,new_enriched
Eyling,Epstein,Eyling Epstein,Integrated Marketing Manager,TOMS,Other Enterprise,Other,Manager,eyling.epstein@toms.com,,http://www.linkedin.com/in/eyling-epstein,new_enriched
Delanie,Gardner,Delanie Gardner,Retention & Lifecycle Marketing Manager,Kizik,Alt-Footwear & DTC Shoes,Fashion & Apparel,Manager,delanie@kizik.com,,http://www.linkedin.com/in/delanie-gardner-73ab94193,new_enriched
Saumya,Pant,Saumya Pant,Brand Manager,Ghirardelli Chocolate Company,Craft Chocolate,Food & Beverage,Manager,spant@ghirardelli.com,,http://www.linkedin.com/in/saumya-pant,new_enriched
Sophie,Oldemeier,Sophie Oldemeier,Brand Manager,Tony's Chocolonely,Craft Chocolate,Food & Beverage,Manager,sophieo@tonyschocolonely.com,,http://www.linkedin.com/in/sophie-oldemeier-083a0118a,new_enriched
Francesca,Guerra,Francesca Guerra,Brand Manager,Ghirardelli Chocolate Company,Craft Chocolate,Food & Beverage,Manager,fguerra@ghirardelli.com,,http://www.linkedin.com/in/guerrafrancesca,new_enriched
Kaylyn,Levy,Kaylyn Levy,Associate Brand Manager,Ghirardelli Chocolate Company,Craft Chocolate,Food & Beverage,Manager,klevy@ghirardelli.com,,http://www.linkedin.com/in/kaylynbalmorialevy,new_enriched
Pauline,Huang,Pauline Huang,Associate Brand Manager,Ghirardelli Chocolate Company,Craft Chocolate,Food & Beverage,Manager,phuang@ghirardelli.com,,http://www.linkedin.com/in/pauline-huang-b6a10891,new_enriched
Quynh-Tien,Nguyen,Quynh-Tien Nguyen,Associate Brand Manager,Ghirardelli Chocolate Company,Craft Chocolate,Food & Beverage,Manager,qnguyen@ghirardelli.com,,http://www.linkedin.com/in/quynhtiennguyen,new_enriched
Nicola,Matthews,Nicola Matthews,UKI Head of Marketing,Tony's Chocolonely,Craft Chocolate,Food & Beverage,Head,nicola@tonyschocolonely.com,,http://www.linkedin.com/in/nicola-matthews-6603753b,new_enriched
Mohammad,Ibrar,Mohammad Ibrar,Senior Brand Manager,Ghirardelli Chocolate Company,Craft Chocolate,Food & Beverage,Manager,mibrar@ghirardelli.com,,http://www.linkedin.com/in/mibrar,new_enriched
Caio,Soella,Caio Soella,Senior Brand Manager,Ghirardelli Chocolate Company,Craft Chocolate,Food & Beverage,Manager,csoella@ghirardelli.com,,http://www.linkedin.com/in/caiosoella,new_enriched
Aidaly,Walker,Aidaly Walker,Head of Marketing USA,Tony's Chocolonely,Craft Chocolate,Food & Beverage,Head,aidaly@tonyschocolonely.com,,http://www.linkedin.com/in/aidaly-sosa-walker-b909621a,new_enriched
Brian,Killingsworth,Brian Killingsworth,Global Chief Marketing Officer FIT House,F45 Training,Boutique Fitness,Health & Wellness,C-Suite,bkillingsworth@f45hq.com,,http://www.linkedin.com/in/brian-killingsworth-5395108,new_enriched
Lindsay,Pollard,Lindsay Pollard,Global Head of Partnerships,F45 Training,Boutique Fitness,Health & Wellness,Head,lburness@f45training.com,,http://www.linkedin.com/in/lindsayburness,new_enriched
Kaleigh,Shafer,Kaleigh Shafer,Vice President Marketing,Barry's,Boutique Fitness,Health & Wellness,C-Suite,kaleigh@barrys.com,,http://www.linkedin.com/in/kaleigh-shafer,new_enriched
Melanie,Griffith,Melanie Griffith,Head of Brand Experience,SoulCycle Inc.,Boutique Fitness,Health & Wellness,Head,melanie.griffith@soul-cycle.com,,http://www.linkedin.com/in/melanie-griffith-b657b0ba,new_enriched
Maria,Manzek,Maria Manzek,Brand Manager,barre3 Old Town,Boutique Fitness,Health & Wellness,Manager,maria.manzek@barre3.com,,http://www.linkedin.com/in/maria-manzek,new_enriched
Leora,Kahn,Leora Kahn,Senior Brand Manager,[solidcore],Boutique Fitness,Health & Wellness,Manager,leora@solidcore.co,,http://www.linkedin.com/in/leorastarrk,new_enriched
Michelle,Kramers,Michelle Kramers,Sr Brand Manager - International,Orangetheory Fitness,Boutique Fitness,Health & Wellness,Manager,mkramers@orangetheory.com,,http://www.linkedin.com/in/michellekramers,new_enriched
Sarah,Choi,Sarah Choi,Chief Marketing & Commercial Officer,CorePower Yoga,Boutique Fitness,Health & Wellness,C-Suite,sarah.choi@corepoweryoga.com,,http://www.linkedin.com/in/saritacho,new_enriched
Julia,Libertucci,Julia Libertucci,Brand & Design Manager,Orangetheory Fitness,Boutique Fitness,Health & Wellness,Manager,studiomanager0384@orangetheoryfitness.com,,http://www.linkedin.com/in/julia-libertucci-ba7511128,new_enriched
Anastasiia,Lazarieva,Anastasiia Lazarieva,Brand Experience Manager,[solidcore],Boutique Fitness,Health & Wellness,Manager,anastasiia.lazarieva@solidcore.co,,http://www.linkedin.com/in/anastasiia-lazarieva,new_enriched
Tyler,Johnson,Tyler Johnson,Head Coach | Regional Trainer | Partnerships,Orangetheory Fitness,Boutique Fitness,Health & Wellness,Head,tjohnson@orangetheoryfitness.com,,http://www.linkedin.com/in/ttyler-johnson,new_enriched
Craig,Morin,Craig Morin,Vice President of International Marketing,Orangetheory Fitness,Boutique Fitness,Health & Wellness,C-Suite,cmorin@orangetheory.com,,http://www.linkedin.com/in/craig-morin,new_enriched
Joao,Avellar,Joao Avellar,Head of Sales and Marketing,F45 Training,Boutique Fitness,Health & Wellness,Head,javellar@f45training.com,,http://www.linkedin.com/in/jpcavellar,new_enriched
Jessica,Wendler,Jessica Wendler,Brand Partnerships Manager,Barry's,Boutique Fitness,Health & Wellness,Manager,j.wendler@barrys.com,,http://www.linkedin.com/in/jessica-wendler-a39b94149,new_enriched
Karolina,Kielbowicz,Karolina Kielbowicz,"VP, Brand Marketing",CorePower Yoga,Boutique Fitness,Health & Wellness,VP,karolina.kielbowicz@corepoweryoga.com,,http://www.linkedin.com/in/karolina-kielbowicz,new_enriched
James,Ashley,James Ashley,,,Other Enterprise,Other,Other,j.ashley@barrys.com,,http://www.linkedin.com/in/jamesashleysutton,new_enriched
Melina,Protopapa,Melina Protopapa,"Director, B2B Acquisition Marketing",ClassPass,Boutique Fitness,Health & Wellness,Director,melina.protopapa@classpass.com,,http://www.linkedin.com/in/melina-protopapa-16a56a26,new_enriched
Megan,Mathewson,Megan Mathewson,Growth Marketing Manager,CorePower Yoga,Boutique Fitness,Health & Wellness,Manager,megan.mathewson@corepoweryoga.com,,http://www.linkedin.com/in/megan-mathewson,new_enriched
Sarah,Foster,Sarah Foster,Head of Brand Marketing,Therabody,Beauty Devices,Beauty & Personal Care,Head,sarah.foster@therabody.com,,http://www.linkedin.com/in/sarah-foster-3a14032a,new_enriched
Regina,Baptista,Regina Baptista,Fractional/Consultant (CMO & President Roles),Self Employed,Other Enterprise,Other,C-Suite,rbaptista@mynuface.com,,http://www.linkedin.com/in/regina-baptista-4bb82a5,new_enriched
Andrea,Cuesta Arteaga,Andrea Cuesta Arteaga,Head of Marketing & Communications,FOREO,Beauty Devices,Beauty & Personal Care,Head,andrea.cuesta@foreo.com,,http://www.linkedin.com/in/andrea-cuesta-arteaga-67191033,new_enriched
Chloe,Jones,Chloe Jones,Brand Marketing Manager,LYMA,Beauty Devices,Beauty & Personal Care,Manager,chloe.jones@lyma.life,,http://www.linkedin.com/in/chlo%c3%ab-jones,new_enriched
Ioana,Bombea,Ioana Bombea,Brand Activation Manager,Therabody,Beauty Devices,Beauty & Personal Care,Manager,ioana.bombea@therabody.com,,http://www.linkedin.com/in/ioana-bombea,new_enriched
Kieran,Phillips-Tebb,Kieran Phillips-Tebb,Brand Activation Manager (Performance),Therabody,Beauty Devices,Beauty & Personal Care,Manager,kieran.phillips-tebb@therabody.com,,http://www.linkedin.com/in/kieran-phillips-tebb-a92908104,new_enriched
Crystal,Akins,Crystal Akins,VP Brand Marketing,NuFACE,Beauty Devices,Beauty & Personal Care,VP,cakins@nuface.com,,http://www.linkedin.com/in/crystalakins,new_enriched
Bahareh,Abolghasemi,Bahareh Abolghasemi,Marketing Manager,Therabody,Beauty Devices,Beauty & Personal Care,Manager,bahareh.abolghasemi@therabody.com,,http://www.linkedin.com/in/baharehabolghasemi,new_enriched
Sara,Riballo Hueso,Sara Riballo Hueso,Marketing and Communications Manager Spain and Portugal,FOREO,Beauty Devices,Beauty & Personal Care,Manager,sara.riballo@foreo.com,,http://www.linkedin.com/in/sarariballohueso,new_enriched
Sarah,Fortuna,Sarah Fortuna,"Marketing Director, International",Therabody,Beauty Devices,Beauty & Personal Care,Director,sarah.fortuna@therabody.com,,http://www.linkedin.com/in/sarahfortunauk,new_enriched
Luka,Matutinovic,Luka Matutinovic,CMO,LELO,Sexual Wellness,Food & Beverage,C-Suite,luka.matutinovic@lelo.com,,http://www.linkedin.com/in/luka-matutinovic-a14aa643,new_enriched
Christina,Heger,Christina Heger,Head of Brand,Lovehoney Group,Sexual Wellness,Food & Beverage,Head,christina.heger@wowtech.com,,http://www.linkedin.com/in/christina-heger-3238b6114,new_enriched
Elaine,Sosna,Elaine Sosna,Head of Marketing,Lovehoney,Sexual Wellness,Food & Beverage,Head,elaine.sosna@lovehoney.co.uk,,http://www.linkedin.com/in/elaine-sosna-35566b15,new_enriched
Carolina,Breuer,Carolina Breuer,Brand Manager,Lovehoney Group,Sexual Wellness,Food & Beverage,Manager,carolina.breuer@lovehoneygroup.com,,http://www.linkedin.com/in/carolina-breuer-64888b195,new_enriched
Katja,Thies,Katja Thies,Global Head of Brand Management,Lovehoney Group,Sexual Wellness,Food & Beverage,Head,katja.thies@lovehoneygroup.com,,http://www.linkedin.com/in/katjathies,new_enriched
Raphael,Ruivo,Raphael Ruivo,Senior Global Brand Manager,Lovehoney Group,Sexual Wellness,Food & Beverage,Manager,raphael.ruivo@lovehoneygroup.com,,http://www.linkedin.com/in/raphaelmaiaruivo,new_enriched
Kira-Lea,Crabtree,Kira-Lea Crabtree,Senior Global Brand Manager Womanizer,Lovehoney Group,Sexual Wellness,Food & Beverage,Manager,kira-lea.crabtree@lovehoneygroup.com,,http://www.linkedin.com/in/kiracrabtree,new_enriched
Dunja,Kokotovic,Dunja Kokotovic,Group Global Brand Manager LELO & Intimina,LELO,Sexual Wellness,Food & Beverage,Manager,dunja.kokotovic@lelo.com,,http://www.linkedin.com/in/dunja-kokotovi%c4%87-26802a45,new_enriched
Hannah,Sampson,Hannah Sampson,Brand and Campaign Manager,Lovehoney Group,Sexual Wellness,Food & Beverage,Manager,hannah.sampson@lovehoneygroup.com,,http://www.linkedin.com/in/hannah--sampson,new_enriched
Megan,Horton,Megan Horton,Brand & Campaign Manager,Lovehoney Group,Sexual Wellness,Food & Beverage,Manager,megan.horton@lovehoney.co.uk,,http://www.linkedin.com/in/megan-horton-81046810a,new_enriched
John,Petralia,John Petralia,Chief Marketing Officer,PubMatic,Ad-Tech,Tech & SaaS,C-Suite,john.petralia@pubmatic.com,,http://www.linkedin.com/in/jpetralia,new_enriched
Dan,Slivjanovski,Dan Slivjanovski,Chief Marketing Officer,DoubleVerify,Ad-Tech,Tech & SaaS,C-Suite,dan.slivjanovski@doubleverify.com,,http://www.linkedin.com/in/danslivjanovski,new_enriched
Kimberly,Musante,Kimberly Musante,Head of Growth Marketing,PubMatic,Ad-Tech,Tech & SaaS,Head,kimberly.musante@pubmatic.com,,http://www.linkedin.com/in/kimberlymusante,new_enriched
Eyal,Nir,Eyal Nir,Head of Growth Marketing,Taboola,Ad-Tech,Tech & SaaS,Head,eyal.n@taboola.com,,http://www.linkedin.com/in/eyal-nir-74aa1761,new_enriched
Sarah,Gavin,Sarah Gavin,Chief Marketing Officer & Executive Vice President,The Trade Desk,Ad-Tech,Tech & SaaS,C-Suite,sarah.gavin@thetradedesk.com,,http://www.linkedin.com/in/sarahgavin,new_enriched
Brant,McLean,Brant McLean,"Head of Growth, US",Taboola,Ad-Tech,Tech & SaaS,Head,brant.m@taboola.com,,http://www.linkedin.com/in/brantmclean,new_enriched
Or,Gottlib,Or Gottlib,Global Head of Marketing Communications and Brand,Taboola,Ad-Tech,Tech & SaaS,Head,or.gottlib@taboola.com,,http://www.linkedin.com/in/orgottlib,new_enriched
Thaissa,Sa,Thaissa Sa,Head of Brand Sales Latam,LiveRamp,Ad-Tech,Tech & SaaS,Head,thaissa.gentil@liveramp.com,,http://www.linkedin.com/in/thaissagentil,new_enriched
Nima,Oftadeh,Nima Oftadeh,"VP, Marketing Science",The Trade Desk,Ad-Tech,Tech & SaaS,VP,nima.oftadeh@thetradedesk.com,,http://www.linkedin.com/in/nimaoftadeh,new_enriched
Collette,Spagnolo,Collette Spagnolo,"VP, Marketing Analytics",DoubleVerify,Ad-Tech,Tech & SaaS,VP,collette.spagnolo@doubleverify.com,,http://www.linkedin.com/in/collettespagnolo,new_enriched
Kelly,Macaulay,Kelly Macaulay,"Chief Marketing Officer, NetJets",NetJets,Private Aviation,Travel & Hospitality,C-Suite,kmacaulay@netjets.com,,http://www.linkedin.com/in/kellymacaulay,new_enriched
Lauren,Florian,Lauren Florian,"CMO, Global Marketing",Flexjet,Private Aviation,Travel & Hospitality,C-Suite,lauren.florian@flexjet.com,,http://www.linkedin.com/in/lauren-florian-5581636,new_enriched
Christopher,Bero,Christopher Bero,CMO of Global Marketing,Flexjet,Private Aviation,Travel & Hospitality,C-Suite,christopher.bero@flexjet.com,,http://www.linkedin.com/in/christopherbero,new_enriched
Dan,Cuomo,Dan Cuomo,Vice President of Marketing,Wheels Up,Private Aviation,Travel & Hospitality,C-Suite,dan.cuomo@wheelsup.com,,http://www.linkedin.com/in/dan-cuomo-5130b621,new_enriched
Meg,Riley,Meg Riley,Senior Vice President Marketing,Sentient Jet,Private Aviation,Travel & Hospitality,C-Suite,meghan.riley@sentient.com,,http://www.linkedin.com/in/meg-riley,new_enriched
Kirsten,Lamotte,Kirsten Lamotte,Senior Vice President Marketing,Sentient Jet,Private Aviation,Travel & Hospitality,C-Suite,klamotte@sentient.com,,http://www.linkedin.com/in/kirsten-lamotte-093895326,new_enriched
Amy,Yang,Amy Yang,"Vice President Marketing, APAC & IMEA",VistaJet,Private Aviation,Travel & Hospitality,C-Suite,amy.yang@vistajet.com,,http://www.linkedin.com/in/amy-yang-nicoll,new_enriched
Stephanie,Callahan,Stephanie Callahan,Retail Brand Manager,NetJets,Private Aviation,Travel & Hospitality,Manager,scallahan@netjets.com,,http://www.linkedin.com/in/stephanie-callahan-82532b10,new_enriched
Kristen,Lauria,Kristen Lauria,Chief Customer and Marketing Officer,Wheels Up,Private Aviation,Travel & Hospitality,C-Suite,kristen.lauria@wheelsup.com,,http://www.linkedin.com/in/kristenlauria,new_enriched
Paul,Nugent,Paul Nugent,Chief Marketing Officer,Peter Millar,Golf Apparel,Sports & Athletics,C-Suite,pnugent@petermillar.com,,http://www.linkedin.com/in/paul-nugent-636a4a10,new_enriched
Ryan,Hughes,Ryan Hughes,Founder | CMO,GHOST,Other Enterprise,Other,C-Suite,ryan@ghostlifestyle.com,,http://www.linkedin.com/in/ryan-hughes-56125a47,new_enriched
Jimmy,Goodrich,Jimmy Goodrich,Chief Marketing Officer: EMEA & OSP,Monster Energy,Energy Drinks,Food & Beverage,C-Suite,jimmy.goodrich@monsterenergy.com,,http://www.linkedin.com/in/jimmy-goodrich-04167b2,new_enriched
Justin,Clark,Justin Clark,VP of Marketing,Monster Brewing Company,Energy Drinks,Food & Beverage,VP,justin.clark@monsterbrewing.com,,http://www.linkedin.com/in/justin-c-b6976010b,new_enriched
Lance,Hakker,Lance Hakker,Brand Manager,Monster Brewing Company,Energy Drinks,Food & Beverage,Manager,lance.hakker@monsterbrewing.com,,http://www.linkedin.com/in/lancehakker,new_enriched
Braden,Williams,Braden Williams,Brand Manager,Monster Energy,Energy Drinks,Food & Beverage,Manager,braden.williams@monsterenergy.com,,http://www.linkedin.com/in/braden-williams-3ba1a93b,new_enriched
Kean,Lim,Kean Lim,Vice President of Marketing Asia,Monster Energy,Energy Drinks,Food & Beverage,C-Suite,keanyew.lim@monsterenergy.com,,http://www.linkedin.com/in/keanyew,new_enriched
Courtney,Adams,Courtney Adams,VP Marketing- Content and Creative,Monster Energy,Energy Drinks,Food & Beverage,VP,courtney.adams@monsterenergy.com,,http://www.linkedin.com/in/cgibsonadams,new_enriched
Whitney,Bliss,Whitney Bliss,Senior Brand Manager,Monster Energy,Energy Drinks,Food & Beverage,Manager,whitney.bliss@monsterenergy.com,,http://www.linkedin.com/in/whitney-bliss-92619657,new_enriched
Lisa,Craddock,Lisa Craddock,Senior Brand Manager,Monster Energy,Energy Drinks,Food & Beverage,Manager,lisa.craddock@monsterenergy.com,,http://www.linkedin.com/in/lisacraddock,new_enriched
Daan,Meijer,Daan Meijer,Vice President Marketing Western Europe,Monster Energy,Energy Drinks,Food & Beverage,C-Suite,daan.meijer@monsterenergy.com,,http://www.linkedin.com/in/daanmeijer1,new_enriched
Alison,Stiefel,Alison Stiefel,Chief Marketing Officer,Janie and Jack,Kids Apparel,Fashion & Apparel,C-Suite,alison_stiefel@janieandjack.com,,http://www.linkedin.com/in/alison-zemny-stiefel-492040a,new_enriched
Derek,Yarbrough,Derek Yarbrough,Chief Marketing Officer,Old Navy,DTC Apparel Mall Brands,Fashion & Apparel,C-Suite,derek_yarbrough@gap.com,,http://www.linkedin.com/in/yarbroughd,new_enriched
Mark,Hoyal-Mitchell,Mark Hoyal-Mitchell,Chief Marketing Officer,Boden,Other Enterprise,Other,C-Suite,mark.hm@boden.co.uk,,http://www.linkedin.com/in/markmitchell85,new_enriched
Alice,O'Hagan,Alice O'Hagan,Head of Partnerships,Boden,Other Enterprise,Other,Head,aohagan@boden.co.uk,,http://www.linkedin.com/in/alice-o-hagan-b51198b2,new_enriched
Fabiola,Torres,Fabiola Torres,Global CMO at GAP,Gap Inc.,DTC Apparel Mall Brands,Fashion & Apparel,C-Suite,fabiola_torres@gap.com,,http://www.linkedin.com/in/fabiolamtorres,new_enriched
Jennie,Perry,Jennie Perry,VP Marketing,Gap Inc.,DTC Apparel Mall Brands,Fashion & Apparel,VP,jennie.perry@gap.com,,http://www.linkedin.com/in/jennie-perry-729b273,new_enriched
Jaclyn,Gruenbaum,Jaclyn Gruenbaum,"Vice President of Marketing, Beauty",Gap Inc.,DTC Apparel Mall Brands,Fashion & Apparel,C-Suite,jaclyn_gruenbaum@gap.com,,http://www.linkedin.com/in/jaclyn-gruenbaum,new_enriched
Kumar,Kandaswamy,Kumar Kandaswamy,"Head of Brand Enablement, Banana Republic",Gap Inc.,DTC Apparel Mall Brands,Fashion & Apparel,Head,kumar_kandaswamy@gap.com,,http://www.linkedin.com/in/kumarkandaswamy,new_enriched
Steven,Mencos,Steven Mencos,Senior Brand Manager,Hanna Andersson,Kids Apparel & Baby Brands,Fashion & Apparel,Manager,steven.mencos@hannaandersson.com,,http://www.linkedin.com/in/stevenmencos,new_enriched
Rheanna,Martinez,Rheanna Martinez,"Senior Creative Director, Head of Brand Experience",Gap Inc.,DTC Apparel Mall Brands,Fashion & Apparel,Head,rheanna_martinez@gap.com,,http://www.linkedin.com/in/rheannamartinez,new_enriched
Justin,Giouzepis,Justin Giouzepis,Chief Marketing Officer,Obagi,Medical Skincare,Beauty & Personal Care,C-Suite,justin.giouzepis@obagi.com,,http://www.linkedin.com/in/justin-giouzepis,new_enriched
Derrick,Booker,Derrick Booker,Chief Marketing Officer,Revision Skincare®,Alt Sneaker & Comfort Footwear,Fashion & Apparel,C-Suite,dbooker@revisionskincare.com,,http://www.linkedin.com/in/derrick-l-booker,new_enriched
Michael,Marcano,Michael Marcano,Chief Marketing Officer,"ZO Skin Health, Inc.",InsurTech,Finance & Fintech,C-Suite,mmarcano@zoskinhealth.com,,http://www.linkedin.com/in/michaelmarcano,new_enriched
Dorothee,Dufour,Dorothee Dufour,Vice President of Marketing,Obagi,Medical Skincare,Beauty & Personal Care,C-Suite,dorothee.dufour@obagi.com,,http://www.linkedin.com/in/dorotheedufour,new_enriched
Jaclyn,Marrone,Jaclyn Marrone,"Senior Vice President, Marketing",SkinCeuticals,Medical Skincare,Beauty & Personal Care,C-Suite,jaclyn.marrone@skinceuticals.com,,http://www.linkedin.com/in/jaclyn-marrone-78530722,new_enriched
Angela,Harvey,Angela Harvey,Global Brand Manager,iS CLINICAL,Medical Skincare,Beauty & Personal Care,Manager,aharvey@innovativeskincare.com,,http://www.linkedin.com/in/angela-grove-harvey,new_enriched
Trish,Stack,Trish Stack,Senior Vice President of Marketing and Sales,"Epionce / Episciences, Inc.",Medical Skincare,Beauty & Personal Care,C-Suite,trish@epionce.com,,http://www.linkedin.com/in/trish-stack-924a073,new_enriched
Gabriela,Baez,Gabriela Baez,Vice President of Global Marketing,iS CLINICAL,Medical Skincare,Beauty & Personal Care,C-Suite,gbaez@innovativeskincare.com,,http://www.linkedin.com/in/gabrielabaez,new_enriched
Kay,Seiden,Kay Seiden,Vice President of Global Marketing,Colorescience,Medical Skincare,Beauty & Personal Care,C-Suite,kseiden@colorescience.com,,http://www.linkedin.com/in/kayfokseiden,new_enriched
Renee,Pedroza,Renee Pedroza,Senior Vice President Global Marketing,"ZO Skin Health, Inc.",InsurTech,Finance & Fintech,C-Suite,rpedroza@zoskinhealth.com,,http://www.linkedin.com/in/renee-romero-pedroza-65642542,new_enriched
Wolfgang,Lange,Wolfgang Lange,"Chief Marketing Officer (MarCom, Products)",Vitra,Office & Design Furniture,Retail & Home,C-Suite,wolfgang.lange@vitra.com,,http://www.linkedin.com/in/wolfgang-lange-869b6750,new_enriched
McCarty,Maxwell,McCarty Maxwell,Head of Partnerships,Herman Miller,Office & Design Furniture,Retail & Home,Head,mccarty_maxwell@hermanmiller.com,,http://www.linkedin.com/in/mccarty-maxwell,new_enriched
Robert,Waligunda,Robert Waligunda,Vice President Marketing,Knoll,Office & Design Furniture,Retail & Home,C-Suite,robert_waligunda@knoll.com,,http://www.linkedin.com/in/robert-waligunda-25649b28,new_enriched
Laura,Galu,Laura Galu,Head of Marketing,Vitra,Office & Design Furniture,Retail & Home,Head,laura.galu@vitra.com,,http://www.linkedin.com/in/laura-galu-8155b7128,new_enriched
Tracy,Harrison,Tracy Harrison,Brand Manager,Haworth,Office & Design Furniture,Retail & Home,Manager,tracy.harrison@haworth.com,,http://www.linkedin.com/in/tracy-harrison-41940612,new_enriched
Alienor,Chambrier,Alienor Chambrier,Head of Home & Brand Marketing,Vitra,Office & Design Furniture,Retail & Home,Head,alienor.dechambrier@vitra.com,,http://www.linkedin.com/in/alienor-de-chambrier,new_enriched
Elena,Apel,Elena Apel,Head of Marketing & Events DACH,Vitra,Office & Design Furniture,Retail & Home,Head,elena.apel@vitra.com,,http://www.linkedin.com/in/elena-luisa-apel-7b5421158,new_enriched
Anja,Bischler,Anja Bischler,Head of Marketing Home & Office,Vitra,Office & Design Furniture,Retail & Home,Head,anja.bischler@vitra.com,,http://www.linkedin.com/in/anja-bischler-9556a5121,new_enriched
Jorge,De La Paz,Jorge De La Paz,Head of Strategic Partnerships,Steelcase,Office & Design Furniture,Retail & Home,Head,jdelapaz@steelcase.com,,http://www.linkedin.com/in/jorge-de-la-paz,new_enriched
Carey,Potter,Carey Potter,Product Communications Manager,Steelcase,Office & Design Furniture,Retail & Home,Manager,cpotter@steelcase.com,,http://www.linkedin.com/in/careypotter,new_enriched
Dwight,Brown,Dwight Brown,Chief Marketing Officer,iRobot,Consumer Electronics Giants,Tech & SaaS,C-Suite,dbrown@irobot.com,,http://www.linkedin.com/in/dwight-brown-9a28a9319,new_enriched
Kritika,Agarwal,Kritika Agarwal,Head of Brand Marketing,SharkNinja,Premium Kitchen Appliances,Retail & Home,Head,kritika.agarwal@sharkninja-apac.com,,http://www.linkedin.com/in/kritikaagarwal1,new_enriched
Lana,Sanleandro,Lana Sanleandro,SVP CMO SharkNinja - EMEA and International,SharkNinja,Premium Kitchen Appliances,Retail & Home,C-Suite,lsanleandro@sharkninja.com,,http://www.linkedin.com/in/lanasanleandro,new_enriched
Ben,Yoder,Ben Yoder,Chief of Staff to the Global Chief Marketing Officer,SharkNinja,Premium Kitchen Appliances,Retail & Home,C-Suite,ben.yoder@sharkninja.com,,http://www.linkedin.com/in/benyoder,new_enriched
Diana,Briceno,Diana Briceno,Vice President Marketing Latam,SharkNinja,Premium Kitchen Appliances,Retail & Home,C-Suite,diana.briceno@sharkninja.com,,http://www.linkedin.com/in/dianabriceno,new_enriched
Jess,Levy,Jess Levy,Vice President Marketing EU,SharkNinja UK,Premium Kitchen Appliances,Retail & Home,C-Suite,jlevy@sharkninja.com,,http://www.linkedin.com/in/jess-levy-93457222,new_enriched
Susie,Donaldson,Susie Donaldson,VP Marketing EMEA,SharkNinja,Premium Kitchen Appliances,Retail & Home,VP,sdonaldson@sharkninja.com,,http://www.linkedin.com/in/susiedonaldson,new_enriched
Amanda,Loyola,Amanda Loyola,"Global VP, Chief of Staff to Chief Marketing Officer - Shark Beauty, Shark Home & Ninja",SharkNinja,Premium Kitchen Appliances,Retail & Home,C-Suite,amanda.loyola@sharkninja.com,,http://www.linkedin.com/in/amandafloyola,new_enriched
Lauren,Richards,Lauren Richards,Brand Manager - Explore,"BISSELL Homecare, Inc.",Consumer Robotics,Tech & SaaS,Manager,lauren.richards@bissell.com,,http://www.linkedin.com/in/laurenerichards,new_enriched
Shafiurrehman,Farooqui,Shafiurrehman Farooqui,Brand Manager,A Bathing Ape® | Bape Hong Kong Limited,Streetwear & Culture,Fashion & Apparel,Manager,shafiurrehmanf@ithk.com,,http://www.linkedin.com/in/shafiurrehman-farooqui-a955151b4,new_enriched
Alvin,Sie,Alvin Sie,Head of Brand Partnerships - Global (BAPE / AAPE / Baby Milo),A Bathing Ape®,Streetwear & Culture,Fashion & Apparel,Head,alvins@bape.com,,http://www.linkedin.com/in/alvin-sie-286b0889,new_enriched
Steven,Fuchs,Steven Fuchs,"SVP, Marketing",Aimé Leon Dore,Alt Sneaker & Comfort Footwear,Fashion & Apparel,VP,steven.fuchs@aimeleondore.com,,http://www.linkedin.com/in/steven-fuchs,new_enriched
Andre,Cooper,Andre Cooper,Head of Brand - Retail Experience & Execution,Aimé Leon Dore,Alt Sneaker & Comfort Footwear,Fashion & Apparel,Head,andre@aimeleondore.com,,http://www.linkedin.com/in/andr%c3%a9-cooper-7248224b,new_enriched
Matt,Wilson,Matt Wilson,North American Brand Manager,"Stussy, Inc.",Streetwear & Culture,Fashion & Apparel,Manager,matt@stussy.com,,http://www.linkedin.com/in/matt-wilson-78a62986,new_enriched
Christopher,Rucker,Christopher Rucker,Head of Marketing - North America,A BATHING APE®,Streetwear & Culture,Fashion & Apparel,Head,cbrucker@bape.com,,http://www.linkedin.com/in/cbenjaminrucker,new_enriched
Sarah,Mercho,Sarah Mercho,Brand Project Manager,"Stussy, Inc.",Streetwear & Culture,Fashion & Apparel,Manager,sarah.mercho@stussy.com,,http://www.linkedin.com/in/sarah-mercho-a9478a184,new_enriched
Frankie,Sessa,Frankie Sessa,Project Manager - Brand Partnerships and Collaborations,Aimé Leon Dore,Alt Sneaker & Comfort Footwear,Fashion & Apparel,Manager,frank.sessa@aimeleondore.com,,http://www.linkedin.com/in/frankie-sessa-210522109,new_enriched
Carly,Lo,Carly Lo,Marketing Manager,A Bathing Ape®,Streetwear & Culture,Fashion & Apparel,Manager,carlyl@bape.com,,http://www.linkedin.com/in/carlylo,new_enriched
Parisa,Okada,Parisa Okada,Marketing Department,A Bathing Ape®,Streetwear & Culture,Fashion & Apparel,Other,okadap@bape.com,,http://www.linkedin.com/in/parisa-okada-113b82132,new_enriched
Garry,Scott,Garry Scott,"Vice President, Marketing",Napoleon,Other Enterprise,Other,C-Suite,gscott@napoleon.com,,http://www.linkedin.com/in/gescott,new_enriched
Melissa,Best,Melissa Best,Head of Marketing,recteq,BBQ & Outdoor Cooking,Food & Beverage,Head,melissa.best@recteq.com,,http://www.linkedin.com/in/melissa-best-5266b421,new_enriched
Kelley,Fraser,Kelley Fraser,Brand Manager,Napoleon,Other Enterprise,Other,Manager,kfraser@napoleon.com,,http://www.linkedin.com/in/kelley-fraser-bab0b396,new_enriched
Kayla,Brown,Kayla Brown,Interim Brand Manager,Big Green Egg,BBQ & Outdoor Cooking,Food & Beverage,Manager,kayla.frissora@biggreenegg.com,,http://www.linkedin.com/in/kayla-frissora,new_enriched
Tatiana,Sorella,Tatiana Sorella,Brand Marketing Manager,Napoleon,Other Enterprise,Other,Manager,tsorella@napoleon.com,,http://www.linkedin.com/in/tatianasorella,new_enriched
Jody,Flanagan,Jody Flanagan,Brand Advocacy Manager,recteq,BBQ & Outdoor Cooking,Food & Beverage,Manager,jody.flanagan@recteq.com,,http://www.linkedin.com/in/jody-flanagan-7b9b22208,new_enriched
Michele,Morris,Michele Morris,Vice President of US Marketing,Big Green Egg,BBQ & Outdoor Cooking,Food & Beverage,C-Suite,michele.morris@biggreenegg.com,,http://www.linkedin.com/in/michelemmorris,new_enriched
Brooke,Rasheed,Brooke Rasheed,Brand Partnerships Account Manager,Big Green Egg,BBQ & Outdoor Cooking,Food & Beverage,Manager,brooke.rasheed@biggreenegg.com,,http://www.linkedin.com/in/brooke-morris-rasheed-5855b630,new_enriched
Shannon,Mitchell,Shannon Mitchell,Director of Marketing,recteq,BBQ & Outdoor Cooking,Food & Beverage,Director,shannon.mitchell@recteq.com,,http://www.linkedin.com/in/shannon-mitchell-0742b8a2,new_enriched
Michel,Voragen,Michel Voragen,Sales/Strategy/Marketing Germany BeNeLux,Napoleon Group of Companies,Alt Sneaker & Comfort Footwear,Fashion & Apparel,Other,mvoragen@napoleon.com,,http://www.linkedin.com/in/michel-voragen-ab000211,new_enriched
Jessica,Rathman,Jessica Rathman,Head of Brand Partnerships,"1-800-FLOWERS.COM, INC.",Corporate Gifting & Food Delivery,Food & Beverage,Head,jrathman@1800flowers.com,,http://www.linkedin.com/in/jessica-rathman-9b8bb23,new_enriched
Nicole,Savdie,Nicole Savdie,VP of Marketing,"1-800-FLOWERS.COM, INC.",Corporate Gifting & Food Delivery,Food & Beverage,VP,nsavdie@1800flowers.com,,http://www.linkedin.com/in/nicolesavdie,new_enriched
Sasha,Poljsak,Sasha Poljsak,"SVP, Marketing",Goldbelly,Corporate Gifting & Food Delivery,Food & Beverage,VP,sasha.poljsak@goldbelly.com,,http://www.linkedin.com/in/sasha-poljsak-0b48a618,new_enriched
Melanie,Babcock-Brown,Melanie Babcock-Brown,Chief Marketing and Growth Officer,"1-800-FLOWERS.COM, INC.",Corporate Gifting & Food Delivery,Food & Beverage,C-Suite,mbrown@1800flowers.com,,http://www.linkedin.com/in/melaniebabcock,new_enriched
Ashton,Schuck,Ashton Schuck,Brand Marketing Manager,Edible Arrangements,Wholesale Platforms,Tech & SaaS,Manager,apike@edible.com,,http://www.linkedin.com/in/ashtonschuck,new_enriched
Lexi,Portrait,Lexi Portrait,Head of Influencer Marketing,Goldbelly,Corporate Gifting & Food Delivery,Food & Beverage,Head,lexi.portrait@goldbelly.com,,http://www.linkedin.com/in/lexi-portrait-48962755,new_enriched
Tania,Nemaric,Tania Nemaric,"Vice President, Brand Marketing","1-800-FLOWERS.COM, INC.",Corporate Gifting & Food Delivery,Food & Beverage,C-Suite,tnemaric@1800flowers.com,,http://www.linkedin.com/in/tania-nemaric-26673b,new_enriched
Elizabeth,L,Elizabeth L,Omnichannel and Brand Marketing Manager,Milk Bar,Corporate Gifting & Food Delivery,Food & Beverage,Manager,elizabeth@milkbarstore.com,,http://www.linkedin.com/in/elizabeth-l-2419a6104,new_enriched
Hilary,Wilson,Hilary Wilson,Marketing Director,CorporateGift.com,Corporate Gifting & Food Delivery,Food & Beverage,Director,hilaryw@corporategift.com,,http://www.linkedin.com/in/hilaryrwilson,new_enriched
Rhonda,Klug,Rhonda Klug,Head of Experiential Marketing & Community Relations,Harry & David,Corporate Gifting & Food Delivery,Food & Beverage,Head,rklug@harryanddavid.com,,http://www.linkedin.com/in/rhonda-klug-49a79723,new_enriched
Frances,Han,Frances Han,CMO,Sony,Other Enterprise,Other,C-Suite,frances.han@sony.com,,http://www.linkedin.com/in/franceshan,new_enriched
Jennifer,Curtis,Jennifer Curtis,Vice President Marketing,Sony Pictures Home Entertainment,Consumer Electronics Giants,Tech & SaaS,C-Suite,jennifer.curtis@sony.com,,http://www.linkedin.com/in/jennifer-curtis-6b83b05,new_enriched
Tadashi,Sasaki,Tadashi Sasaki,Vice President of Marketing,FUJIFILM North America Corporat,Camera & Drones,Tech & SaaS,C-Suite,tadashi.sasaki@fujifilm.com,,http://www.linkedin.com/in/tadashi-sasaki-98274572,new_enriched
Mari,Kinoshita,Mari Kinoshita,"Head of Brand Marketing, Imaging Marketing Division",Sony,Other Enterprise,Other,Head,mari.kinoshita@sony.com,,http://www.linkedin.com/in/mari-kinoshita-8131b2192,new_enriched
John,Newman,John Newman,Vice President Marketing,Sony,Other Enterprise,Other,C-Suite,john.newman@sony.com,,http://www.linkedin.com/in/john-newman-85b3402b6,new_enriched
Guillaume,Tiercelin,Guillaume Tiercelin,Head of Marketing,Sony,Other Enterprise,Other,Head,guillaume.tiercelin@sony.com,,http://www.linkedin.com/in/guillaume-tiercelin-4b75461,new_enriched
Dorian,Lopez Enriquez,Dorian Lopez Enriquez,Brand Manager,DJI,Camera & Drones,Tech & SaaS,Manager,dorian.lopezenriquez@dji.com,,http://www.linkedin.com/in/dorian-isa%c3%ad-l%c3%b3pez-enr%c3%adquez-746507101,new_enriched
Angie,Williams,Angie Williams,Brand Manager,Polaroid South Africa,Camera & Photography,Tech & SaaS,Manager,angie@polaroidsa.co.za,,http://www.linkedin.com/in/angie-williams-05065171,new_enriched
Oren,Maizner,Oren Maizner,Brand Manager,DJI,Camera & Drones,Tech & SaaS,Manager,oren.maizner@benda.co.il,,http://www.linkedin.com/in/oren-maizner-5051111a2,new_enriched
Daniel,Winter,Daniel Winter,Brand Manager,Sony,Other Enterprise,Other,Manager,dwinter@disc.sony.com,,http://www.linkedin.com/in/daniel-winter-443004b0,new_enriched
Vicky,Hallbauer,Vicky Hallbauer,CMO,Lingoda GmbH,Language Learning Apps,Tech & SaaS,C-Suite,vicky.hallbauer@lingoda.com,,http://www.linkedin.com/in/hallbauer,new_enriched
Magda,Brzezinska,Magda Brzezinska,Head of Brand Content & Campaigns,Preply,Language Learning Apps,Tech & SaaS,Head,magdalena.brzezinska@preply.com,,http://www.linkedin.com/in/magdalena-maria-brzezinska,new_enriched
Marcin,Zaba,Marcin Zaba,Head of Growth,Memrise,Language Learning Apps,Tech & SaaS,Head,marcin.zaba@memrise.com,,http://www.linkedin.com/in/marcin-zaba-644aaa10,new_enriched
Moriah,Sallis,Moriah Sallis,Vice President Marketing,Busuu,Language Learning Apps,Tech & SaaS,C-Suite,msallis@busuu.com,,http://www.linkedin.com/in/moriahsallis,new_enriched
Kelly,Saux,Kelly Saux,Vice President Marketing,Pimsleur Language Programs,Language Learning Apps,Tech & SaaS,C-Suite,kelly.saux@paramount.com,,http://www.linkedin.com/in/kelly-saux-544a472,new_enriched
Rachel,Liu,Rachel Liu,Brand Manager Marketing,italki,Language Learning Apps,Tech & SaaS,Manager,rachel.liu@italki.com,,http://www.linkedin.com/in/rachel-yulin-liu-567b3967,new_enriched
Brandon,Luo,Brandon Luo,Head of Channel Partnerships,Babbel,Language Learning Apps,Tech & SaaS,Head,bluo@babbel.com,,http://www.linkedin.com/in/brandon-luo,new_enriched
Iker,Uriarte Urquijo,Iker Uriarte Urquijo,Head of EU Marketing,italki,Language Learning Apps,Tech & SaaS,Head,iker@italki.com,,http://www.linkedin.com/in/ikermarketing,new_enriched
Britta,Niedermann,Britta Niedermann,VP Growth Marketing B2C,Lingoda GmbH,Language Learning Apps,Tech & SaaS,VP,britta.niedermann@lingoda.com,,http://www.linkedin.com/in/britta-niedermann-a54a56160,new_enriched
William,Aronson,William Aronson,VP of Performance Marketing,Babbel,Language Learning Apps,Tech & SaaS,VP,waronson@babbel.com,,http://www.linkedin.com/in/william-aronson,new_enriched
Krista,Weaver,Krista Weaver,Head of Marketing,Owlet Baby Care,Baby Tech,Other,Head,kweaver@owletcare.com,,http://www.linkedin.com/in/weaverkrista,new_enriched
Kathryn,Cumming,Kathryn Cumming,Senior Brand Manager,Coterie,Baby Tech,Other,Manager,kathryn.cumming@coterieholdings.com,,http://www.linkedin.com/in/kathryn-cumming-a15466101,new_enriched
Lewis,Krell,Lewis Krell,Head of Strategic Partnerships,Happiest Baby (the maker of SNOO),Baby Tech,Other,Head,lewis@happiestbaby.com,,http://www.linkedin.com/in/lewis-krell,new_enriched
Alexia,Lieberman,Alexia Lieberman,Brand Marketing Manager,Nanit,Baby Tech,Other,Manager,alexia.lieberman@nanit.com,,http://www.linkedin.com/in/alexialieberman,new_enriched
Laura,Levine,Laura Levine,VP of Global Brand & Marketing,eero,Baby Tech,Other,VP,laura@eero.com,,http://www.linkedin.com/in/laurahazzardlevine,new_enriched
Ashley,Foster,Ashley Foster,Sr. Brand Marketing Manager,"Willow Innovations, Inc.",Baby Tech,Other,Manager,ashley.foster@onewillow.com,,http://www.linkedin.com/in/ashleypawlik,new_enriched
Marjorie,Crimmins,Marjorie Crimmins,Senior Brand Marketing Manager,Coterie,Baby Tech,Other,Manager,marjorie.crimmins@coterie.com,,http://www.linkedin.com/in/marjorie-crimmins-b80796133,new_enriched
Lindsey,Kling,Lindsey Kling,SVP Brand Marketing + Partnerships,Coterie,Baby Tech,Other,VP,lindsey.kling@coterie.com,,http://www.linkedin.com/in/lindseykling,new_enriched
Marika,Viragh,Marika Viragh,"Director of Design, Marketing and Creative Operations",Hatch,Other Enterprise,Other,Director,marika.viragh@hatch.co,,http://www.linkedin.com/in/marika-viragh-6969b937,new_enriched
Elise,Robinson,Elise Robinson,Marketing Director,Happiest Baby (the maker of SNOO),Baby Tech,Other,Director,elise@happiestbaby.com,,http://www.linkedin.com/in/elisemnrobinson,new_enriched
Roza,Kalantari,Roza Kalantari,,,Other Enterprise,Other,Other,roza.kalantari@bodybuilding.com,,http://www.linkedin.com/in/rozak,new_enriched
Ryan,Bennett,Ryan Bennett,Senior Vice President Marketing,"Hydrow, Inc.",Home Gym Equipment,Retail & Home,C-Suite,ryan.bennett@hydrow.com,,http://www.linkedin.com/in/rmbennett018,new_enriched
Brianna,Dalton,Brianna Dalton,Senior Brand Manager,"Hydrow, Inc.",Home Gym Equipment,Retail & Home,Manager,brianna.dalton@hydrow.com,,http://www.linkedin.com/in/brianna-dalton-61763332,new_enriched
Jennifer,Director,Jennifer Director,"VP, Growth Marketing",Peloton Interactive,Alt Sneaker & Comfort Footwear,Fashion & Apparel,VP,jennifer.director@onepeloton.com,,http://www.linkedin.com/in/jenniferdirector,new_enriched
Stephen,Favrot,Stephen Favrot,VP Performance Marketing,Tonal,Other Enterprise,Other,VP,stephen.favrot@tonal.com,,http://www.linkedin.com/in/stephenfavrot,new_enriched
Brad,Fagan,Brad Fagan,"VP, Global Head of Strategic Partnerships & Corporate Development",Peloton Interactive,Alt Sneaker & Comfort Footwear,Fashion & Apparel,VP,brad.fagan@onepeloton.com,,http://www.linkedin.com/in/brad-fagan-8382a888,new_enriched
Megan,Imbres,Megan Imbres,CMO,Peloton Interactive,Alt Sneaker & Comfort Footwear,Fashion & Apparel,C-Suite,megan.imbres@onepeloton.com,,http://www.linkedin.com/in/meganimbres,new_enriched
Catherine,Wolpe,Catherine Wolpe,Chief Marketing Officer,Bandit,Other Enterprise,Other,C-Suite,catherine@banditrunning.com,,http://www.linkedin.com/in/catherinewolpe,new_enriched
Tim,Rossi,Tim Rossi,Head of Brand and Experiential Marketing,Bandit,Other Enterprise,Other,Head,timrossi@banditrunning.com,,http://www.linkedin.com/in/tim-rossi-472a8263,new_enriched
Melanie,Allen,Melanie Allen,Chief Marketing Officer,Brooks Running,Running Brands,Sports & Athletics,C-Suite,melanie.allen@brooksrunning.com,,http://www.linkedin.com/in/melanie-allen-9a44057,new_enriched
James,Pickford,James Pickford,Head of Brand Marketing - EMEA,New Balance,Athletic Footwear/Apparel Giants,Sports & Athletics,Head,james.pickford@newbalance.com,,http://www.linkedin.com/in/jamespickford,new_enriched
Joe,Vanbuskirk,Joe Vanbuskirk,Head of Partnerships & Athlete Experience Sports Marketing,New Balance,Athletic Footwear/Apparel Giants,Sports & Athletics,Head,joseph.vanbuskirk@newbalance.com,,http://www.linkedin.com/in/joe-vanbuskirk-a1583410b,new_enriched
Ryan,Griscti,Ryan Griscti,EMEA Brand Manager,HOKA,Alt Sneaker & Comfort Footwear,Fashion & Apparel,Manager,ryan.griscti@deckers.com,,http://www.linkedin.com/in/ryan-griscti-616791172,new_enriched
James,Frapwell,James Frapwell,"Head of Marketing, Global Football.",New Balance,Athletic Footwear/Apparel Giants,Sports & Athletics,Head,james.frapwell@newbalance.com,,http://www.linkedin.com/in/james-frapwell-06a43128,new_enriched
Daren,Herbert,Daren Herbert,SVP & Chief Marketing Officer,Turtle Wax,Auto Accessories & Care,Auto & Mobility,C-Suite,dherbert@turtlewax.com,,http://www.linkedin.com/in/daren-herbert-5596b731,new_enriched
Shane,Christman,Shane Christman,"Vice President, Marketing",Mothers Polishes Waxes Cleaners,Auto Accessories & Care,Auto & Mobility,C-Suite,shane@mothers.com,,http://www.linkedin.com/in/shanechristman,new_enriched
Lantis,Hollis,Lantis Hollis,"Vice President, Sales and Marketing",Weathertech Distributing,Auto Accessories & Care,Auto & Mobility,C-Suite,lwhollis@weathertech.net,,http://www.linkedin.com/in/lantis-hollis-86866015,new_enriched
Austin,Tucker,Austin Tucker,Senior Brand Manager,Yakima Products,Auto Accessories & Care,Auto & Mobility,Manager,austin.tucker@yakima.com,,http://www.linkedin.com/in/austintuckermedia,new_enriched
Jennifer,Olvera,Jennifer Olvera,"EVP, Marketing, Brand & Product",Chemical Guys,Auto Accessories & Care,Auto & Mobility,VP,jolvera@chemicalguys.com,,http://www.linkedin.com/in/jennifer-olvera-1704b73b,new_enriched
Luca,Vigano,Luca Vigano,Brand Manager,Thule Group,Auto Accessories & Care,Auto & Mobility,Manager,luca.vigano@thule.com,,http://www.linkedin.com/in/luca-vigan%c3%b2-4055088,new_enriched
Jim,Cozzie,Jim Cozzie,Brand Manager,"Turtle Wax, Inc",Auto Accessories & Care,Auto & Mobility,Manager,jcozzie@turtlewax.com,,http://www.linkedin.com/in/jim-cozzie-87082836,new_enriched
Fiona,Noone,Fiona Noone,Director of Marketing,WeatherTech®,Auto Accessories & Care,Auto & Mobility,Director,fnoone@weathertech.com,,http://www.linkedin.com/in/f%c3%adona-noone-825b134,new_enriched
Richard,Braspenning,Richard Braspenning,Sales & Marketing Director Thule RV,Thule Group,Auto Accessories & Care,Auto & Mobility,Director,richard.braspenning@thule.com,,http://www.linkedin.com/in/richard-braspenning-msc-6349998,new_enriched
Chris,Ritchie,Chris Ritchie,Marketing Director,Thule Group,Auto Accessories & Care,Auto & Mobility,Director,chris.ritchie@thule.com,,http://www.linkedin.com/in/chris-ritchie-38b31020,new_enriched
Annie,Davis,Annie Davis,Chief Marketing Officer,Northwestern Mutual,Wealth Management,Finance & Fintech,C-Suite,annie.davis@nm.com,,http://www.linkedin.com/in/annie-cutler-davis,new_enriched
Vivek,Bapat,Vivek Bapat,Chief Marketing Officer,J.P. Morgan Payments,Financial Services Giants,Finance & Fintech,C-Suite,vivek.bapat@jpmorgan.com,,http://www.linkedin.com/in/vivekbapat,new_enriched
Jess,Schnurr,Jess Schnurr,Chief Marketing Officer,Morgan Stanley,Financial Services Giants,Finance & Fintech,C-Suite,jessica.schnurr@morganstanley.com,,http://www.linkedin.com/in/jess-schnurr-4502762a,new_enriched
Sam,Strautmann,Sam Strautmann,Chief Marketing Officer,Northwestern Mutual,Wealth Management,Finance & Fintech,C-Suite,sam.strautmann@nm.com,,http://www.linkedin.com/in/samstrautmann,new_enriched
Patrick,McCarthy,Patrick McCarthy,Chief Marketing Officer,BNY,Other Enterprise,Other,C-Suite,patrick.mccarthy@bnymellon.com,,http://www.linkedin.com/in/m-patrick-mccarthy,new_enriched
Fiona,Carter,Fiona Carter,"Partner, Chief Marketing Officer",Goldman Sachs,Financial Services Giants,Finance & Fintech,C-Suite,fiona.carter@gs.com,,http://www.linkedin.com/in/fiona-carter,new_enriched
Richard,Morton,Richard Morton,Group Chief Marketing Officer,UBS,Other Enterprise,Other,C-Suite,richard.morton@ubs.com,,http://www.linkedin.com/in/richard-morton-52127413,new_enriched
Jill,Rosamino,Jill Rosamino,"Managing Director, Chief Marketing Officer",Rockefeller Capital Management,Wealth Management,Finance & Fintech,C-Suite,jrosamino@rockco.com,,http://www.linkedin.com/in/jill-rosamino-51b57a16,new_enriched
Richard,Chambers,Richard Chambers,Chief Marketing Officer Asset & Wealth Management,J.P. Morgan,Financial Services Giants,Finance & Fintech,C-Suite,richard.i.chambers@jpmorgan.com,,http://www.linkedin.com/in/richardichambers,new_enriched
Kathryn,Ferrero,Kathryn Ferrero,"CMO of Asset Management Americas & Global Head of Brand, J.P. Morgan Asset & Wealth Management",J.P. Morgan,Financial Services Giants,Finance & Fintech,C-Suite,kathryn.ferrero@jpmorgan.com,,http://www.linkedin.com/in/kathrynferrero,new_enriched
Mark,McGarry,Mark McGarry,Head of Brand + CMO,NEMO Equipment,Camping Gear,Travel & Hospitality,C-Suite,mark.mcgarry@nemoequipment.com,,http://www.linkedin.com/in/mark-mcgarry-strategist,new_enriched
Patricia,Penman,Patricia Penman,Chief Marketing Officer,Johnson Outdoors,Alt Sneaker & Comfort Footwear,Fashion & Apparel,C-Suite,patricia.penman@johnsonoutdoors.com,,http://www.linkedin.com/in/patricia-penman-7363a711,new_enriched
Andres,Baptista,Andres Baptista,Chief Marketing Officer,Johnson Outdoors,Alt Sneaker & Comfort Footwear,Fashion & Apparel,C-Suite,aebaptis@scj.com,,http://www.linkedin.com/in/andresbaptista78,new_enriched
Matt,Burbach,Matt Burbach,Global VP of Marketing,Mountain Hardwear,Outdoor Apparel,Sports & Athletics,VP,mburbach@mountainhardwear.com,,http://www.linkedin.com/in/matt-burbach-83064511,new_enriched
Adriana,Lima,Adriana Lima,Head Brand Store Stanley,Stanley 1913,Outdoor Drinkware & Coolers,Sports & Athletics,Head,adriana.lima@stanley1913.com,,http://www.linkedin.com/in/adriana-furlan-de-lima-4b1629106,new_enriched
Karen,Lamerick,Karen Lamerick,"VP, Marketing and Customer Experience",Cascade Designs,Outdoor Drinkware & Coolers,Sports & Athletics,VP,karen.lamerick@cascadedesigns.com,,http://www.linkedin.com/in/karenlamerick,new_enriched
Esther,Drebelbis,Esther Drebelbis,Brand Manager,Big Agnes Inc,Camping Gear,Travel & Hospitality,Manager,edrebelbis@bigagnes.com,,http://www.linkedin.com/in/estherdrebelbis,new_enriched
Amie,Gartrell,Amie Gartrell,Brand Manager,Johnson Outdoors,Alt Sneaker & Comfort Footwear,Fashion & Apparel,Manager,amie.gartrell@johnsonoutdoors.com,,http://www.linkedin.com/in/amie-gartrell-a6021911,new_enriched
Sarah,Bidro,Sarah Bidro,Senior Brand Manager,Johnson Outdoors,Alt Sneaker & Comfort Footwear,Fashion & Apparel,Manager,sarah.bidro@johnsonoutdoors.com,,http://www.linkedin.com/in/sarah-chirillo-bidro-b251894,new_enriched
Mark,Gibson,Mark Gibson,Senior Brand Manager,Johnson Outdoors,Alt Sneaker & Comfort Footwear,Fashion & Apparel,Manager,mark.gibson@johnsonoutdoors.com,,http://www.linkedin.com/in/mark-gibson-5aa2a8b,new_enriched
Jordan,Johnson,Jordan Johnson,Head of AR/VR Strategic Partnerships,Magic Leap,AR/VR & Spatial Computing,Tech & SaaS,Head,jjohnson@magicleap.com,,http://www.linkedin.com/in/jordan-johnson-73141619,new_enriched
Cyrus,Saihan,Cyrus Saihan,"Head of AR / VR Product Partnerships, EMEA",Meta,Tech Giants,Tech & SaaS,Head,cyrussaihan@meta.com,,http://www.linkedin.com/in/cyrussaihan,new_enriched
Alonso,Baptista,Alonso Baptista,Head of Reality Labs Developer Partnerships,Meta,Tech Giants,Tech & SaaS,Head,alonso.baptista@fb.com,,http://www.linkedin.com/in/alonsofernandezbaptista,new_enriched
Tomoya,Higashihama,Tomoya Higashihama,Head of Reality Labs Marketing APAC,Meta,Tech Giants,Tech & SaaS,Head,tomoyahigashihama@meta.com,,http://www.linkedin.com/in/tomoya-higashihama-b53950154,new_enriched
Michael,Tchao,Michael Tchao,VP Product Marketing,Apple Inc.,Tech Giants,Tech & SaaS,VP,tchao@apple.com,,http://www.linkedin.com/in/michael-tchao,new_enriched
Niels,Hilmar,Niels Hilmar,"Head of Product, 1P Developer Experience and Platform, Reality Labs (VR/AR)",Meta,Tech Giants,Tech & SaaS,Head,nielshilmar@meta.com,,http://www.linkedin.com/in/nielshilmar,new_enriched
Geoffrey,Sanders,Geoffrey Sanders,"Head of Digital Marketing, Reality Labs",Meta,Tech Giants,Tech & SaaS,Head,geoffreysanders@meta.com,,http://www.linkedin.com/in/geoffreysanders,new_enriched
Saket,Saurabh,Saket Saurabh,Director & Head - Content & AR Partnerships,Snap Inc.,Social Media Platforms,Media & Publishing,Head,saurabh@snap.com,,http://www.linkedin.com/in/saketjhasaurabh,new_enriched
Andrew,Garney,Andrew Garney,"Head of Customer Growth, Reality Labs, Americas",Meta,Tech Giants,Tech & SaaS,Head,andrewgarney@meta.com,,http://www.linkedin.com/in/andrewgarney,new_enriched
Michael,Rutkowski,Michael Rutkowski,Marketing Consultant and Fractional CMO,Newsela,EdTech K-12,Tech & SaaS,C-Suite,michael.rutkowski@newsela.com,,http://www.linkedin.com/in/michaelaxerutkowski,new_enriched
Lily,Li,Lily Li,Head of Growth,Epic for Kids,EdTech K-12,Tech & SaaS,Head,lily@getepic.com,,http://www.linkedin.com/in/lily-li-93a433382,new_enriched
Sari,Turner,Sari Turner,Vice President Marketing,BrainPOP,EdTech K-12,Tech & SaaS,C-Suite,sari.turner@brainpop.com,,http://www.linkedin.com/in/sariturner,new_enriched
Jessica,Lee,Jessica Lee,VP of Marketing,IXL Learning,EdTech K-12,Tech & SaaS,VP,jlee@ixl.com,,http://www.linkedin.com/in/jessicaxlee,new_enriched
Andrea,Thompson,Andrea Thompson,"Senior Director, District Customer Success",BrainPOP,EdTech K-12,Tech & SaaS,Director,andrea.thompson@brainpop.com,,http://www.linkedin.com/in/andreathomp,new_enriched
Brian,Treiser,Brian Treiser,Regional Head of Growth & Success - South & International,BrainPOP,EdTech K-12,Tech & SaaS,Head,brian.treiser@brainpop.com,,http://www.linkedin.com/in/briantreiser,new_enriched
Ryan,Leclaire,Ryan Leclaire,Head of District Partnerships,Prodigy Education,EdTech K-12,Tech & SaaS,Head,ryan.leclaire@prodigygame.com,,http://www.linkedin.com/in/ryanleclaire,new_enriched
Morgan,Altman,Morgan Altman,Brand Marketing Manager,Prodigy Education,EdTech K-12,Tech & SaaS,Manager,morgan.altman@prodigygame.com,,http://www.linkedin.com/in/morgan-altman,new_enriched
Medina,Petrut,Medina Petrut,Social & Brand Marketing Manager,Seesaw Learning,EdTech K-12,Tech & SaaS,Manager,medina@seesaw.me,,http://www.linkedin.com/in/medinakandzic,new_enriched
Mithun,Jhawar,Mithun Jhawar,Director - Marketing,SplashLearn,EdTech K-12,Tech & SaaS,Director,mithun.jhawar@splashlearn.com,,http://www.linkedin.com/in/mithunjhawar,new_enriched
Christopher,Stadler,Christopher Stadler,Chief Marketing Officer,Factor_,Meal Kit Delivery,Food & Beverage,C-Suite,christopher.stadler@factor75.com,,http://www.linkedin.com/in/christopherstadler,new_enriched
Alessandra,Sales,Alessandra Sales,Chief Marketing Officer,Trifecta,Premium Meal Delivery,Food & Beverage,C-Suite,alessandra.sales@trifectanutrition.com,,http://www.linkedin.com/in/alessandra-sales-254965258,new_enriched
Samantha,Manheimer,Samantha Manheimer,"VP, Marketing",Sakara Life,Premium Meal Delivery,Food & Beverage,VP,samantha@sakaralife.com,,http://www.linkedin.com/in/samantha-manheimer,new_enriched
Alexandra,Ecenia,Alexandra Ecenia,VP of Marketing,Snap Kitchen,Premium Meal Delivery,Food & Beverage,VP,alex_ecenia@snapkitchen.com,,http://www.linkedin.com/in/aecenia,new_enriched
Mike,Bibbey,Mike Bibbey,"Vice President, Marketing & Revenue",Purple Carrot,Mattress & Bedding,Retail & Home,C-Suite,mbibbey@thepurplecarrot.com,,http://www.linkedin.com/in/mikebibbey,new_enriched
Amanda,Weaver,Amanda Weaver,Head of Healthcare Partnerships,Factor_,Meal Kit Delivery,Food & Beverage,Head,amanda.weaver@factor75.com,,http://www.linkedin.com/in/amanda-weaver-73415a17,new_enriched
Nisha,Desai,Nisha Desai,Head of Business Development and Growth,Territory Foods,Premium Meal Delivery,Food & Beverage,Head,nisha@territoryfoods.com,,http://www.linkedin.com/in/nisha-j-desai,new_enriched
Michelle,Alves,Michelle Alves,Head of Sales and Strategic Partnerships,"Trifecta, Inc.",Premium Meal Delivery,Food & Beverage,Head,michelle.alves@trifectanutrition.com,,http://www.linkedin.com/in/michelle-alves-b8576916,new_enriched
Isabel,Hermelin,Isabel Hermelin,"Senior Marketing Manager, Influencer and Brand Partnerships",Sakara Life,Premium Meal Delivery,Food & Beverage,Manager,isabel.hermelin@sakaralife.com,,http://www.linkedin.com/in/isabel-hermelin-839699173,new_enriched
Larissa,Buergelin,Larissa Buergelin,Growth Marketing Manager,Factor_,Meal Kit Delivery,Food & Beverage,Manager,larissa.buergelin@hellofresh.de,,http://www.linkedin.com/in/larissa-b%c3%bcrgelin,new_enriched
Deena,Bahri,Deena Bahri,Chief Marketing Officer,Nutrafol,DTC Supplements,Health & Wellness,C-Suite,deena@nutrafol.com,,http://www.linkedin.com/in/deenabahri,new_enriched
Anisha,Raghavan,Anisha Raghavan,Chief Marketing Officer,Seed Health,DTC Telehealth & Wellness,Health & Wellness,C-Suite,anisha@seed.com,,http://www.linkedin.com/in/anisharaghavan,new_enriched
Paulie,Dery,Paulie Dery,Chief Marketing Officer at AG1,AG1,Wellness/Mental Health,Health & Wellness,C-Suite,paulie.dery@drinkag1.com,,http://www.linkedin.com/in/pauliedery,new_enriched
Ben,Acott,Ben Acott,Chief Marketing Officer & Interim Chief Executive Officer,ONNIT,DTC Supplements,Health & Wellness,C-Suite,ben.acott@onnit.com,,http://www.linkedin.com/in/benacott,new_enriched
Derek,Steiner,Derek Steiner,Head of Brand,Momentous,DTC Supplements,Health & Wellness,Head,derek@livemomentous.com,,http://www.linkedin.com/in/dereksteiner1,new_enriched
Kate,Chartrand,Kate Chartrand,Head of Brand Communications,AG1,Wellness/Mental Health,Health & Wellness,Head,kate.chartrand@athleticgreens.com,,http://www.linkedin.com/in/kate-chartrand-8389185,new_enriched
Gillian,Zale,Gillian Zale,Brand Manager,Ritual,Other Enterprise,Other,Manager,gillian@ritual.com,,http://www.linkedin.com/in/gillian-z-9b7bab69,new_enriched
Blake,Avila,Blake Avila,Head of Influencer + Partnerships,Seed Health,DTC Telehealth & Wellness,Health & Wellness,Head,blake@seed.com,,http://www.linkedin.com/in/blake-avila-2b0277a9,new_enriched
Ngozi,Musa,Ngozi Musa,"Senior Manager, Brand Partnerships",AG1,Wellness/Mental Health,Health & Wellness,Manager,ngozi.musa@drinkag1.com,,http://www.linkedin.com/in/ngozimusa,new_enriched
Savannah,Miller,Savannah Miller,Senior Brand Manager - Sponsorships,Nutrafol,DTC Supplements,Health & Wellness,Manager,savannah.miller@nutrafol.com,,http://www.linkedin.com/in/savannahkmiller,new_enriched
Carla,Rummo,Carla Rummo,,,Other Enterprise,Other,Other,carla.rummo@serenaandlily.com,,http://www.linkedin.com/in/carla-rummo-4a52781,new_enriched
Leanne,Mascoll,Leanne Mascoll,Head of Brand Marketing,Anthropologie Europe,DTC Apparel Mall Brands,Fashion & Apparel,Head,lmascoll@anthropologie.com,,http://www.linkedin.com/in/leanne-mascoll-8430a43b,new_enriched
Christine,Parish,Christine Parish,VP Marketing,"Restoration Hardware, Inc.",Home Furnishings & Interior Retail,Retail & Home,VP,christine.parish@rh.com,,http://www.linkedin.com/in/christine-parish-07b0b02,new_enriched
Dianna,Dalton,Dianna Dalton,Senior District Brand Manager,Urban Outfitters,DTC Apparel Mall Brands,Fashion & Apparel,Manager,ddalton@urbanoutfitters.com,,http://www.linkedin.com/in/dianna-dalton-5426b823,new_enriched
Jeffrey,Liew,Jeffrey Liew,Head of Host Growth,Poshmark,Resale Marketplaces,Retail & Home,Head,jeffreyl@poshmark.com,,http://www.linkedin.com/in/jeffrey-liew1,new_enriched
Katie,Brooke-Barnett,Katie Brooke-Barnett,Head of Digital Marketing,Anthropologie Europe,DTC Apparel Mall Brands,Fashion & Apparel,Head,kbrooke-barnett@anthropologie.com,,http://www.linkedin.com/in/katie-brooke-barnett-40846b120,new_enriched
Nora,Disanto,Nora Disanto,Senior Brand Marketing Manager,CB2,Home Furnishings & Interior Retail,Retail & Home,Manager,ndisanto@cb2.com,,http://www.linkedin.com/in/nora-disanto-527891a9,new_enriched
Sophia,Hoddinott,Sophia Hoddinott,Senior Brand Marketing Manager,Anthropologie Europe,DTC Apparel Mall Brands,Fashion & Apparel,Manager,shoddinott@anthropologie.com,,http://www.linkedin.com/in/sophia-hoddinott-50384059,new_enriched
Tara,Lyons,Tara Lyons,"Director, Growth Marketing & Analytics",Serena & Lily,Home Decor & Interiors,Retail & Home,Director,tara.lyons@serenaandlily.com,,http://www.linkedin.com/in/tara-lyons-51905459,new_enriched
Brigitte,Boyer,Brigitte Boyer,Brand Creative,Chairish,Home Decor & Interiors,Retail & Home,Other,brigitte@chairish.com,,http://www.linkedin.com/in/brigittemonet,new_enriched
Chanelle,Kalfas,Chanelle Kalfas,"Vice President, Brand Marketing and Strategy",The New York Times,Major News Publishers,Media & Publishing,C-Suite,kalfas@nytimes.com,,http://www.linkedin.com/in/chanelle-kalfas-7b170414,new_enriched
Andy,Sonnenberg,Andy Sonnenberg,"VP, Brand Partnerships",Business Insider,Publisher Brand Studios,Media & Publishing,VP,asonnenberg@businessinsider.com,,http://www.linkedin.com/in/andy-sonnenberg,new_enriched
Tusar,Barik,Tusar Barik,Senior Vice President Marketing,The New York Times,Major News Publishers,Media & Publishing,C-Suite,tusar.barik@nytimes.com,,http://www.linkedin.com/in/tusarb,new_enriched
Alana,Ross,Alana Ross,"VP, Commercial Brand Marketing",The Atlantic,Major News Publishers,Media & Publishing,VP,aross@theatlantic.com,,http://www.linkedin.com/in/alanasegars,new_enriched
John,Phillips,John Phillips,"Executive Editor & Head of Bloomberg Media Studios, APAC",Bloomberg LP,Major News Publishers,Media & Publishing,Head,jphillips199@bloomberg.net,,http://www.linkedin.com/in/johnjphillipsiv,new_enriched
Chardia,Christophe,Chardia Christophe,Global Head of Audience Strategy | TIME Events,TIME,Other Enterprise,Other,Head,chardia.christophe@time.com,,http://www.linkedin.com/in/chardiacg,new_enriched
Kristine,Durr,Kristine Durr,Global Head of Media Trade Marketing and Events,Bloomberg,Major News Publishers,Media & Publishing,Head,kdurr1@bloomberg.net,,http://www.linkedin.com/in/kristine-durr-b39a3b9,new_enriched
Megan,Gilbert,Megan Gilbert,"Vice President, Fortune Brand Studio",Fortune,Other Enterprise,Other,C-Suite,megan.gilbert@fortune.com,,http://www.linkedin.com/in/megan-gilbert-nyc,new_enriched
Kylie,Viscomi,Kylie Viscomi,Vice President of Strategic Marketing,Newsweek,Publisher Brand Studios,Media & Publishing,C-Suite,k.mccoy@newsweek.com,,http://www.linkedin.com/in/kyliemccoy,new_enriched
Tyler,Watson,Tyler Watson,"Executive Vice President, Marketing",The Atlantic,Major News Publishers,Media & Publishing,C-Suite,twatson@theatlantic.com,,http://www.linkedin.com/in/tyler-watson-a069601b,new_enriched
O'Neal,Rowe,O'Neal Rowe,Chief Marketing Officer,Mixbook,Photo Services & Print,Tech & SaaS,C-Suite,oneal@mixbook.com,,http://www.linkedin.com/in/onealrowe,new_enriched
Erin,Condon,Erin Condon,"SVP, Chief Marketing Officer, CVS Pharmacy",CVS Health,Healthcare & Insurance Payers,Finance & Fintech,C-Suite,erin.condon@cvshealth.com,,http://www.linkedin.com/in/erin-condon-8343206,new_enriched
Jim,Hathaway,Jim Hathaway,"VP, Marketing",Shutterfly,Photo Services & Print,Tech & SaaS,VP,jim.hathaway@shutterfly.com,,http://www.linkedin.com/in/jimhathaway,new_enriched
Isabel,Buntain,Isabel Buntain,Vice President Marketing,Framebridge,Photo Services & Print,Tech & SaaS,C-Suite,isabel.buntain@framebridge.com,,http://www.linkedin.com/in/isabel-buntain-981623102,new_enriched
Callie,Worthington,Callie Worthington,"Head of Brand, Creative and Communications",Shutterfly,Photo Services & Print,Tech & SaaS,Head,callie.worthington@shutterfly.com,,http://www.linkedin.com/in/callie-canfield-worthington-a530706,new_enriched
Melissa,Kowalke,Melissa Kowalke,SVP of Marketing,Artifact Uprising®,Photo Services & Print,Tech & SaaS,VP,melissa.kowalke@artifactuprising.com,,http://www.linkedin.com/in/melissakiyokokowalke,new_enriched
Elizabeth,Brewer,Elizabeth Brewer,"VP Marketing CRM, Personalization",Shutterfly,Photo Services & Print,Tech & SaaS,VP,elizabeth.b@shutterfly.com,,http://www.linkedin.com/in/raunerbrewer,new_enriched
Ashley,Knezevich,Ashley Knezevich,Head of Employer Brand & Recruitment Marketing,Walgreens,Healthcare & Insurance Payers,Finance & Fintech,Head,ashley.knezevich@walgreens.com,,http://www.linkedin.com/in/ashleyknezevich,new_enriched
Kelley,O'Brion,Kelley O'Brion,"Executive Director, Chief of Staff to CVS Pharmacy CMO",CVS Health,Healthcare & Insurance Payers,Finance & Fintech,C-Suite,kelley.o'brion@cvshealth.com,,http://www.linkedin.com/in/kelley-o-brion-426472b,new_enriched
Chakita,Williams,Chakita Williams,Head of Business Development and Partnerships,CVS Health,Healthcare & Insurance Payers,Finance & Fintech,Head,chakita.williams@cvshealth.com,,http://www.linkedin.com/in/dr-chakita-williams-heor,new_enriched
Marcelo,Kertesz,Marcelo Kertesz,Chief Marketing Officer,MANSCAPED,Athletic Recovery,Health & Wellness,C-Suite,marcelo@manscaped.com,,http://www.linkedin.com/in/marcelo-kertesz-9a1b4a,new_enriched
Andrew,Stadler,Andrew Stadler,Chief Marketing Officer,Recovery.com,Athletic Recovery,Health & Wellness,C-Suite,andrew@recovery.com,,http://www.linkedin.com/in/andrewdestadler,new_enriched
Steph,Smith,Steph Smith,VP of Marketing,Hyperice,Athletic Recovery,Health & Wellness,VP,ssmith@hyperice.com,,http://www.linkedin.com/in/steph-smith-292738116,new_enriched
Brian,Thibault,Brian Thibault,VP of Marketing,MANSCAPED,Athletic Recovery,Health & Wellness,VP,brian.thibault@manscaped.com,,http://www.linkedin.com/in/brianthibault,new_enriched
Zach,Nichelman,Zach Nichelman,Brand Design Manager,Hyperice,Athletic Recovery,Health & Wellness,Manager,znichelman@hyperice.com,,http://www.linkedin.com/in/zachnichelman,new_enriched
Brittany,Kelley,Brittany Kelley,Senior Program Manager Creative Content and Brand,MANSCAPED,Athletic Recovery,Health & Wellness,Manager,brittany.kelley@manscaped.com,,http://www.linkedin.com/in/brittany-kelley-6b433310,new_enriched
Ray,Sawvell,Ray Sawvell,Director of Performance Marketing,Recovery.com,Athletic Recovery,Health & Wellness,Director,ray.sawvell@recovery.com,,http://www.linkedin.com/in/raysawvell,new_enriched
Lucas,Coyle,Lucas Coyle,"Director, Brand & Omnichannel Marketing",MANSCAPED,Athletic Recovery,Health & Wellness,Director,lucas@manscaped.com,,http://www.linkedin.com/in/lucas-coyle,new_enriched
Jason,Shi,Jason Shi,"Director of Marketing, China","Hyperice, Inc.",Athletic Recovery,Health & Wellness,Director,jshi@hyperice.com,,http://www.linkedin.com/in/jason-shi-5a617823,new_enriched
Lindsay,Jesseau,Lindsay Jesseau,"VP, Digital and Experiential Marketing + Engagement",Sun Bum,SPF & Sun Care,Beauty & Personal Care,VP,lindsayj@sunbum.com,,http://www.linkedin.com/in/lindsay-jesseau-06801518,new_enriched
Alice,Hedlund,Alice Hedlund,Head of Brand & Marketing,Aarke,Water & Hydration,Food & Beverage,Head,alice@aarke.com,,http://www.linkedin.com/in/alice-hedlund-a158837b,new_enriched
Masha,Romanova,Masha Romanova,Brand Manager,Aquasana,Project Management SaaS,Tech & SaaS,Manager,maria.romanova@aquasana.com,,http://www.linkedin.com/in/mromanova,new_enriched
Riley,Ward,Riley Ward,Sr. Brand Manager,LifeStraw,Water & Hydration,Food & Beverage,Manager,riley.ward@kustom.us,,http://www.linkedin.com/in/rileyautumnward,new_enriched
Ohad,Dayan,Ohad Dayan,Global Sustainability Brand Manager,"SodaStream International, Ltd.",Water & Hydration,Food & Beverage,Manager,ohadd@sodastream.com,,http://www.linkedin.com/in/ohad-dayan-241921a2,new_enriched
Maria,Starling,Maria Starling,Head of Marketing & Excellence Brazil and Latam,Culligan Brasil,Water & Hydration,Food & Beverage,Head,maria.starling@culligan.com,,http://www.linkedin.com/in/maria-eduarda-starling,new_enriched
Marion,Kervarrec,Marion Kervarrec,Brand Marketing Manager,"SodaStream International, Ltd.",Water & Hydration,Food & Beverage,Manager,marion.kervarrec@sodastream.com,,http://www.linkedin.com/in/marion-kervarrec-07519074,new_enriched
Amanda,Zanders,Amanda Zanders,Head of Digital Marketing,Aarke,Water & Hydration,Food & Beverage,Head,amanda@aarke.com,,http://www.linkedin.com/in/amanda-zanders-5a631571,new_enriched
Asa,Hjortstrand,Asa Hjortstrand,Project Manager Brand,Aarke,Water & Hydration,Food & Beverage,Manager,asa@aarke.com,,http://www.linkedin.com/in/asa-hjortstrand,new_enriched
Yvonne,Young,Yvonne Young,Director of Marketing,LARQ,Water & Hydration,Food & Beverage,Director,yvonne@livelarq.com,,http://www.linkedin.com/in/yvonne-young-h-66136427,new_enriched
Nikolina,Gegic,Nikolina Gegic,Lifecycle Marketing,LARQ,Water & Hydration,Food & Beverage,Other,nikolina.gegic@livelarq.com,,http://www.linkedin.com/in/nikolina-gegic,new_enriched
Lauren,Weinberg,Lauren Weinberg,Chief Marketing Officer,Supergoop!,SPF & Sun Care,Beauty & Personal Care,C-Suite,lauren.weinberg@supergoop.com,,http://www.linkedin.com/in/laurenweinberg13,new_enriched
Evan,Slater,Evan Slater,Chief Marketing Officer,Sun Bum,SPF & Sun Care,Beauty & Personal Care,C-Suite,evans@sunbum.com,,http://www.linkedin.com/in/evan-slater-42135a345,new_enriched
Abby,Tellam,Abby Tellam,Chief Marketing Officer,SALT & STONE,SPF & Sun Care,Beauty & Personal Care,C-Suite,abby@saltandstone.com,,http://www.linkedin.com/in/abby-tonkin1,new_enriched
Lauren,Grazier,Lauren Grazier,Chief Marketing Officer,COOLA,Other Enterprise,Other,C-Suite,lauren.grazier@coola.com,,http://www.linkedin.com/in/laurengrazier,new_enriched
Devynn,Turk,Devynn Turk,"Vice President, Marketing",SALT & STONE,SPF & Sun Care,Beauty & Personal Care,C-Suite,devynn.turk@saltandstone.com,,http://www.linkedin.com/in/devynn-turk-36765b6b,new_enriched
Kate,Festa,Kate Festa,"VP, Retail Marketing & Account Management",Supergoop!,SPF & Sun Care,Beauty & Personal Care,VP,kate.festa@supergoop.com,,http://www.linkedin.com/in/kate-festa-57683150,new_enriched
Anna,Maldonado,Anna Maldonado,Influencer Marketing Manager,Supergoop!,SPF & Sun Care,Beauty & Personal Care,Manager,anna.maldonado@supergoop.com,,http://www.linkedin.com/in/annacmaldonado,new_enriched
Natalia,Montero,Natalia Montero,"Manager, Growth Marketing",Supergoop!,SPF & Sun Care,Beauty & Personal Care,Manager,natalia.montero@supergoop.com,,http://www.linkedin.com/in/nataliarosemontero,new_enriched
Amy,Lathrop,Amy Lathrop,Brand & Product Development Manager,"Australian Gold, LLC",SPF & Sun Care,Beauty & Personal Care,Manager,alathrop@australiangold.com,,http://www.linkedin.com/in/amy-lathrop-al5011,new_enriched
Amaia,Echinard,Amaia Echinard,Brand Manager Europe,Sun Bum,SPF & Sun Care,Beauty & Personal Care,Manager,amaia.elissalde@sunbum.com,,http://www.linkedin.com/in/amaia-elissalde-echinard-63725832,new_enriched
Christopher,Scinto,Christopher Scinto,Chief Marketing Officer,Le Creuset,Premium Cookware & Knives,Retail & Home,C-Suite,christopher.scinto@lecreuset.com,,http://www.linkedin.com/in/christopherscinto,new_enriched
Joanna,Rosenberg,Joanna Rosenberg,Chief Sales Marketing Officer,ZWILLING J.A. Henckels LLC,Premium Cookware & Knives,Retail & Home,C-Suite,jrosenberg@zwillingus.com,,http://www.linkedin.com/in/joanna-rosenberg-37037a8,new_enriched
Tiarra,Joseph,Tiarra Joseph,Brand Manager,ZWILLING J.A. Henckels LLC,Premium Cookware & Knives,Retail & Home,Manager,tjoseph@zwillingus.com,,http://www.linkedin.com/in/tiarra-joseph-10b132b3,new_enriched
Emily,Bone,Emily Bone,"VP of Acquisition, Growth Marketing",Our Place,Premium Cookware & Knives,Retail & Home,VP,emily.verone@fromourplace.com,,http://www.linkedin.com/in/emily-bone-32512017,new_enriched
Julia,Pontes,Julia Pontes,Senior Brand & Integrated Marketing Manager,Caraway Home,Premium Cookware & Knives,Retail & Home,Manager,julia@carawayhome.com,,http://www.linkedin.com/in/julia-pontes-portfolio,new_enriched
Chloe,Watts,Chloe Watts,Growth Marketing Manager,Caraway Home,Premium Cookware & Knives,Retail & Home,Manager,chloe.watts@carawayhome.com,,http://www.linkedin.com/in/chloemwatts,new_enriched
Diana,Drewes,Diana Drewes,Staub Senior Brand & Product Manager,ZWILLING J.A. Henckels LLC,Premium Cookware & Knives,Retail & Home,Manager,ddrewes@zwillingus.com,,http://www.linkedin.com/in/diana-drewes,new_enriched
Rosie,Jang,Rosie Jang,Creator Acquisition Marketing Manager,Our Place,Premium Cookware & Knives,Retail & Home,Manager,rosie@fromourplace.com,,http://www.linkedin.com/in/rosiejang,new_enriched
Armelle,Nguyen,Armelle Nguyen,Marketing Director France - Benelux,Le Creuset,Premium Cookware & Knives,Retail & Home,Director,armelle.nguyen@lecreuset.com,,http://www.linkedin.com/in/armellenguyen,new_enriched
Joanna,Henderson,Joanna Henderson,UK&I Marketing Director,Le Creuset,Premium Cookware & Knives,Retail & Home,Director,joanna.henderson@lecreuset.com,,http://www.linkedin.com/in/joanna-henderson,new_enriched
Jim,Carlton,Jim Carlton,Chief Marketing Officer,Regus,Coworking Space,Tech & SaaS,C-Suite,carlton.jim@regus.com,,http://www.linkedin.com/in/jim-carlton-9b35a6196,new_enriched
Petula,Lucey,Petula Lucey,Chief Marketing & Communications Officer,WeWork,Coworking Space,Tech & SaaS,C-Suite,petula.lucey@wework.com,,http://www.linkedin.com/in/petulalucey,new_enriched
Christian,Bareuther,Christian Bareuther,Head of Brand & Global Engagement,WeWork,Coworking Space,Tech & SaaS,Head,christian.bareuther@wework.co.jp,,http://www.linkedin.com/in/christianbareuther,new_enriched
Evan,Fain,Evan Fain,"GM, Experience Services + Head of Strategic Partnerships",Industrious,Other Enterprise,Other,Head,evan@industriousoffice.com,,http://www.linkedin.com/in/evan-fain-a6310711,new_enriched
Lauren,Funk,Lauren Funk,VP of Global Marketing,Industrious,Other Enterprise,Other,VP,lauren.funk@industriousoffice.com,,http://www.linkedin.com/in/laurenlicatafunk,new_enriched
Edouard,Platteau,Edouard Platteau,Head of Marketing Continental Europe & Global Partnership,WeWork,Coworking Space,Tech & SaaS,Head,edouard.platteau@wework.com,,http://www.linkedin.com/in/edouard-platteau-952545a2,new_enriched
Natasha,Patel,Natasha Patel,VP of Enterprise Marketing,International Workplace Group plc,Coworking Space,Tech & SaaS,VP,natasha.patel@iwgplc.com,,http://www.linkedin.com/in/natasha-patel-shukla,new_enriched
Fatima,Koning,Fatima Koning,Group Chief Commercial Officer at IWG plc | Marketing | Sales | Operations | Customer Experience,IWG plc,Coworking Space,Tech & SaaS,C-Suite,fatima.koning@iwgplc.com,,http://www.linkedin.com/in/fatimakoning,new_enriched
Jon,Park,Jon Park,VP Product and Marketing,Servcorp,Coworking Space,Tech & SaaS,VP,jon.park@servcorp.com.au,,http://www.linkedin.com/in/parkjon,new_enriched
Nick,Giraudeau,Nick Giraudeau,Head of International Broker Partnerships & Global Head Financial Services Sales,WeWork,Coworking Space,Tech & SaaS,Head,nick.giraudeau@wework.com,,http://www.linkedin.com/in/nick-giraudeau-8a43992,new_enriched
Daniel,Lysaught,Daniel Lysaught,Chief Marketing Officer,LegalZoom,Legal Tech,Tech & SaaS,C-Suite,dlysaught@legalzoom.com,,http://www.linkedin.com/in/daniel-lysaught-ab025a16,new_enriched
Reagan,Attle,Reagan Attle,CMO,Clio,Other Enterprise,Other,C-Suite,reagan.attle@clio.com,,http://www.linkedin.com/in/reaganattle,new_enriched
Joshua,Schnoll,Joshua Schnoll,Chief Marketing Officer,Everlaw,Legal Tech,Tech & SaaS,C-Suite,joshua.schnoll@everlaw.com,,http://www.linkedin.com/in/joshuaschnoll,new_enriched
Nagham,Helmy,Nagham Helmy,Head of Brand and Integrated Marketing,Stealth Startup,Other Enterprise,Other,Head,nhelmy@rocketlawyer.com,,http://www.linkedin.com/in/naghamhelmy,new_enriched
Vivian,O'Brien,Vivian O'Brien,Head of Marketing,Clio,Other Enterprise,Other,Head,vivian.obrien@clio.com,,http://www.linkedin.com/in/vivian-o-brien-658b6559,new_enriched
Ashley,Kemper,Ashley Kemper,SVP of Marketing,PandaDoc,Legal Tech,Tech & SaaS,VP,ashley.kemper@pandadoc.com,,http://www.linkedin.com/in/ashleykemper,new_enriched
Morgan,H,Morgan H,Senior Brand Manager,Ironclad,Legal Tech,Tech & SaaS,Manager,morgan.hayden@ironcladhq.com,,http://www.linkedin.com/in/morgan-h-92a87726,new_enriched
Laurel,Hodge,Laurel Hodge,"VP, Corporate Marketing",Ironclad,Legal Tech,Tech & SaaS,VP,laurel.hodge@ironcladhq.com,,http://www.linkedin.com/in/laurelhodge,new_enriched
Jamie,Bothwell,Jamie Bothwell,VP Lifecycle Marketing,DocuSign,Legal Tech,Tech & SaaS,VP,jamie.bothwell@docusign.com,,http://www.linkedin.com/in/jamiebothwell,new_enriched
Hana,Mandapat,Hana Mandapat,Head of Partner Marketing,Ironclad,Legal Tech,Tech & SaaS,Head,hana.mandapat@ironcladhq.com,,http://www.linkedin.com/in/hana-mandapat,new_enriched
Ron,Barhai,Ron Barhai,"Head of Brand Marketing, Strategic Partnerships & Promotions, Vitacost.com",Kroger,Grocery & Supermarket Chains,Retail & Home,Head,ron.barhai@kroger.com,,http://www.linkedin.com/in/ron-barhai,new_enriched
Stephanie,Ferragut,Stephanie Ferragut,Head of Brand & Experiences,Whole Foods Market,Grocery & Supermarket Chains,Retail & Home,Head,stephanie.ferragut@wholefoods.com,,http://www.linkedin.com/in/stephanie-chen-ferragut-87814610,new_enriched
Ken,Nuss,Ken Nuss,Vice President of Marketing,kroger,Grocery & Supermarket Chains,Retail & Home,C-Suite,ken.nuss@kroger.com,,http://www.linkedin.com/in/ken-nuss-a5524622,new_enriched
Tara,Miller,Tara Miller,Vice President of Marketing,Trader Joe's,Grocery & Supermarket Chains,Retail & Home,C-Suite,tmiller@traderjoes.com,,http://www.linkedin.com/in/tara-miller-8b056324,new_enriched
Izzie,Peskett,Izzie Peskett,Head of Marketing,Whole Foods Market,Grocery & Supermarket Chains,Retail & Home,Head,izzie.peskett@wholefoods.com,,http://www.linkedin.com/in/izziepeskett,new_enriched
Redd,Pendarvis,Redd Pendarvis,Head of Marketing,Publix Super Markets,Grocery & Supermarket Chains,Retail & Home,Head,rpendarvis@publixsupermarket.com,,http://www.linkedin.com/in/redd-pendarvis-688665216,new_enriched
Amy,Prieto,Amy Prieto,Head of Marketing,HEB,Other Enterprise,Other,Head,prieto.amy@heb.com,,http://www.linkedin.com/in/amy-prieto-98a990115,new_enriched
Rachel,Folsom,Rachel Folsom,Brand Manager,Sprouts Farmers Market,Grocery & Supermarket Chains,Retail & Home,Manager,rachelfolsom@sprouts.com,,http://www.linkedin.com/in/rachel-folsom-bb6452b2,new_enriched
Anon,Salsbury,Anon Salsbury,Head of Marketing,Kroger,Grocery & Supermarket Chains,Retail & Home,Head,anon.salsbury@kroger.com,,http://www.linkedin.com/in/anon-salsbury-06600a1a5,new_enriched
Lizzie,Keister,Lizzie Keister,Brand Manager,Kroger,Grocery & Supermarket Chains,Retail & Home,Manager,lizzie.keister@kroger.com,,http://www.linkedin.com/in/lizzie-keister-185bb849,new_enriched
Amy,Marentic,Amy Marentic,"Chief Marketing Officer, Genesis Motor America",Genesis Motor America,International EV Brands,Auto & Mobility,C-Suite,amarentic@gma.com,,http://www.linkedin.com/in/amy-marentic-8247555,new_enriched
Maegan,S,Maegan S,Head of Brand Experience,Lucid Motors,International EV Brands,Auto & Mobility,Head,maeganmoguel@lucidmotors.com,,http://www.linkedin.com/in/maeganmoguelsmith,new_enriched
Amondo,Redmond,Amondo Redmond,Head of Marketing,Lucid Motors,International EV Brands,Auto & Mobility,Head,amondoredmond@lucidmotors.com,,http://www.linkedin.com/in/amondo,new_enriched
Joachim,Hummel-Gryholm,Joachim Hummel-Gryholm,Head of Marketing,XPENG,International EV Brands,Auto & Mobility,Head,joachim.gryholm@xiaopeng.com,,http://www.linkedin.com/in/joachim-vishart-hummel-gryholm,new_enriched
Akerho,Oghoghomeh,Akerho Oghoghomeh,Senior Vice President Marketing,Lucid Motors,International EV Brands,Auto & Mobility,C-Suite,akerhooghoghomeh@lucidmotors.com,,http://www.linkedin.com/in/akoghoghomeh,new_enriched
Nathan,Barbour,Nathan Barbour,Global Head of Brand + Creative,Lucid Motors,International EV Brands,Auto & Mobility,Head,nathanbarbour@lucidmotors.com,,http://www.linkedin.com/in/nathanbarbour,new_enriched
Mark,Griffiths,Mark Griffiths,Head of Marketing & PR,Genesis,Other Enterprise,Other,Head,mgriffiths@genesis.com,,http://www.linkedin.com/in/mark-griffiths-8164443b,new_enriched
Jennifer,Latz,Jennifer Latz,Head of Global Brand Marketing,Lucid Motors,International EV Brands,Auto & Mobility,Head,jenniferlatz@lucidmotors.com,,http://www.linkedin.com/in/jenniferlatz,new_enriched
Jorne,Korzelius,Jorne Korzelius,"Interim Head of Brand, Communications & Digital • Europe",Lucid Motors,International EV Brands,Auto & Mobility,Head,jornekorzelius@lucidmotors.com,,http://www.linkedin.com/in/jornekorzelius,new_enriched
Donna,Baida,Donna Baida,CMO I Gm,Formula 1,Sports Leagues (Global),Sports & Athletics,C-Suite,dbirkettbaida@f1.com,,http://www.linkedin.com/in/donna-birkett-baida,new_enriched
Susie,Dunbar,Susie Dunbar,Head of Partnerships,The Premier League,International Soccer Leagues & Federations,Sports & Athletics,Head,sdunbar@premierleague.com,,http://www.linkedin.com/in/susie-dunbar-b3977323,new_enriched
Jack,Peters,Jack Peters,Head of Brand,Formula 1,Sports Leagues (Global),Sports & Athletics,Head,jpeters@f1.com,,http://www.linkedin.com/in/jack-peters-9b8a8137,new_enriched
Stuart,Payling,Stuart Payling,Head of Brand,The Premier League,International Soccer Leagues & Federations,Sports & Athletics,Head,spayling@premierleague.com,,http://www.linkedin.com/in/stuartpayling,new_enriched
Francisco,Delgado,Francisco Delgado,Head of Partnerships Activations,LaLiga,International Soccer Leagues & Federations,Sports & Athletics,Head,fdelgado@laliga.es,,http://www.linkedin.com/in/fdlgd,new_enriched
Matt,Altman,Matt Altman,"SVP, Head of Marketing",WWE,Other Enterprise,Other,VP,matt.altman@wwecorp.com,,http://www.linkedin.com/in/matt-altman-949b724,new_enriched
Heather,Meyer,Heather Meyer,"Senior Vice President, Marketing",LIV Golf,Sports Leagues (Global),Sports & Athletics,C-Suite,heather.meyer@livgolf.com,,http://www.linkedin.com/in/heather-meyer-0909256,new_enriched
Daniel,Mourao,Daniel Mourao,VP of Marketing & Digital Media,Ultimate Fighting Championship,Sports Leagues (Global),Sports & Athletics,VP,dmourao@ufc.com,,http://www.linkedin.com/in/dmourao,new_enriched
Chad,Biggs,Chad Biggs,"EVP, Global Head of Partnerships",LIV Golf,Sports Leagues (Global),Sports & Athletics,VP,chad.biggs@livgolf.com,,http://www.linkedin.com/in/chad-biggs-a108b15,new_enriched
Alessandro,Gherardi,Alessandro Gherardi,"Head of Marketing & Commercial, North America",Lega Serie A,International Soccer Leagues & Federations,Sports & Athletics,Head,alessandro.gherardi@legaseriea.it,,http://www.linkedin.com/in/alessandro-gherardi-b732371a6,new_enriched
Maria,Klinkmann,Maria Klinkmann,Head of Brand & Marketing Strategy,Suunto,Fitness Wearables,Tech & SaaS,Head,maria.klinkmann@suunto.com,,http://www.linkedin.com/in/mariaklinkmann,new_enriched
Artur,Sargsyan,Artur Sargsyan,Brand Manager,Garmin,Fitness Wearables,Tech & SaaS,Manager,artur.sargsyan@garmin.com,,http://www.linkedin.com/in/artur-sargsyan22,new_enriched
Izabella,Angelova,Izabella Angelova,Head of Marketing EMEA,Amazfit,Fitness Wearables,Tech & SaaS,Head,izabella.angelova@zepp.com,,http://www.linkedin.com/in/izabella-angelova,new_enriched
Annabelle,Favart,Annabelle Favart,Head of Marketing - Withings Health Solutions,Withings,Fitness Wearables,Tech & SaaS,Head,annabelle.favart@withings.com,,http://www.linkedin.com/in/annabellefavart,new_enriched
Jeffrey,Stern,Jeffrey Stern,Head of Sports Marketing,Suunto,Fitness Wearables,Tech & SaaS,Head,jeffrey.stern@suunto.com,,http://www.linkedin.com/in/jeffastern,new_enriched
Ville,Uronen,Ville Uronen,"Head of Sports Partnerships & Advocacy, EU",Polar Electro Finland Oy,Fitness Wearables,Tech & SaaS,Head,ville.uronen@polar.com,,http://www.linkedin.com/in/ville-uronen-67596511,new_enriched
Scott,Shepley,Scott Shepley,Head of Global Marketing,Amazfit,Fitness Wearables,Tech & SaaS,Head,scott.shepley@zepp.com,,http://www.linkedin.com/in/scott-shepley,new_enriched
Darian,Allberry,Darian Allberry,Head of Product Marketing and Support,COROS Wearables,Fitness Wearables,Tech & SaaS,Head,darian-allberry@sandhills.com,,http://www.linkedin.com/in/dariankreyallberry,new_enriched
Juha,Villanen,Juha Villanen,"Head of B2B & Partnerships, Emerging Markets (EMEA)",Garmin,Fitness Wearables,Tech & SaaS,Head,juha.villanen@garmin.com,,http://www.linkedin.com/in/juhavillanen,new_enriched
Verena,Bartlog,Verena Bartlog,Head of Global Marketing Garmin Health,Garmin,Fitness Wearables,Tech & SaaS,Head,verena.bartlog@garmin.com,,http://www.linkedin.com/in/verena-bartlog-428268199,new_enriched
Sheila,Vashee,Sheila Vashee,Chief Marketing Officer,Figma,Design & Prototyping Tools,Tech & SaaS,C-Suite,svashee@figma.com,,http://www.linkedin.com/in/sheilavashee,new_enriched
Anna,Kohnen,Anna Kohnen,Head of Partnerships,Figma,Design & Prototyping Tools,Tech & SaaS,Head,akohnen@figma.com,,http://www.linkedin.com/in/annakohnen,new_enriched
Eugene,Choi,Eugene Choi,Head of Global Marketing,ProtoPie,Design & Prototyping Tools,Tech & SaaS,Head,eugene.c@protopie.io,,http://www.linkedin.com/in/eugechoi,new_enriched
Chris,Lindsay,Chris Lindsay,"Head of EMEA Marketing at Webflow | Enterprise Growth, Digital Experience & AI Transformation",Webflow,Design & Prototyping Tools,Tech & SaaS,Head,chris.lindsay@webflow.com,,http://www.linkedin.com/in/chris-lindsay-cmo,new_enriched
Bia,Cook,Bia Cook,Head of Field Marketing,Figma,Design & Prototyping Tools,Tech & SaaS,Head,bcook@figma.com,,http://www.linkedin.com/in/bia-bardin,new_enriched
Grace,Hayes,Grace Hayes,Head of Integrated Marketing,Webflow,Design & Prototyping Tools,Tech & SaaS,Head,grace.hayes@webflow.com,,http://www.linkedin.com/in/gracemadlinger,new_enriched
Emma,King,Emma King,Head of Product Partnerships,Figma,Design & Prototyping Tools,Tech & SaaS,Head,eking@figma.com,,http://www.linkedin.com/in/emma-king-2293934a,new_enriched
Nick,Blackmon,Nick Blackmon,"Manager, Brand Studio",Webflow,Design & Prototyping Tools,Tech & SaaS,Manager,nick.blackmon@webflow.com,,http://www.linkedin.com/in/nick-blackmon-442705a2,new_enriched
Reema,Batta,Reema Batta,VP Growth Marketing - PLG and Sales Assist,Figma,Design & Prototyping Tools,Tech & SaaS,VP,rbatta@figma.com,,http://www.linkedin.com/in/reema-batta,new_enriched
Brittany,Hoffman,Brittany Hoffman,Chief Marketing Officer,The Infatuation,Other Enterprise,Other,C-Suite,brittany.hoffman@theinfatuation.com,,http://www.linkedin.com/in/britthoffman,new_enriched
Rachel,Baumgarten,Rachel Baumgarten,"SVP, Marketing",Vox Media,Major News Publishers,Media & Publishing,VP,rachel.baumgarten@voxmedia.com,,http://www.linkedin.com/in/rachel-baumgarten-674934b4,new_enriched
Paul,Goodnight,Paul Goodnight,"Vice President, Marketing and Brand Planning",BuzzFeed,Major News Publishers,Media & Publishing,C-Suite,paul.goodnight@buzzfeed.com,,http://www.linkedin.com/in/paulgoodnight,new_enriched
Benjamin,Epstein,Benjamin Epstein,"Head of Industry, Podcast Partnerships",Vox Media,Major News Publishers,Media & Publishing,Head,ben.epstein@voxmedia.com,,http://www.linkedin.com/in/benjamin-epstein-37056929,new_enriched
Chetna,Thukral,Chetna Thukral,"VP, Lifecycle Marketing",Vox Media,Major News Publishers,Media & Publishing,VP,chetna.thukral@voxmedia.com,,http://www.linkedin.com/in/chetnathukral,new_enriched
Amelia,Olsen,Amelia Olsen,"Senior Manager, Brand Marketing",Vox Media,Major News Publishers,Media & Publishing,Manager,amelia.olsen@voxmedia.com,,http://www.linkedin.com/in/amelia-olsen,new_enriched
Steven,Devall,Steven Devall,"Vice President, Head of Talent Partnerships and Influencer Strategy",WJFF Radio Catskill,Other Enterprise,Other,C-Suite,steven.devall@voxmedia.com,,http://www.linkedin.com/in/stevendevall,new_enriched
Tara,Satnick,Tara Satnick,Brand Marketing Manager,The Infatuation,Other Enterprise,Other,Manager,tara.satnick@theinfatuation.com,,http://www.linkedin.com/in/tarasatnick,new_enriched
Rachel,Troyer,Rachel Troyer,Manager | Social Campaigns & Brand Partnerships,Refinery29,Other Enterprise,Other,Manager,rachel.troyer@refinery29.com,,http://www.linkedin.com/in/rachel-troyer,new_enriched
Owen,Smith,Owen Smith,"Head of Product Marketing, Independent Media",BuzzFeed,Major News Publishers,Media & Publishing,Head,owen.smith@buzzfeed.com,,http://www.linkedin.com/in/owenmsmith,new_enriched
Kai,Street,Kai Street,Head of Growth,Rent The Runway,Fashion Rental,Fashion & Apparel,Head,kstreet@renttherunway.com,,http://www.linkedin.com/in/kaistreet,new_enriched
Jen,Mastrud,Jen Mastrud,Head of Brand + Loyalty,Armoire,Fashion Rental,Fashion & Apparel,Head,jen.m@armoire.style,,http://www.linkedin.com/in/jenmastrud,new_enriched
Paige,Kane,Paige Kane,Sr. Brand Marketing Manager,Nuuly,Fashion Rental,Fashion & Apparel,Manager,pkane@nuuly.com,,http://www.linkedin.com/in/paigekane,new_enriched
Madeline,Greene,Madeline Greene,"Manager, Events and Brand Marketing",Rent The Runway,Fashion Rental,Fashion & Apparel,Manager,mgreene2@renttherunway.com,,http://www.linkedin.com/in/madeline-greene,new_enriched
Christine,Dickey,Christine Dickey,"Project Manager, Brand Operations",Rent The Runway,Fashion Rental,Fashion & Apparel,Manager,dc@renttherunway.com,,http://www.linkedin.com/in/christine-dickey-091a3274,new_enriched
Laura,Ayers,Laura Ayers,"Account Director, Marketer + Producer",Nuuly,Fashion Rental,Fashion & Apparel,Director,layers@urbn.com,,http://www.linkedin.com/in/laurayers,new_enriched
Lauren,Meehan,Lauren Meehan,Growth Marketing,Nuuly,Fashion Rental,Fashion & Apparel,Other,lmeehan@nuuly.com,,http://www.linkedin.com/in/laurenemeehan,new_enriched
Alexandra,Nelson,Alexandra Nelson,Chief Marketing Officer,Swann Auction Galleries,Alt Sneaker & Comfort Footwear,Fashion & Apparel,C-Suite,anelson@swanngalleries.com,,http://www.linkedin.com/in/alexandra-nelson-16200918,new_enriched
Amy,Wexler,Amy Wexler,Global Chief Marketing Officer,Phillips,Other Enterprise,Other,C-Suite,awexler@phillips.com,,http://www.linkedin.com/in/amy-wexler-a494725,new_enriched
Gurmej,Bahia,Gurmej Bahia,Global CMO,Bonhams,Auction Houses,Retail & Home,C-Suite,gurmej.bahia@bonhams.com,,http://www.linkedin.com/in/gurmej-bahia-719a622,new_enriched
Ani,Petrov,Ani Petrov,Vice President of Marketing and Data Analytics,Artsy,Auction Houses,Retail & Home,C-Suite,ani@artsymail.com,,http://www.linkedin.com/in/ani-petrov-51a33677,new_enriched
Bradford,Shellhammer,Bradford Shellhammer,Chief Marketing & Product Officer,1stDibs,Auction Houses,Retail & Home,C-Suite,bradford.shellhammer@1stdibs.com,,http://www.linkedin.com/in/bradfordshellhammer,new_enriched
Emma,Maud,Emma Maud,"Head of Strategic Partnerships, EMEA",Bonhams,Auction Houses,Retail & Home,Head,emma.maud@bonhams.com,,http://www.linkedin.com/in/emma-maud-b2802b150,new_enriched
Diana,Ortega,Diana Ortega,"Head of Strategic Partnerships & Events, Watches, Europe",Phillips,Other Enterprise,Other,Head,dortega@phillips.com,,http://www.linkedin.com/in/diana-ortega-6bb7b571,new_enriched
Ylenia,Corsi,Ylenia Corsi,"Head of Events & Strategic Partnerships, UK & Europe",Phillips,Other Enterprise,Other,Head,ycorsi@phillips.com,,http://www.linkedin.com/in/ylenia-corsi-a6822157,new_enriched
Kristen,Yraola,Kristen Yraola,Global Head of Digital Marketing,Phillips,Other Enterprise,Other,Head,kyraola@phillips.com,,http://www.linkedin.com/in/kyraola,new_enriched
Mary,Telesco,Mary Telesco,"Vice President, Seller Product Marketing & Business Development",1stdibs.com,Auction Houses,Retail & Home,C-Suite,mary.telesco@1stdibs.com,,http://www.linkedin.com/in/mary-telesco-391a7b38a,new_enriched
Molly,Battin,Molly Battin,Chief Marketing Officer,The Home Depot,Home Improvement & Big Box Home,Retail & Home,C-Suite,molly_battin@homedepot.com,,http://www.linkedin.com/in/molly-battin-6b222231b,new_enriched
Jennifer,Wilson,Jennifer Wilson,"SVP, Chief Marketing Officer","Lowe's Companies, Inc.",Home Improvement & Big Box Home,Retail & Home,C-Suite,jennifer.e.wilson@lowes.com,,http://www.linkedin.com/in/jennifer-wilson-2641a65,new_enriched
Allison,Fishman,Allison Fishman,"Vice President, Marketing",Builders FirstSource,Home Improvement,Retail & Home,C-Suite,allison.fishman@bldr.com,,http://www.linkedin.com/in/fishmanallison3,new_enriched
Addison,Campbell,Addison Campbell,VP of Marketing,The Home Depot,Home Improvement & Big Box Home,Retail & Home,VP,addison_campbell@homedepot.com,,http://www.linkedin.com/in/addison-campbell-972731394,new_enriched
Elsa,Fortin,Elsa Fortin,Head of Marketing,Coiinvest,Other Enterprise,Other,Head,elsa_fortin@homedepot.com,,http://www.linkedin.com/in/elsa-fortin-20b2441a6,new_enriched
Ross,Neumann,Ross Neumann,"Head of Partnerships, Lowe's Innovation Labs","Lowe's Companies, Inc.",Home Improvement & Big Box Home,Retail & Home,Head,ross.neumann@lowes.com,,http://www.linkedin.com/in/ross-neumann-29674612,new_enriched
Eric,Williamson,Eric Williamson,Brand Manager - Kobalt,"Lowe's Companies, Inc.",Home Improvement & Big Box Home,Retail & Home,Manager,eric.c.williamson@lowes.com,,http://www.linkedin.com/in/eric-d-williamson,new_enriched
Avril,Hyde,Avril Hyde,Head of Brand (Bunnings Warehouse & Trade),Bunnings,Home Improvement,Retail & Home,Head,ahyde@bunnings.com.au,,http://www.linkedin.com/in/avril-hyde,new_enriched
Thomas,Clapham,Thomas Clapham,Head of Marketing Channels & Personalisation,Bunnings,Home Improvement,Retail & Home,Head,tclapham@bunnings.com.au,,http://www.linkedin.com/in/thomas-clapham-693111174,new_enriched
Nathan,Schmidt,Nathan Schmidt,"Senior Brand Manager, Harbor Freight Brand Marketing",Harbor Freight Tools,Home Improvement & Big Box Home,Retail & Home,Manager,nschmidt@harborfreight.com,,http://www.linkedin.com/in/nathan-schmidt-478ba0b,new_enriched
Laura,Lundgren,Laura Lundgren,Chief Marketing Officer,Scholastic,Book Publishers,Media & Publishing,C-Suite,llundgren@scholastic.com,,http://www.linkedin.com/in/lauralundgren,new_enriched
Patricia,Bostelman,Patricia Bostelman,V.P. Marketing,Barnes & Noble,Book Publishers,Media & Publishing,Other,patricia.bostelman@bn.com,,http://www.linkedin.com/in/patricia-bostelman-9b529215,new_enriched
Stephen,Bedford,Stephen Bedford,Vice President Marketing,Simon & Schuster,Alt Sneaker & Comfort Footwear,Fashion & Apparel,C-Suite,stephen.bedford@simonandschuster.com,,http://www.linkedin.com/in/bedfordstephen,new_enriched
Olivia,Marsden,Olivia Marsden,Head of Marketing,HarperCollins Publishers,Book Publishers,Media & Publishing,Head,olivia.marsden@harpercollins.co.uk,,http://www.linkedin.com/in/olivia-marsden-386808a7,new_enriched
John,Adamo,John Adamo,SVP Marketing,Random House Children's Books,Other Enterprise,Other,VP,jadamo@randomhouse.com,,http://www.linkedin.com/in/john-adamo-4541a05,new_enriched
Emily,Romero,Emily Romero,SVP of Marketing,Penguin Random House,Book Publishers,Media & Publishing,VP,eromero@penguinrandomhouse.com,,http://www.linkedin.com/in/emily-romero-5303738,new_enriched
Christine,McNamara,Christine McNamara,"VP, Marketing Strategy, Penguin Publishing Group",Penguin Random House,Book Publishers,Media & Publishing,VP,cmcnamara@penguinrandomhouse.com,,http://www.linkedin.com/in/christine-mcnamara-40b0685,new_enriched
Erin,Berger,Erin Berger,"SVP, Marketing and Publicity",Scholastic,Book Publishers,Media & Publishing,VP,erinberger@scholastic.com,,http://www.linkedin.com/in/erin-berger-a938597,new_enriched
Kate,Keating,Kate Keating,"Senior Director, Head of Marketing, Flatiron Books",Macmillan,Book Publishers,Media & Publishing,Head,kate.keating@macmillan.com,,http://www.linkedin.com/in/katekeating218,new_enriched
Wibke,Grutjen,Wibke Grutjen,Global Chief Marketing and Communications Officer,Simon & Schuster,Alt Sneaker & Comfort Footwear,Fashion & Apparel,C-Suite,wibke.grutjen@simonandschuster.com,,http://www.linkedin.com/in/wibke-grutjen-48958726,new_enriched
Andrea,Collins,Andrea Collins,CMO,Hippo Insurance,InsurTech,Finance & Fintech,C-Suite,acollins@hippo.com,,http://www.linkedin.com/in/andreamcollins,new_enriched
Usman,Javed,Usman Javed,Head of Partnerships,Policygenius,InsurTech,Finance & Fintech,Head,usman.javed@zinnia.com,,http://www.linkedin.com/in/usmanjaved13558,new_enriched
Leonardo,Cardone,Leonardo Cardone,Head of Strategic Partnerships,Sure,Other Enterprise,Other,Head,leo@sureapp.com,,http://www.linkedin.com/in/leonardo-cardone-986bb951,new_enriched
Brian,Burnham,Brian Burnham,Brand Marketing Manager,Lemonade,InsurTech,Finance & Fintech,Manager,brian.burnham@lemonade.com,,http://www.linkedin.com/in/brianjburnham,new_enriched
Felicia,Cox,Felicia Cox,"VP, Head of Business Development and Partnerships",Hippo Insurance,InsurTech,Finance & Fintech,VP,fcox@hippo.com,,http://www.linkedin.com/in/felicia-cox-cpria-crd-395b508,new_enriched
Dani,Perea,Dani Perea,Digital Brand Marketing Manager,The Zebra,InsurTech,Finance & Fintech,Manager,dperea@thezebra.com,,http://www.linkedin.com/in/dani-perea-herochampion,new_enriched
Kelsey,Glynn,Kelsey Glynn,Marketing Leader,Kin Insurance,InsurTech,Finance & Fintech,Other,kelsey.glynn@kin.com,,http://www.linkedin.com/in/kelseyglynn,new_enriched
Vrinda,Aggarwal,Vrinda Aggarwal,Growth Marketing Manager,Kin Insurance,InsurTech,Finance & Fintech,Manager,vrinda.aggarwal@kin.com,,http://www.linkedin.com/in/vrinda-aggarwal-7bb35715,new_enriched
Elizabeth,Bradley,Elizabeth Bradley,Performance Marketing Manager,The Zebra,InsurTech,Finance & Fintech,Manager,ebradley@thezebra.com,,http://www.linkedin.com/in/elizabeth-bradley-573996140,new_enriched
Abbey,Alfredson,Abbey Alfredson,"Lead Marketer, Independent Agency & Partnerships",Root Inc.,InsurTech,Finance & Fintech,Manager,abbey.alfredson@joinroot.com,,http://www.linkedin.com/in/abbey-alfredson,new_enriched
Aimee,Berger,Aimee Berger,Vice President Marketing,Michaels Stores,Craft & Hobby Supplies,Retail & Home,C-Suite,aimee81@michaels.com,,http://www.linkedin.com/in/aimee-berger-3542505,new_enriched
Ashley,Lankford,Ashley Lankford,Advertising Brand Manager,Hobby Lobby,Craft & Hobby Supplies,Retail & Home,Manager,ashley.lankford@hobbylobby.com,,http://www.linkedin.com/in/ashley-lankford-13258a34,new_enriched
Sadie,Smith,Sadie Smith,Marketing Director,Hobby Lobby,Craft & Hobby Supplies,Retail & Home,Director,sadie.smith@hobbylobby.com,,http://www.linkedin.com/in/sadie-smith-862780158,new_enriched
Jason,Valle,Jason Valle,Director of Marketing,Blick Art Materials,Craft & Hobby Supplies,Retail & Home,Director,j.delvalle@dickblick.com,,http://www.linkedin.com/in/jdvalle,new_enriched
Ivy,Olson,Ivy Olson,Marketing Manager,Creativebug,Craft & Hobby Supplies,Retail & Home,Manager,ivy.olson@creativebug.com,,http://www.linkedin.com/in/ivy-olson-a8782a23,new_enriched
Becca,Brooker,Becca Brooker,Brand Marketing Manager,Michaels Stores,Craft & Hobby Supplies,Retail & Home,Manager,becca52@michaels.com,,http://www.linkedin.com/in/becca-brooker-36b99884,new_enriched
Chris,Peticolas,Chris Peticolas,Brand Marketing Manager,Michaels Stores,Craft & Hobby Supplies,Retail & Home,Manager,peticolasc@michaels.com,,http://www.linkedin.com/in/chris-peticolas,new_enriched
Sachin,Shroff,Sachin Shroff,"Vice President of CRM, Loyalty and Marketing Technology",Perot Museum of Nature and Science,Other Enterprise,Other,C-Suite,sachin4@michaels.com,,http://www.linkedin.com/in/sachinshroff123,new_enriched
Renee,Davis,Renee Davis,Admin. Asst. to EVP Marketing,"Michaels Stores, Inc.",Craft & Hobby Supplies,Retail & Home,VP,davisr@michaels.com,,http://www.linkedin.com/in/renee-davis-277b887,new_enriched
Irma,Colunga,Irma Colunga,Private Brand Manager,"Michaels Stores, Inc.",Craft & Hobby Supplies,Retail & Home,Manager,colungai@michaels.com,,http://www.linkedin.com/in/irma-colunga-1815527,new_enriched
Erika,Ferszt,Erika Ferszt,Chief Marketing Officer,FURLA,Contemporary Handbags,Fashion & Apparel,C-Suite,erika.ferszt@furla.com,,http://www.linkedin.com/in/erikaferszt,new_enriched
Kaisy,O'Reilly,Kaisy O'Reilly,Chief Marketing Officer (Interim),kate spade new york,Contemporary Handbags,Fashion & Apparel,C-Suite,koreilly@katespade.com,,http://www.linkedin.com/in/kaisy-mae-o-reilly,new_enriched
David,Gallon,David Gallon,"Chief Marketing Officer, North America",TORY BURCH,Contemporary Handbags,Fashion & Apparel,C-Suite,dgallon@toryburch.com,,http://www.linkedin.com/in/davidgallon,new_enriched
Stephanie,Scheele,Stephanie Scheele,VP of Marketing,VRA,Other Enterprise,Other,VP,sscheele@verabradley.com,,http://www.linkedin.com/in/stephanie-scheele-b7a3218,new_enriched
Shaun,Glazier,Shaun Glazier,VP Marketing,Liz Claiborne,Other Enterprise,Other,VP,sglazier@katespade.com,,http://www.linkedin.com/in/shaun-glazier-7539196,new_enriched
Rachel,Lim-Tan,Rachel Lim-Tan,Head of Marketing & Communications,Longchamp,Contemporary Handbags,Fashion & Apparel,Head,r.lim@longchamp.com.sg,,http://www.linkedin.com/in/rachel-limtan,new_enriched
Edgar,Cfe,Edgar Cfe,Global Head of Brand Protection,TORY BURCH,Contemporary Handbags,Fashion & Apparel,Head,echadwick@toryburch.com,,http://www.linkedin.com/in/edgar-chadwick-cfe-ba157563,new_enriched
Roma,Manjrekar,Roma Manjrekar,Brand Manager,DOIT - LONGCHAMP,Contemporary Handbags,Fashion & Apparel,Manager,roma@longchamp.com,,http://www.linkedin.com/in/roma-manjrekar-7a9a6a145,new_enriched
Paul,Toms,Paul Toms,Chief Marketing Officer,Wayfair,Home Improvement & Big Box Home,Retail & Home,C-Suite,ptoms@wayfair.com,,http://www.linkedin.com/in/ptoms,new_enriched
Amy,Crowe,Amy Crowe,"Senior Brand Manager (Head of Brand), Perigold",Wayfair,Home Improvement & Big Box Home,Retail & Home,Head,acrowe3@wayfair.com,,http://www.linkedin.com/in/amycrowe,new_enriched
Carey,Pearson,Carey Pearson,Head of Brand & Integrated Marketing,Wayfair,Home Improvement & Big Box Home,Retail & Home,Head,cpearson1@wayfair.com,,http://www.linkedin.com/in/careypearson,new_enriched
Robyn,Risso,Robyn Risso,Head of Marketing,AptDeco,Furniture Marketplace,Retail & Home,Head,robyn@aptdeco.com,,http://www.linkedin.com/in/robynrisso,new_enriched
Johnice,Bristol,Johnice Bristol,Head of Wayfair Brand Marketing,Wayfair,Home Improvement & Big Box Home,Retail & Home,Head,jbristol1@wayfair.com,,http://www.linkedin.com/in/johnice-bristol-46a2aa9,new_enriched
Wendy,Chandler,Wendy Chandler,Brand Strategy Manager,"Havenly Brands (Havenly, Interior Define, Burrow, The Citizenry, The Inside, and St. Frank)",Financial Services Giants,Finance & Fintech,Manager,wendy@havenly.com,,http://www.linkedin.com/in/wendyweeks,new_enriched
Nancy,Soriano,Nancy Soriano,Perigold Head of Editorial & Partnerships,Wayfair,Home Improvement & Big Box Home,Retail & Home,Head,nsoriano@wayfair.com,,http://www.linkedin.com/in/nancysoriano,new_enriched
Grace,Detwiler,Grace Detwiler,Head of Partnerships,Wayfair,Home Improvement & Big Box Home,Retail & Home,Head,gdetwiler@wayfair.com,,http://www.linkedin.com/in/grace-detwiler-7243b776,new_enriched
Megan,Lawrence,Megan Lawrence,Head of Commercial Brand Strategy,Wayfair,Home Improvement & Big Box Home,Retail & Home,Head,mlawrence5@wayfair.com,,http://www.linkedin.com/in/meganlawrence95,new_enriched
Dan,Brugal,Dan Brugal,Head of Growth Partnerships,Faire,Wholesale Platforms,Tech & SaaS,Head,dan.brugal@faire.com,,http://www.linkedin.com/in/dbrugal,new_enriched
Sara,Beatty,Sara Beatty,Head of Brand Product Marketing,Faire,Wholesale Platforms,Tech & SaaS,Head,sara.beatty@faire.com,,http://www.linkedin.com/in/sarawallacebeatty,new_enriched
J,Chen,J Chen,VP Marketing,Alibaba.com,Wholesale Platforms,Tech & SaaS,VP,j.chen@alibaba-inc.com,,http://www.linkedin.com/in/j-chen-166211104,new_enriched
Jillian,Sun,Jillian Sun,Head of Partnerships and Digital Marketing UK,AliExpress,Wholesale Platforms,Tech & SaaS,Head,jillian.sun@alibaba-inc.com,,http://www.linkedin.com/in/jillian-sun,new_enriched
Yaya,A,Yaya A,Head of Marketing,Alibaba.com,Wholesale Platforms,Tech & SaaS,Head,y.apristianto@alibaba-inc.com,,http://www.linkedin.com/in/yahyaapristianto,new_enriched
Laurence,Muratet,Laurence Muratet,Head of Partnerships and Account Management - Europe,Faire,Wholesale Platforms,Tech & SaaS,Head,laurence_muratet@faire.com,,http://www.linkedin.com/in/laurence-muratet-6a4243b,new_enriched
Gabriela,Teran,Gabriela Teran,"Head of Product, Brand",Faire,Wholesale Platforms,Tech & SaaS,Head,gabriela.teran@faire.com,,http://www.linkedin.com/in/gteran,new_enriched
Binamra,Dash,Binamra Dash,"Head of Marketing, India",Alibaba.com,Wholesale Platforms,Tech & SaaS,Head,binamra.db@alibaba-inc.com,,http://www.linkedin.com/in/binamradash,new_enriched
Fiona,Rees-French,Fiona Rees-French,"Head of Brand Success, Europe (Director)",Faire,Wholesale Platforms,Tech & SaaS,Head,fiona.rees-french@faire.com,,http://www.linkedin.com/in/frenchfiona,new_enriched
Chris,Huber,Chris Huber,Sr. New Brand Manager,Faire,Wholesale Platforms,Tech & SaaS,Manager,christopher.huber@faire.com,,http://www.linkedin.com/in/chrisroberthuber,new_enriched
Dhiraj,Kumar,Dhiraj Kumar,CMO,Dashlane,VPN & Consumer Cybersecurity,Tech & SaaS,C-Suite,dhiraj.kumar@dashlane.com,,http://www.linkedin.com/in/dhirajkumar,new_enriched
Stephanie,Fried,Stephanie Fried,"EVP, Chief Marketing Officer",McAfee,VPN & Consumer Cybersecurity,Tech & SaaS,C-Suite,stephanie_fried@mcafee.com,,http://www.linkedin.com/in/stephaniefried,new_enriched
Giedrius,Petraitis,Giedrius Petraitis,Head of Partnerships,Surfshark,VPN & Consumer Cybersecurity,Tech & SaaS,Head,giedrius.petraitis@surfsharkteam.com,,http://www.linkedin.com/in/giedriuspetraitis,new_enriched
Mateusz,Walkowiak,Mateusz Walkowiak,Head of Brand @Incogni,Surfshark,VPN & Consumer Cybersecurity,Tech & SaaS,Head,mateusz.walkowiak@surfsharkteam.com,,http://www.linkedin.com/in/mateuszwalkowiak,new_enriched
Clara,Colombo,Clara Colombo,Head of Marketing,Kaspersky,VPN & Consumer Cybersecurity,Tech & SaaS,Head,clara.colombo@kaspersky.com,,http://www.linkedin.com/in/clcolombo,new_enriched
Jessica,Chaput,Jessica Chaput,"Vice President, Marketing - Acquisition",McAfee,VPN & Consumer Cybersecurity,Tech & SaaS,C-Suite,jessica_chaput@mcafee.com,,http://www.linkedin.com/in/jessicachaput,new_enriched
Farees,Mohiuddin,Farees Mohiuddin,SVP Marketing,Malwarebytes,VPN & Consumer Cybersecurity,Tech & SaaS,VP,fmohiuddin@malwarebytes.com,,http://www.linkedin.com/in/farees,new_enriched
Nikhil,Dudwadkar,Nikhil Dudwadkar,"Head of Marketing, India",Kaspersky,VPN & Consumer Cybersecurity,Tech & SaaS,Head,nikhil.dudwadkar@kaspersky.com,,http://www.linkedin.com/in/nikhildudwadkar,new_enriched
Felipe,Vanni,Felipe Vanni,"Head of Marketing, Americas",Kaspersky,VPN & Consumer Cybersecurity,Tech & SaaS,Head,felipe.vanni@kaspersky.com,,http://www.linkedin.com/in/felipevanni,new_enriched
Christine,Chong,Christine Chong,"Head of Marketing, Asia Pacific and Japan",Kaspersky,VPN & Consumer Cybersecurity,Tech & SaaS,Head,christine.chong@kaspersky.com,,http://www.linkedin.com/in/christinechong,new_enriched
Jonas,Sudendorf,Jonas Sudendorf,VP Marketing,Image-Line | Makers of FL Studio,Music Production Software,Music & Live,VP,jonas@image-line.com,,http://www.linkedin.com/in/jonas-sudendorf-12774287,new_enriched
Chris,Terschluse,Chris Terschluse,VP Marketing,Output Inc.,Music Production Software,Music & Live,VP,chris.terschluse@output.com,,http://www.linkedin.com/in/christerschluse,new_enriched
Arundhati,Swaminathan,Arundhati Swaminathan,Brand Marketing Manager,Splice,Other Enterprise,Other,Manager,s@splice.com,,http://www.linkedin.com/in/arundhatiswaminathan,new_enriched
Kirk,Peter,Kirk Peter,Brand Marketing Manager,Splice,Other Enterprise,Other,Manager,kirk.peter@splice.com,,http://www.linkedin.com/in/kirkmpeter,new_enriched
Mark,Thomas,Mark Thomas,"VP, Product Marketing",Splice,Other Enterprise,Other,VP,mark.thomas@splice.com,,http://www.linkedin.com/in/markthomas10,new_enriched
Paul,Fleury,Paul Fleury,VP of Growth Marketing,LANDR,Other Enterprise,Other,VP,pfleury@landr.com,,http://www.linkedin.com/in/paul-fleury-hello,new_enriched
Maxwell,Belau,Maxwell Belau,"Brand Marketing Manager, Video Storytelling & Operations",Splice,Other Enterprise,Other,Manager,maxwell.belau@splicetelecom.com,,http://www.linkedin.com/in/maxwell-belau,new_enriched
Josh,Pelletier,Josh Pelletier,Growth Marketing Manager,Splice,Other Enterprise,Other,Manager,josh.pelletier@splice.com,,http://www.linkedin.com/in/joshmichaelpelletier,new_enriched
Carla,Ramos Gonzalez,Carla Ramos Gonzalez,"Marketing Manager, CRM",Image-Line Software | Makers of FL STUDIO,Music Production Software,Music & Live,Manager,carla@image-line.com,,http://www.linkedin.com/in/carla-ramos-gonzalez,new_enriched
Maria,Russo,Maria Russo,"Marketing Manager, Avid Customer Associstion",Avid,Other Enterprise,Other,Manager,mr@avid.org,,http://www.linkedin.com/in/maria-russo-38256050,new_enriched
Natasha,Madan,Natasha Madan,CMO,Credit Karma,Consumer Fintech Apps,Tech & SaaS,C-Suite,natasha.madan@creditkarma.com,,http://www.linkedin.com/in/madannatasha,new_enriched
Dillon,Campbell,Dillon Campbell,Head of Growth Marketing,Monarch,Other Enterprise,Other,Head,dillon.campbell@monarchmoney.com,,http://www.linkedin.com/in/dillon-campbell-02946566,new_enriched
Sangita,Woerner,Sangita Woerner,Chief Marketing Officer | Executive Vice President,Empower,Other Enterprise,Other,C-Suite,sangita.woerner@empower.com,,http://www.linkedin.com/in/sangitawoerner,new_enriched
Erin,Bream,Erin Bream,Head of Partnerships,Monarch,Other Enterprise,Other,Head,erin.bream@monarchmoney.com,,http://www.linkedin.com/in/erinbream,new_enriched
Jack,Winkler,Jack Winkler,Head of Partnerships,NerdWallet,Personal Finance Apps,Finance & Fintech,Head,jwinkler@nerdwallet.com,,http://www.linkedin.com/in/jack-winkler-65803069,new_enriched
Gerry,Goldstein,Gerry Goldstein,"Head of Partnerships, Embedded",Credit Karma,Consumer Fintech Apps,Tech & SaaS,Head,gerry.goldstein@creditkarma.com,,http://www.linkedin.com/in/gerrygoldstein,new_enriched
Yasi,Samimi,Yasi Samimi,Vice President Marketing,Rocket Money,Personal Finance Apps,Finance & Fintech,C-Suite,yasisamimi@rocketmoney.com,,http://www.linkedin.com/in/yasisamimi,new_enriched
Adam,Faughnan,Adam Faughnan,Head of Marketing - Tax,Credit Karma,Consumer Fintech Apps,Tech & SaaS,Head,adam.faughnan@creditkarma.com,,http://www.linkedin.com/in/adamfaughnan,new_enriched
Tracey,Thiele,Tracey Thiele,"Global MD, Agency Brand and Client Strategy",Zeno Group,Other Enterprise,Other,Other,tracey.thiele@empower.com,,http://www.linkedin.com/in/traceythiele,new_enriched
Anish,Vaishnav,Anish Vaishnav,"Head of Partnerships, Intuit Consumer Money Platform (Director II)",Credit Karma,Consumer Fintech Apps,Tech & SaaS,Head,anish.vaishnav@creditkarma.com,,http://www.linkedin.com/in/anishvaishnav,new_enriched
Alexander,Green,Alexander Green,Chief Marketing Officer,Butterfield & Robinson,Adventure Travel,Travel & Hospitality,C-Suite,alex.green@butterfield.com,,http://www.linkedin.com/in/alexjgreen,new_enriched
Hazel,McGuire,Hazel McGuire,Chief Marketing Officer,Travel by B Corp,Other Enterprise,Other,C-Suite,hazel.mcguire@intrepidtravel.com,,http://www.linkedin.com/in/hazelmcguire,new_enriched
Caroline,Tinsley,Caroline Tinsley,Head of Partnerships,Intrepid Travel,Adventure Travel,Travel & Hospitality,Head,caroline.tinsley@intrepidtravel.com,,http://www.linkedin.com/in/caroline-tinsley-267ba340,new_enriched
Laura,Hernandez,Laura Hernandez,"Head of Partnerships, USA",Intrepid Travel,Adventure Travel,Travel & Hospitality,Head,laura.hernandez@intrepidtravel.com,,http://www.linkedin.com/in/laura-e-hernandez,new_enriched
Anne,Ashbey,Anne Ashbey,VP of Marketing,Backroads,Adventure Travel,Travel & Hospitality,VP,anne_ashbey@backroads.com,,http://www.linkedin.com/in/anneashbey,new_enriched
Angela,Chen,Angela Chen,Head of Global Brand Marketing,Intrepid Travel,Adventure Travel,Travel & Hospitality,Head,angela.chen@intrepidtravel.com,,http://www.linkedin.com/in/achen8089,new_enriched
Sarah,Mainprize,Sarah Mainprize,"Head of Global Marketing, Brand & Digital",G Adventures,Adventure Travel,Travel & Hospitality,Head,sarah.mainprize@gadventures.com,,http://www.linkedin.com/in/sarah-mainprize-3062722,new_enriched
Mandy,Alderson,Mandy Alderson,Head of Global Brand Management,Intrepid Travel,Adventure Travel,Travel & Hospitality,Head,mandy.alderson@intrepidtravel.com,,http://www.linkedin.com/in/mandy-alderson-03579559,new_enriched
Louise,Laing,Louise Laing,Vice President USA Marketing,Intrepid Travel,Adventure Travel,Travel & Hospitality,C-Suite,louise.laing@intrepidtravel.com,,http://www.linkedin.com/in/louise-laing-66b71912,new_enriched
Linda,Palus,Linda Palus,Director of Marketing,Backroads,Adventure Travel,Travel & Hospitality,Director,linda_palus@backroads.com,,http://www.linkedin.com/in/palus,new_enriched
Iris,Yen,Iris Yen,Chief Marketing Officer,CUPSHE,Swimwear & Beachwear,Fashion & Apparel,C-Suite,iris.yen@cupshe.com,,http://www.linkedin.com/in/irisyen,new_enriched
Jessie,Han,Jessie Han,AVP of Marketing,CUPSHE,Swimwear & Beachwear,Fashion & Apparel,VP,jessie.han@cupshe.com,,http://www.linkedin.com/in/jessie-han-160684b1,new_enriched
Katie,Dawley,Katie Dawley,Global Head of Brand - Vitamin A Swimwear,Vitamin A,Swimwear & Beachwear,Fashion & Apparel,Head,katie@vitamina.eco,,http://www.linkedin.com/in/kdawley,new_enriched
Taylor,Huie,Taylor Huie,E-Commerce Merchandise Manager / Senior Brand Manager,Aviator Nation,Swimwear & Beachwear,Fashion & Apparel,Manager,taylorh@aviatornation.com,,http://www.linkedin.com/in/taylorvhuie,new_enriched
Jenna,Pelissier,Jenna Pelissier,Marketing Director,Frankies Bikinis,Swimwear & Beachwear,Fashion & Apparel,Director,jenna@frankiesbikinis.com,,http://www.linkedin.com/in/jenna-pelissier-67734b133,new_enriched
Erin,Johnson,Erin Johnson,Marketing Manager,Solid & Striped,Payments Infrastructure,Finance & Fintech,Manager,erin@solidandstriped.com,,http://www.linkedin.com/in/erinjohnson00,new_enriched
Bianca,Pirone,Bianca Pirone,"Director of Marketing / Booker for Aviator Nation Dreamland Malibu, Nashville, & RIDE",Aviator Nation,Swimwear & Beachwear,Fashion & Apparel,Director,bianca@aviatornation.com,,http://www.linkedin.com/in/bianca-pirone-74211a110,new_enriched
Makenzie,Laporte,Makenzie Laporte,Marketing Manager,Frankies Bikinis,Swimwear & Beachwear,Fashion & Apparel,Manager,makenzie@frankiesbikinis.com,,http://www.linkedin.com/in/makenzie-laporte-894729119,new_enriched
Georgia,Chong,Georgia Chong,Affiliate Marketing Manager,CUPSHE,Swimwear & Beachwear,Fashion & Apparel,Manager,georgia@cupshe.com,,http://www.linkedin.com/in/georgia-chong-a13991218,new_enriched
Jordan,Kuczynski,Jordan Kuczynski,"Manager of Digital Growth Marketing, Site and CRM",SUMMERSALT,Swimwear & Beachwear,Fashion & Apparel,Manager,jordan@summersalt.com,,http://www.linkedin.com/in/jordankuczynski,new_enriched
Karla,Fornall,Karla Fornall,VP of Marketing,Quizlet,EdTech Study Apps,Tech & SaaS,VP,karla.fornall@quizlet.com,,http://www.linkedin.com/in/karla-fornall-2359b619,new_enriched
Kara,Gillette,Kara Gillette,"Director of Marketing, Chegg Skills",Chegg Inc.,EdTech Study Apps,Tech & SaaS,Director,kara.gillette@chegg.com,,http://www.linkedin.com/in/karagillette,new_enriched
Mahamudal,Hassan,Mahamudal Hassan,Senior Director - Marketing Operations,Chegg Inc.,EdTech Study Apps,Tech & SaaS,Director,hassan@chegg.com,,http://www.linkedin.com/in/mahamudal-hassan-04a60b8,new_enriched
Matthew,Mulqueen,Matthew Mulqueen,"Vice President, Brand Partnerships",Chegg Inc.,EdTech Study Apps,Tech & SaaS,C-Suite,matthew.mulqueen@chegg.com,,http://www.linkedin.com/in/matthewmulqueen,new_enriched
Sara,Popken,Sara Popken,Head of Product Marketing,Quizlet,EdTech Study Apps,Tech & SaaS,Head,sara.popken@quizlet.com,,http://www.linkedin.com/in/sarapopken,new_enriched
Dan,Geng,Dan Geng,"Vice President, Product Marketing and Integrated Marketing",Chegg Inc.,EdTech Study Apps,Tech & SaaS,C-Suite,dgeng@chegg.com,,http://www.linkedin.com/in/dan-geng,new_enriched
Anna,Gulyaeva,Anna Gulyaeva,Performance Marketing Manager,Studocu,EdTech Study Apps,Tech & SaaS,Manager,anna.gulyaeva@studocu.com,,http://www.linkedin.com/in/annagulyaevaa,new_enriched
Foram,Vyas,Foram Vyas,Director of Product Marketing,Chegg Inc.,EdTech Study Apps,Tech & SaaS,Director,fvyas@chegg.com,,http://www.linkedin.com/in/foramvyas,new_enriched
Noah,Berg,Noah Berg,"Director, Marketing",Brainly,EdTech Study Apps,Tech & SaaS,Director,noah.berg@brainly.com,,http://www.linkedin.com/in/noahberg,new_enriched
Sarah,Im,Sarah Im,Head of Brand Design,Quizlet,EdTech Study Apps,Tech & SaaS,Head,sarah.im@quizlet.com,,http://www.linkedin.com/in/sarahdahsohlim,new_enriched
Lani,Kuramoto,Lani Kuramoto,Chief Marketing Officer,MasterClass,Online Learning Platforms,Creator & Learning,C-Suite,lani.kuramoto@masterclass.com,,http://www.linkedin.com/in/lanikuramoto,new_enriched
Jamie,Roberts,Jamie Roberts,Chief Marketing Officer,Pluralsight,Online Learning Platforms,Creator & Learning,C-Suite,jamie-roberts@pluralsight.com,,http://www.linkedin.com/in/jamieroberts04,new_enriched
Marlon,Herft,Marlon Herft,Head of Partnerships - APAC,Udemy,Online Learning Platforms,Creator & Learning,Head,marlon.herft@udemy.com,,http://www.linkedin.com/in/marlonherft,new_enriched
Ashley,Faulkner,Ashley Faulkner,Head of Partnerships & Integrations,Pluralsight,Online Learning Platforms,Creator & Learning,Head,ashley-faulkner@pluralsight.com,,http://www.linkedin.com/in/ashleyimogene,new_enriched
Calvin,Lin,Calvin Lin,Director of Marketing,Brilliant.org,Online Learning Platforms,Creator & Learning,Director,calvin@brilliant.org,,http://www.linkedin.com/in/calvin-lin-a951b358,new_enriched
Erica,Kammann,Erica Kammann,"SVP, Marketing & Chief of Staff",MasterClass,Online Learning Platforms,Creator & Learning,C-Suite,erica@masterclass.com,,http://www.linkedin.com/in/ericakammann,new_enriched
Abhishek,Raj,Abhishek Raj,"Head of Marketing, India & South Asia",Udemy,Online Learning Platforms,Creator & Learning,Head,abhishek.raj@udemy.com,,http://www.linkedin.com/in/abhishek-raj-58680213,new_enriched
Luke,Lavoie,Luke Lavoie,"Director, Marketing Strategy - edX",edX,Other Enterprise,Other,Director,llavoie@edx.org,,http://www.linkedin.com/in/luke-lavoie,new_enriched
Ann-Marie,Darrough,Ann-Marie Darrough,"Vice President, Global Partnerships",Udemy,Online Learning Platforms,Creator & Learning,C-Suite,annmarie.darrough@udemy.com,,http://www.linkedin.com/in/amdarrough,new_enriched
Victor,Yip,Victor Yip,"Vice President, Consumer Business Development and Partnerships",Udemy,Online Learning Platforms,Creator & Learning,C-Suite,victor.yip@udemy.com,,http://www.linkedin.com/in/victoryip,new_enriched
Steve,Beckett,Steve Beckett,Chief Marketing Officer,Zwift,Connected Fitness Apps,Tech & SaaS,C-Suite,steve@zwift.com,,http://www.linkedin.com/in/steve-beckett-70252a,new_enriched
Louisa,Wee,Louisa Wee,Chief Marketing Officer,Strava,Connected Fitness Apps,Tech & SaaS,C-Suite,lwee@strava.com,,http://www.linkedin.com/in/louisawee,new_enriched
Ryan,Dixon,Ryan Dixon,"VP, Partnerships & Developer Relations",Strava,Connected Fitness Apps,Tech & SaaS,VP,rdixon@strava.com,,http://www.linkedin.com/in/ryangdixon,new_enriched
Hanna,Madrigan,Hanna Madrigan,Head of Connected Partnerships,Strava,Connected Fitness Apps,Tech & SaaS,Head,hmadrigan@strava.com,,http://www.linkedin.com/in/hannamadrigan,new_enriched
Breanna,Kendall,Breanna Kendall,Marketing Director,Strava,Connected Fitness Apps,Tech & SaaS,Director,bkendall@strava.com,,http://www.linkedin.com/in/breanna-kendall,new_enriched
Chris,Snook,Chris Snook,"Senior Director, PR & Customer Marketing",Zwift,Connected Fitness Apps,Tech & SaaS,Director,chris.snook@zwift.com,,http://www.linkedin.com/in/chris-snook-62473935,new_enriched
Daniel,Augello,Daniel Augello,"Senior Director, Partnerships, Sports Marketing, Paid Media & Industry Marketing",Zwift,Connected Fitness Apps,Tech & SaaS,Director,daniel.augello@zwift.com,,http://www.linkedin.com/in/danielaugello,new_enriched
Cassidy,Hamilton,Cassidy Hamilton,"Director, Brand Content & Integrated Marketing Communications",Tonal,Other Enterprise,Other,Director,cassidy.hamilton@tonal.com,,http://www.linkedin.com/in/cassidyhamilton,new_enriched
Christian,Mirto,Christian Mirto,Growth Marketing Manager,Strava,Connected Fitness Apps,Tech & SaaS,Manager,cmirto@strava.com,,http://www.linkedin.com/in/christianmirto,new_enriched
Prachi,Gore,Prachi Gore,CMO,Asana,Project Management SaaS,Tech & SaaS,C-Suite,prachigore@asana.com,,http://www.linkedin.com/in/prachigore,new_enriched
Christine,Royston,Christine Royston,CMO,Wrike,Project Management SaaS,Tech & SaaS,C-Suite,christine.royston@team.wrike.com,,http://www.linkedin.com/in/christineroyston,new_enriched
Alex,Roose,Alex Roose,Head of Partnerships - APAC,ClickUp,Project Management SaaS,Tech & SaaS,Head,aroose@clickup.com,,http://www.linkedin.com/in/alexroose,new_enriched
Jenny,Hayes,Jenny Hayes,Head of Brand & Demand,Teamwork.com,Project Management SaaS,Tech & SaaS,Head,jenny.hayes@teamwork.com,,http://www.linkedin.com/in/jenny-hayes-9845a973,new_enriched
Yuval,Azulay,Yuval Azulay,VP Marketing,monday.com,Project Management SaaS,Tech & SaaS,VP,yuval@monday.com,,http://www.linkedin.com/in/yuval-azulay-75715a67,new_enriched
Rob,Nikzad,Rob Nikzad,Head of Brand + Creative,Airtable,Project Management SaaS,Tech & SaaS,Head,rob.nikzad@airtable.com,,http://www.linkedin.com/in/robnikzad,new_enriched
Calen,Holbrooks,Calen Holbrooks,"Vice President, Marketing",Airtable,Project Management SaaS,Tech & SaaS,C-Suite,calen.holbrooks@airtable.com,,http://www.linkedin.com/in/calenh,new_enriched
Olga,Lykova,Olga Lykova,"Head of Partnerships, North America",monday.com,Project Management SaaS,Tech & SaaS,Head,olgaly@monday.com,,http://www.linkedin.com/in/olgalykova,new_enriched
Kristen,Hogan,Kristen Hogan,Senior Vice President Marketing,Smartsheet,Project Management SaaS,Tech & SaaS,C-Suite,kristen.hogan@smartsheet.com,,http://www.linkedin.com/in/kristenfhogan,new_enriched
Gearoid,Buckley,Gearoid Buckley,Head of Marketing,Teamwork.com,Project Management SaaS,Tech & SaaS,Head,gearoid.buckley@teamwork.com,,http://www.linkedin.com/in/gearoidbuckley,new_enriched
Patrick,Stal,Patrick Stal,"SVP, Global Marketing (CMO)",HelloFresh,Meal Kit Delivery,Food & Beverage,C-Suite,patrick.stal@hellofresh.com,,http://www.linkedin.com/in/patrickstal,new_enriched
Matthieu,Ode,Matthieu Ode,CMO France,HelloFresh,Meal Kit Delivery,Food & Beverage,C-Suite,matthieu@hellofresh.fr,,http://www.linkedin.com/in/matthieuode,new_enriched
Milan,Mirau,Milan Mirau,Head of Brand Marketing DACH,HelloFresh,Meal Kit Delivery,Food & Beverage,Head,milan.heuer@hellofresh.com,,http://www.linkedin.com/in/milan-mirau-61791a84,new_enriched
Jeremiah,Albinus,Jeremiah Albinus,VP Marketing Benelux (CMO Scope),HelloFresh,Meal Kit Delivery,Food & Beverage,C-Suite,jeremiah.albinus@hellofresh.nl,,http://www.linkedin.com/in/jeremiah-albinus-39a0a815,new_enriched
Andreas,Dinkel,Andreas Dinkel,MD & CMO Anz,HelloFresh,Meal Kit Delivery,Food & Beverage,C-Suite,andreas.dinkel@hellofresh.com.au,,http://www.linkedin.com/in/dr-andreas-dinkel-94062725,new_enriched
Hayley,Raymond,Hayley Raymond,"Head of Marketing, EveryPlate",HelloFresh,Meal Kit Delivery,Food & Beverage,Head,hayley.raymond@hellofresh.com,,http://www.linkedin.com/in/hayleyjraymond,new_enriched
Shane,Smith,Shane Smith,VP of Paid Media & Marketing Partnerships,Home Chef,Meal Kit Delivery,Food & Beverage,VP,shane.smith@homechef.com,,http://www.linkedin.com/in/shane-smith-1ab59b5,new_enriched
Sana,Kapur,Sana Kapur,Director | Head of Lifecycle Marketing,Daily Harvest,Other Enterprise,Other,Head,sana.kapur@daily-harvest.com,,http://www.linkedin.com/in/sana-kapur-a1a2a068,new_enriched
Mark,Van Der Linden,Mark Van Der Linden,"Vice President, Partnerships",Booking.com,Online Travel Agencies,Travel & Hospitality,C-Suite,mark.vanderlinden@booking.com,,http://www.linkedin.com/in/markvanderlinden,new_enriched
Jochen,Koedijk,Jochen Koedijk,Chief Marketing Officer,TextNow,Other Enterprise,Other,C-Suite,jhk@expediagroup.com,,http://www.linkedin.com/in/j0chen,new_enriched
Jasmine,Ezz,Jasmine Ezz,Chief Marketing Officer,trivago,Online Travel Agencies,Travel & Hospitality,C-Suite,jasmine.ezz@trivago.com,,http://www.linkedin.com/in/jasmine-ezz-a8463187,new_enriched
Matthew,Dacey,Matthew Dacey,Chief Marketing Officer,Tripadvisor,Online Travel Agencies,Travel & Hospitality,C-Suite,mdacey@tripadvisor.com,,http://www.linkedin.com/in/mattdacey,new_enriched
Jess,Valade,Jess Valade,Global Head of Brand,Booking.com,Online Travel Agencies,Travel & Hospitality,Head,jessica.valade@booking.com,,http://www.linkedin.com/in/jessicavalade,new_enriched
Lucas,Costa,Lucas Costa,Head of Marketing,Airbnb,Online Travel Agencies,Travel & Hospitality,Head,lucas.costa@airbnb.com,,http://www.linkedin.com/in/lucas-tmc,new_enriched
Daniel,Zlatanov,Daniel Zlatanov,Head of Partnerships - DACH Nordics & Benelux,Booking.com,Online Travel Agencies,Travel & Hospitality,Head,daniel.zlatanov@booking.com,,http://www.linkedin.com/in/danielzlatanov,new_enriched
David,Yong,David Yong,"Head of Partnerships and Key Accounts, APAC",Airbnb,Online Travel Agencies,Travel & Hospitality,Head,david.yong@airbnb.com,,http://www.linkedin.com/in/davidlyong,new_enriched
Nick,Gesualdi,Nick Gesualdi,"Sr. Dir. Head of Global Brand Marketing, Vrbo",Expedia Group,Online Travel Agencies,Travel & Hospitality,Head,ngesualdi@expediagroup.com,,http://www.linkedin.com/in/nickgesualdi,new_enriched
Natalie,Wills,Natalie Wills,Senior Vice President - Marketing & Creative,Expedia Group,Online Travel Agencies,Travel & Hospitality,C-Suite,nwills@expediagroup.com,,http://www.linkedin.com/in/nataliealisonwills,new_enriched
Kipp,Bodnar,Kipp Bodnar,CMO,HubSpot,Email Marketing SaaS,Tech & SaaS,C-Suite,kbodnar@hubspot.com,,http://www.linkedin.com/in/kippbodnar,new_enriched
Inken,Kuhlmann-Rhinow,Inken Kuhlmann-Rhinow,Chief Marketing Officer & GM Self-Serve,Brevo,Email Marketing SaaS,Tech & SaaS,C-Suite,inken.kuhlmann-rhinow@brevo.com,,http://www.linkedin.com/in/inkenkuhlmann,new_enriched
Helene,Draoulec,Helene Draoulec,VP Marketing,Brevo,Email Marketing SaaS,Tech & SaaS,VP,helene.draoulec@brevo.com,,http://www.linkedin.com/in/hdraoulec,new_enriched
Jeremy,Thies,Jeremy Thies,"VP, Partnerships Sales, Americas",Klaviyo,Email Marketing SaaS,Tech & SaaS,VP,jeremy.thies@klaviyo.com,,http://www.linkedin.com/in/jeremy-thies-091a463,new_enriched
Tali,Mandelzweig,Tali Mandelzweig,Global Head of Partnerships & Strategic Alliances,Brevo,Email Marketing SaaS,Tech & SaaS,Head,tali.mandelzweig@brevo.com,,http://www.linkedin.com/in/talimandelzweig,new_enriched
Sunil,Desai,Sunil Desai,"SVP, Marketing",HubSpot,Email Marketing SaaS,Tech & SaaS,VP,sdesai@hubspot.com,,http://www.linkedin.com/in/sunil-desai,new_enriched
Sam,Lulla,Sam Lulla,Director of Marketing,Constant Contact,Email Marketing SaaS,Tech & SaaS,Director,sam.lulla@constantcontact.com,,http://www.linkedin.com/in/sam-lulla-2542735,new_enriched
Marissa,Prince,Marissa Prince,"Director, Marketing Strategy & Planning",ActiveCampaign,Email Marketing SaaS,Tech & SaaS,Director,mprince@activecampaign.com,,http://www.linkedin.com/in/marissadancerprince,new_enriched
Oliver,Hallstrom,Oliver Hallstrom,Head of Partnerships,SunGod,Sunglasses & Sports Optics,Sports & Athletics,Head,oliver@sungod.co,,http://www.linkedin.com/in/oliver-hallstrom-21847146,new_enriched
Kelley,Puckett,Kelley Puckett,Chief Marketing Officer,goodr,Sunglasses & Sports Optics,Sports & Athletics,C-Suite,kelley@goodr.com,,http://www.linkedin.com/in/kelley-puckett,new_enriched
Emma,Jackson,Emma Jackson,Head of Marketing,SunGod,Sunglasses & Sports Optics,Sports & Athletics,Head,emma@sungod.co,,http://www.linkedin.com/in/emma-jackson-2932b150,new_enriched
Jessica,Cunningham,Jessica Cunningham,Marketing Director,goodr,Sunglasses & Sports Optics,Sports & Athletics,Director,jessicacunningham@goodr.com,,http://www.linkedin.com/in/jessicacunningham,new_enriched
Taryn,Ryan,Taryn Ryan,Head of Global Marketing,Smith Optics,Sunglasses & Sports Optics,Sports & Athletics,Head,taryn@smithoptics.com,,http://www.linkedin.com/in/taryn-ryan-02b50531,new_enriched
Stephanie,Dugas,Stephanie Dugas,Head of Global Marketing and Communication,JULBO,Sunglasses & Sports Optics,Sports & Athletics,Head,stephanie@julbo.fr,,http://www.linkedin.com/in/stephanie-dugas-71170b4,new_enriched
Joseph,Krassenstein,Joseph Krassenstein,Director of Sports Marketing & Partnerships,goodr,Sunglasses & Sports Optics,Sports & Athletics,Director,josephkrassenstein@goodr.com,,http://www.linkedin.com/in/joseph-krassenstein,new_enriched
John,Ohail,John Ohail,Global Director of Icon Sports Marketing,Oakley,Sunglasses & Sports Optics,Sports & Athletics,Director,johail@oakley.com,,http://www.linkedin.com/in/johnohail,new_enriched
Anthony,Paggio,Anthony Paggio,Global Sports Marketing Senior Director,Oakley,Sunglasses & Sports Optics,Sports & Athletics,Director,apaggio@oakley.com,,http://www.linkedin.com/in/anthony-paggio-377842104,new_enriched
Gwilym,Williams,Gwilym Williams,VP of Marketing (EMEA),"Vans, a VF Company",Snow/Surf Action Sports Apparel,Sports & Athletics,VP,gwilym_williams@vans.com,,http://www.linkedin.com/in/gwilymwilliams,new_enriched
PJ,Connell,PJ Connell,Vice President of Marketing and eCommerce,Rip Curl,Snow/Surf Action Sports Apparel,Sports & Athletics,C-Suite,pj.connell@ripcurl.com,,http://www.linkedin.com/in/pjconnell,new_enriched
Jean-Sebastien,Estienne,Jean-Sebastien Estienne,Head of Marketing - Europe,Rip Curl,Snow/Surf Action Sports Apparel,Sports & Athletics,Head,js.estienne@ripcurl.com,,http://www.linkedin.com/in/jean-s%c3%a9bastien-estienne-4325913a,new_enriched
Katie,Chuang,Katie Chuang,Head of Marketing (APAC),Vans,Snow/Surf Action Sports Apparel,Sports & Athletics,Head,katie_chuang@vfc.com,,http://www.linkedin.com/in/katie-chuang-resume,new_enriched
Geby,Putri,Geby Putri,Head of Marketing Communications,Rip Curl,Snow/Surf Action Sports Apparel,Sports & Athletics,Head,geby.p@ripcurl.com,,http://www.linkedin.com/in/geby-amanda-putri,new_enriched
Matt,Patterson,Matt Patterson,Director Marketing Communications,Burton Snowboards,Alt Sneaker & Comfort Footwear,Fashion & Apparel,Director,mattp@burton.com,,http://www.linkedin.com/in/matt-patterson-901303284,new_enriched
Ryan,Shadrin,Ryan Shadrin,Global VP Marketing,Cannondale,Bicycles & Cycling Gear,Sports & Athletics,VP,ryan.shadrin@cannondale.com,,http://www.linkedin.com/in/ryanshadrin,new_enriched
Christian,Lutz,Christian Lutz,Head of Marketing D/A/LU,Specialized Bicycle Components,Bicycles & Cycling Gear,Sports & Athletics,Head,christian.lutz@specialized.com,,http://www.linkedin.com/in/christian-lutz-20a4a395,new_enriched
Andrew,Dutton,Andrew Dutton,Director of Brand Marketing,Trek Bicycle,Bicycles & Cycling Gear,Sports & Athletics,Director,andrew_dutton@trekbikes.com,,http://www.linkedin.com/in/andrew-dutton-a3549895,new_enriched
Oliver,Maroney,Oliver Maroney,Head of Business Development & Partnerships,OpenSea,Crypto Exchanges & Wallets,Finance & Fintech,Head,oliver.maroney@opensea.io,,http://www.linkedin.com/in/olivermaroney,new_enriched
Mike,Swisher,Mike Swisher,"Senior Director, Global Head of Paid Marketing",Kraken,Crypto Exchanges & Wallets,Finance & Fintech,Head,mike.swisher@kraken.com,,http://www.linkedin.com/in/mikeswisher,new_enriched
Evan,Kohn,Evan Kohn,Global Head of Marketing & Growth | Kraken Pro & Institutional | VIP Relationship Management,Kraken,Crypto Exchanges & Wallets,Finance & Fintech,Head,evan.kohn@kraken.com,,http://www.linkedin.com/in/evankohn,new_enriched
Matteo,Mariat,Matteo Mariat,Head of Performance Marketing,Ledger,Crypto Exchanges & Wallets,Finance & Fintech,Head,matteo.mariat@ledger.fr,,http://www.linkedin.com/in/matteo-mariat,new_enriched
Caroline,Halpin,Caroline Halpin,Hardware Marketing Director,Ledger,Crypto Exchanges & Wallets,Finance & Fintech,Director,caroline.halpin@ledger.fr,,http://www.linkedin.com/in/caroline-halpin1234,new_enriched
Alex,Baumeier,Alex Baumeier,Head of Partnerships,CAVA,QSR Fast Casual Chains,Food & Beverage,Head,alex.baumeier@cava.com,,http://www.linkedin.com/in/alex-baumeier-967601133,new_enriched
Jenna,Bromberg,Jenna Bromberg,Chief Marketing Officer,Papa Johns,QSR Fast Casual Chains,Food & Beverage,C-Suite,jenna_bromberg@papajohns.com,,http://www.linkedin.com/in/jennabromberg,new_enriched
Asmundur,Atlason,Asmundur Atlason,CMO,Domino's Iceland,QSR Fast Casual Chains,Food & Beverage,C-Suite,asi@dominos.is,,http://www.linkedin.com/in/%c3%a1smundur-atlason-280815208,new_enriched
Greg,Hamilton,Greg Hamilton,Chief Marketing Officer,Little Caesars Pizza,QSR Fast Casual Chains,Food & Beverage,C-Suite,greg.hamilton@lcecorp.com,,http://www.linkedin.com/in/greg-hamilton-b8a1bb3,new_enriched
Katie,Sheeran,Katie Sheeran,"Vice President, Marketing",sweetgreen,QSR Fast Casual Chains,Food & Beverage,C-Suite,katie.sheeran@sweetgreen.com,,http://www.linkedin.com/in/sheerankatie,new_enriched
Kate,Trumbull,Kate Trumbull,Global CMO,Domino's,QSR Fast Casual Chains,Food & Beverage,C-Suite,kate.trumbull@dominos.com,,http://www.linkedin.com/in/katelehman,new_enriched
Chris,Lyn-Sue,Chris Lyn-Sue,Global Chief Marketing Officer,Papa Johns,QSR Fast Casual Chains,Food & Beverage,C-Suite,chris_lyn-sue@papajohns.com,,http://www.linkedin.com/in/clynsue,new_enriched
Andrew,Rebhun,Andrew Rebhun,Chief Marketing & Experience Officer,CAVA,QSR Fast Casual Chains,Food & Beverage,C-Suite,andrew.rebhun@cava.com,,http://www.linkedin.com/in/andrew-rebhun,new_enriched
Chris,Hawk,Chris Hawk,"Senior Director, Marketing Analytics & Consumer Insights",Shake Shack,QSR Fast Casual Chains,Food & Beverage,Director,chawk@shakeshack.com,,http://www.linkedin.com/in/chris-hawk-nyc,new_enriched
Nanae,Sato,Nanae Sato,Chief Marketing Officer,L'Occitane en Provence,Prestige Beauty,Beauty & Personal Care,C-Suite,nanae.sato@loccitane.com,,http://www.linkedin.com/in/nanae-kawakatsu-sato-61118a5,new_enriched
Victor,Sabbe,Victor Sabbe,Chief Marketing Officer,The Body Shop,Prestige Beauty,Beauty & Personal Care,C-Suite,victor.sabbe@thebodyshop.com,,http://www.linkedin.com/in/victor-sabbe-1536075a,new_enriched
Helen,Hsieh,Helen Hsieh,Elemis Head of Brand,L'OCCITANE Group (B Corp),Prestige Beauty,Beauty & Personal Care,Head,helen.hsieh@loccitane.com,,http://www.linkedin.com/in/helen-hsieh-b03465b,new_enriched
Mathilde,Lefevre,Mathilde Lefevre,Head of Brand Fundamentals,Groupe L'OCCITANE,Prestige Beauty,Beauty & Personal Care,Head,mathilde.lefevre@loccitane.com,,http://www.linkedin.com/in/mathilde-lef%c3%a8vre-1a51b728,new_enriched
Sarah,Henriques,Sarah Henriques,Head of Marketing,The Body Shop,Prestige Beauty,Beauty & Personal Care,Head,sarah.henriques@thebodyshop.com,,http://www.linkedin.com/in/sarah-kay-henriques,new_enriched
Lalitpan,Thepkunhanimit,Lalitpan Thepkunhanimit,Head of Marketing,L'OCCITANE Group (B Corp),Prestige Beauty,Beauty & Personal Care,Head,lalitpan.thepkunhanimit@loccitane.com,,http://www.linkedin.com/in/lalitpant,new_enriched
Brett,Mense,Brett Mense,"Head of Brand, Retail - North America",The Body Shop,Prestige Beauty,Beauty & Personal Care,Head,br@thebodyshop.com,,http://www.linkedin.com/in/brettrmense,new_enriched
Neal,Patrick,Neal Patrick,"Vice President, Marketing and Customer Analytics",L'Occitane en Provence,Prestige Beauty,Beauty & Personal Care,C-Suite,neal.patrick@loccitane.com,,http://www.linkedin.com/in/nealpatrick,new_enriched
Andre,Abramo,Andre Abramo,Head of Brand Strategy & Marketing Communications at L’occitane Group,L’OCCITANE Group,Prestige Beauty,Beauty & Personal Care,Head,andre.abramo@loccitane.com,,http://www.linkedin.com/in/andr%c3%a9-abramo-64642b56,new_enriched
Fiona,Lancaster,Fiona Lancaster,Head of Marketing & Product,The Body Shop,Prestige Beauty,Beauty & Personal Care,Head,fiona.lancaster@thebodyshop.com.au,,http://www.linkedin.com/in/fiona-lancaster-6b45ab2b8,new_enriched
Alix,Coucardon,Alix Coucardon,Chief Marketing Officer,Adore Me,Shapewear & Intimates,Fashion & Apparel,C-Suite,alix@adoreme.com,,http://www.linkedin.com/in/alix-coucardon-a071b172,new_enriched
Prav,Saraff,Prav Saraff,Vice President of Marketing,Adore Me,Shapewear & Intimates,Fashion & Apparel,C-Suite,prav.s@adoreme.com,,http://www.linkedin.com/in/prav-saraff-9b8371b0,new_enriched
Cindy,Chen,Cindy Chen,"Senior Director of Marketing, Social & Influence",Adore Me,Shapewear & Intimates,Fashion & Apparel,Director,cindy@adoreme.com,,http://www.linkedin.com/in/cindyfchen,new_enriched
Kenzie,Kepper,Kenzie Kepper,"VP, Growth Marketing",Savage X Fenty,Shapewear & Intimates,Fashion & Apparel,VP,kkepper@savagex.com,,http://www.linkedin.com/in/kenziekepper,new_enriched
Kevin,Reyes,Kevin Reyes,"Vice President, Performance Marketing & Ecommerce",Savage X Fenty,Shapewear & Intimates,Fashion & Apparel,C-Suite,kereyes@savagex.com,,http://www.linkedin.com/in/kpreyes,new_enriched
Roxana,Turcanu,Roxana Turcanu,Head of Performance Marketing and Customer Loyalty,Adore Me,Shapewear & Intimates,Fashion & Apparel,Head,roxana.t@adoreme.com,,http://www.linkedin.com/in/roxanaturcanu,new_enriched
Paul,Hillen,Paul Hillen,"VP, Performance Marketing",SKIMS,Shapewear & Intimates,Fashion & Apparel,VP,paul.hillen@skims.com,,http://www.linkedin.com/in/paulhillen,new_enriched
Glynn,Murph,Glynn Murph,"Vice President, Brand Marketing",Savage X Fenty,Shapewear & Intimates,Fashion & Apparel,C-Suite,gmurph@savagex.com,,http://www.linkedin.com/in/glynnmurph,new_enriched
Grace,Mason,Grace Mason,"VP, Brand Marketing",SKIMS,Shapewear & Intimates,Fashion & Apparel,VP,gm@skims.com,,http://www.linkedin.com/in/grace-mason-06771162,new_enriched
Luisa,Baeza,Luisa Baeza,VP Growth & Marketing at Savage X Fenty,Savage X Fenty,Shapewear & Intimates,Fashion & Apparel,VP,lbaeza@savagex.com,,http://www.linkedin.com/in/luisa-baeza-3a9259ab,new_enriched
Svilena,Peneva,Svilena Peneva,Head of Partnerships,WP Engine,Website Builders & Hosting,Tech & SaaS,Head,svilena.peneva@wpengine.com,,http://www.linkedin.com/in/svilenapeneva,new_enriched
Suchanda,Mandal,Suchanda Mandal,"VP Partnerships, APAC",Cloudflare,Website Builders & Hosting,Tech & SaaS,VP,suchanda@cloudflare.com,,http://www.linkedin.com/in/suchanda-m-95b651,new_enriched
Salim,Ali,Salim Ali,Chief Marketing Officer,Bluehost,Website Builders & Hosting,Tech & SaaS,C-Suite,salim.ali@bluehost.com,,http://www.linkedin.com/in/salimali,new_enriched
Matt,Reid,Matt Reid,CMO,Kinsta®,Website Builders & Hosting,Tech & SaaS,C-Suite,mattreid@kinsta.com,,http://www.linkedin.com/in/mattreidsb,new_enriched
Kobi,Gamliel,Kobi Gamliel,VP Partnerships & AI Ecosystem,Wix,Website Builders & Hosting,Tech & SaaS,VP,kobig@wix.com,,http://www.linkedin.com/in/kobigamliel,new_enriched
Tal,Siach,Tal Siach,VP Marketing - Wix,Wix.com,Website Builders & Hosting,Tech & SaaS,VP,talsia@wix.com,,http://www.linkedin.com/in/talsiach,new_enriched
Amori,Langstaff,Amori Langstaff,"Senior Vice President, Marketing",WP Engine,Website Builders & Hosting,Tech & SaaS,C-Suite,amori.langstaff@wpengine.com,,http://www.linkedin.com/in/amorilangstaff,new_enriched
Noha,Abdalla,Noha Abdalla,Chief Marketing Officer,Choice Hotels International,Hotel Chains,Travel & Hospitality,C-Suite,noha.abdalla@choicehotels.com,,http://www.linkedin.com/in/nohaabdalla,new_enriched
Kayla,Adams,Kayla Adams,Chief Marketing Officer,Accor,Hotel Chains,Travel & Hospitality,C-Suite,kayla.adams@accorplus.com,,http://www.linkedin.com/in/kayla-b-adams-047875a8,new_enriched
Parsa,Esteghlali,Parsa Esteghlali,Chief Marketing Officer,Hilton,Hotel Chains,Travel & Hospitality,C-Suite,parsa.esteghlali@hilton.com,,http://www.linkedin.com/in/parsa-esteghlali-5b9831151,new_enriched
Li,Lee,Li Lee,CMO,凯悦,Other Enterprise,Other,C-Suite,llee@hyatt.com,,http://www.linkedin.com/in/li-lee-6645a6129,new_enriched
Harriet,Rowlinson,Harriet Rowlinson,Vice President of Marketing,Aman,Other Enterprise,Other,C-Suite,hrowlinson@aman.com,,http://www.linkedin.com/in/harriet-rowlinson-11782163,new_enriched
Gretchen,Kloke,Gretchen Kloke,"Vice President, Marketing",Hyatt Hotels Corporation,Consumer Telecom Giants,Telecom & Connectivity,C-Suite,sharon.kim@hyatt.com,,http://www.linkedin.com/in/gretchen-kloke-9805014,new_enriched
Stella,Belate,Stella Belate,VP of Marketing,Hilton,Hotel Chains,Travel & Hospitality,VP,stella.belate@hilton.com,,http://www.linkedin.com/in/stella-belate-982834191,new_enriched
Laurie,Blair,Laurie Blair,"SVP, Head of Global Marketing and Loyalty @ Hyatt | Chief Marketing Officer | Board Member | Start-Up Advisor | Campaign US CMO 50",Hyatt,Hotel Chains,Travel & Hospitality,C-Suite,laurie.blair@hyatt.com,,http://www.linkedin.com/in/laurieblair1,new_enriched
Katie,Cox,Katie Cox,VP Marketing EMEA,Marriott International,Hotel Chains,Travel & Hospitality,VP,katie.cox@marriott.com,,http://www.linkedin.com/in/katie-cox84,new_enriched
Mark,Weinstein,Mark Weinstein,Global Chief Marketing Officer and Head of Luxury Brands at Hilton,Hilton,Hotel Chains,Travel & Hospitality,C-Suite,mark.weinstein@hilton.com,,http://www.linkedin.com/in/markaweinstein,new_enriched
Kelly,Fleming,Kelly Fleming,CMO,Kraft Heinz,CPG Food Giants,Food & Beverage,C-Suite,kelly.fleming@kraftheinzcompany.com,,http://www.linkedin.com/in/kelfleming,new_enriched
Passant,El-Ghannam,Passant El-Ghannam,Chief Marketing Officer,Kraft Heinz,CPG Food Giants,Food & Beverage,C-Suite,passant.el-ghannam@kraftheinzcompany.com,,http://www.linkedin.com/in/passantelghannam,new_enriched
Jill,Pratt,Jill Pratt,Chief Marketing Officer,Campbell's,Other Enterprise,Other,C-Suite,jill_pratt@campbells.com,,http://www.linkedin.com/in/jill-pratt,new_enriched
Anna,Tracey,Anna Tracey,Chief Marketing Officer,Unilever,CPG Food Giants,Food & Beverage,C-Suite,anna.tracey@unilever.com,,http://www.linkedin.com/in/anna-tracey-b5636062,new_enriched
Pete,Harbour,Pete Harbour,CMO and Head of Global Condiments,Unilever,CPG Food Giants,Food & Beverage,C-Suite,peter.harbour@unilever.com,,http://www.linkedin.com/in/pete-harbour-54137035,new_enriched
Giovanna,Dilegge,Giovanna Dilegge,VP Marketing,McCormick & Company,CPG Food Giants,Food & Beverage,VP,giovanna_dilegge@mccormick.com,,http://www.linkedin.com/in/giovanna-dilegge-69929552,new_enriched
George,Buneder,George Buneder,Chief Marketing Officer - Hispanics,Kraft Heinz,CPG Food Giants,Food & Beverage,C-Suite,george.buneder@kraftheinz.com,,http://www.linkedin.com/in/george-buneder-63512328,new_enriched
Melanie,Hellenga,Melanie Hellenga,"CMO, Afh",Kraft Heinz,CPG Food Giants,Food & Beverage,C-Suite,melanie.hellenga@kraftheinz.com,,http://www.linkedin.com/in/melaniehellenga,new_enriched
Chris,Kapica,Chris Kapica,Head of Brand Strategy & Marketing,General Mills,CPG Food Giants,Food & Beverage,Head,chris.kapica@generalmills.com,,http://www.linkedin.com/in/chris-kapica-3153714,new_enriched
Atika,M,Atika M,Head - Partnerships (Brand & Marketing) - Corporate Alliances,Unilever,CPG Food Giants,Food & Beverage,Head,atika.obhan@unilever.com,,http://www.linkedin.com/in/atika-obhan,new_enriched
Cristina,Leo,Cristina Leo,CMO | Senior Director Marketing,PepsiCo,Beverage Conglomerates,Food & Beverage,C-Suite,cristina.leo@pepsico.com,,http://www.linkedin.com/in/cristina-leo-mis,new_enriched
Joan,Clark,Joan Clark,CMO,Brown-Forman,Beverage Conglomerates,Food & Beverage,C-Suite,jclark@brown-forman.com,,http://www.linkedin.com/in/joan-clark-b2350217b,new_enriched
Alejandro,Molina,Alejandro Molina,VP Marketing,AB InBev,Beverage Conglomerates,Food & Beverage,VP,alejandro.molina@ab-inbev.com,,http://www.linkedin.com/in/alejandro-molina-polo,new_enriched
Stacey,Ramstedt,Stacey Ramstedt,Chief Marketing Officer,"Church & Dwight Co., Inc.",CPG Household & Personal Care,Beauty & Personal Care,C-Suite,stacey.ramstedt@churchdwight.com,,http://www.linkedin.com/in/staceyramstedt,new_enriched
Melissa,Aceves,Melissa Aceves,Chief Marketing Officer,Procter & Gamble,CPG Household & Personal Care,Beauty & Personal Care,C-Suite,aceves.dm@pg.com,,http://www.linkedin.com/in/melissa-aceves-1197768,new_enriched
Eric,Schwartz,Eric Schwartz,Consumer Products Leader,The Clorox Company,CPG Household & Personal Care,Beauty & Personal Care,Other,eric.schwartz1@clorox.com,,http://www.linkedin.com/in/ericsschwartz,new_enriched
Jessica,Hedin-Westphalen,Jessica Hedin-Westphalen,Head of Marketing Nordics (Brand Director Nordics),Procter & Gamble,CPG Household & Personal Care,Beauty & Personal Care,Head,jessica.h@pg.com,,http://www.linkedin.com/in/jessicahedin-westphalen,new_enriched
Kainaz,Gazder,Kainaz Gazder,Senior Vice President & Chief Marketing Officer,Procter & Gamble,CPG Household & Personal Care,Beauty & Personal Care,C-Suite,gazder.k@pg.com,,http://www.linkedin.com/in/kainaz-gazder-88103a3,new_enriched
Bill,Adams,Bill Adams,VP Marketing,Johnson & Johnson,Alt Sneaker & Comfort Footwear,Fashion & Apparel,VP,badams@its.jnj.com,,http://www.linkedin.com/in/billadams72,new_enriched
Carolina,Incognito,Carolina Incognito,Vice President Marketing,Colgate Palmolive,CPG Personal Care Giants,Food & Beverage,C-Suite,carolina_incognito@colpal.com,,http://www.linkedin.com/in/carolina-incognito-75805334,new_enriched
Christopher,Talbott,Christopher Talbott,Vice President Marketing,Procter & Gamble,CPG Household & Personal Care,Beauty & Personal Care,C-Suite,talbott.cm@pg.com,,http://www.linkedin.com/in/christophertalbott,new_enriched
Akshay,Sardesai,Akshay Sardesai,Vice President Marketing,Reckitt,CPG Household & Personal Care,Beauty & Personal Care,C-Suite,akshay.sardesai@reckitt.com,,http://www.linkedin.com/in/akshay-sardesai-3a9115b,new_enriched
Shehab,Al-Sayegh,Shehab Al-Sayegh,Head of Marketing,Kimberly-Clark,CPG Household & Personal Care,Beauty & Personal Care,Head,shehab.alsayegh@kcc.com,,http://www.linkedin.com/in/shehab-al-sayegh-53347488,new_enriched
Jim,Tuerk,Jim Tuerk,VP of Marketing,Reverb,Other Enterprise,Other,VP,jim@reverb.com,,http://www.linkedin.com/in/jimtuerk,new_enriched
Emily,O'Hara,Emily O'Hara,"VP, Global Head of Brand & Media",eBay,Resale Marketplaces,Retail & Home,VP,emohara@ebay.com,,http://www.linkedin.com/in/emilyeohara,new_enriched
Agne,Gintiliene,Agne Gintiliene,Director of Marketing Programs and Operations,Vinted,Resale Marketplaces,Retail & Home,Director,agne.gintiliene@vinted.com,,http://www.linkedin.com/in/agnegintiliene,new_enriched
Natalie,Bean,Natalie Bean,Head of PR & Partnerships,Depop,Resale Marketplaces,Retail & Home,Head,natalie.bean@depop.com,,http://www.linkedin.com/in/natbean,new_enriched
Jacklyn,Avila,Jacklyn Avila,Vice President of Marketing,Big 5 Sporting Goods,Outdoor Apparel,Sports & Athletics,C-Suite,jxa@big5corp.com,,http://www.linkedin.com/in/jacklynavila,new_enriched
Aileen,Ottenweller,Aileen Ottenweller,Head of Brand and Business Impact,Patagonia,Outdoor Apparel,Sports & Athletics,Head,aileen.ottenweller@patagonia.com,,http://www.linkedin.com/in/aileen-ottenweller-35273111,new_enriched
Denise,Anderson,Denise Anderson,"Head of Marketing, AMER",The North Face,Outdoor Apparel,Sports & Athletics,Head,denise_anderson@thenorthface.com,,http://www.linkedin.com/in/denise-anderson-0309b712,new_enriched
James,Kelly,James Kelly,Head of Global Sports Marketing,The North Face,Outdoor Apparel,Sports & Athletics,Head,james_kelly@thenorthface.com,,http://www.linkedin.com/in/jimmykelly79,new_enriched
Stephane,Tenailleau,Stephane Tenailleau,Vice President Brand Marketing - EMEA,Arc'teryx Equipment,Outdoor Apparel,Sports & Athletics,C-Suite,stephane.tenailleau@arcteryx.com,,http://www.linkedin.com/in/stephanetenailleau,new_enriched
Martina,Cerletti,Martina Cerletti,Retail Marketing Director - EMEA,"The North Face, a VF Company",Outdoor Apparel,Sports & Athletics,Director,martina_cerletti@thenorthface.com,,http://www.linkedin.com/in/martina-cerletti-4838641a,new_enriched
Kent,Hawkins,Kent Hawkins,"Director, Trade Marketing",Arc'teryx Equipment,Outdoor Apparel,Sports & Athletics,Director,kent.hawkins@arcteryx.com,,http://www.linkedin.com/in/kenthawkins,new_enriched
Elizabeth,Rutledge,Elizabeth Rutledge,Chief Marketing Officer,American Express,Financial Services Giants,Finance & Fintech,C-Suite,elizabeth.rutledge@aexp.com,,http://www.linkedin.com/in/elizabeth-rutledge,new_enriched
John,Hayes,John Hayes,Chief Marketing Officer,American Express,Financial Services Giants,Finance & Fintech,C-Suite,john.d.hayes@aexp.com,,http://www.linkedin.com/in/johnhayesamericanexpress,new_enriched
James,Aron,James Aron,"Vice President, Chief Marketing Officer",Capital One,Financial Services Giants,Finance & Fintech,C-Suite,james.aron@capitalone.com,,http://www.linkedin.com/in/jamesaron,new_enriched
Stacy,Hammond,Stacy Hammond,Chief Marketing Officer,Charles Schwab,Financial Services Giants,Finance & Fintech,C-Suite,stacy.hammond@schwab.com,,http://www.linkedin.com/in/stacy-hammond-2a9484,new_enriched
Claire,Lane,Claire Lane,"Managing Director and Chief Marketing Officer, EMEA",BlackRock,Financial Services Giants,Finance & Fintech,C-Suite,claire.lane@blackrock.com,,http://www.linkedin.com/in/claireflane,new_enriched
Chris,Gough,Chris Gough,Head of Brand Marketing & PR,Capital One,Financial Services Giants,Finance & Fintech,Head,christopher.gough@capitalone.com,,http://www.linkedin.com/in/cwgough,new_enriched
Pieter,Nelissen,Pieter Nelissen,"Director, Head of Marketing",BlackRock,Financial Services Giants,Finance & Fintech,Head,pieter.nelissen@blackrock.com,,http://www.linkedin.com/in/pieter-nelissen-4b2b5a3,new_enriched
Elizabeth,Kelley,Elizabeth Kelley,"Head of Marketing, Brand & Enterprise",Fidelity Investments,Financial Services Giants,Finance & Fintech,Head,elizabeth.kelley@fidelity.com,,http://www.linkedin.com/in/elizabeth-kelley-708a963,new_enriched
Seth,Cole,Seth Cole,"Senior Vice President, Head of Sports and Olympic Marketing & Brand Partnerships",NBCUniversal,Big Media Networks & Studios,Media & Publishing,C-Suite,seth.cole@nbcuni.com,,http://www.linkedin.com/in/seth-cole-1369154,new_enriched
Fernao,Cabral,Fernao Cabral,Head of Partnerships,The Walt Disney Company,Big Media Networks & Studios,Media & Publishing,Head,fernao.cabral@disney.com,,http://www.linkedin.com/in/fernaocabral,new_enriched
Amanda,Garcia,Amanda Garcia,"VP, Partnerships (Paramount+)",Paramount,Big Media Networks & Studios,Media & Publishing,VP,amanda.garcia@paramount.com,,http://www.linkedin.com/in/amanda-garc%c3%ada-bb545413,new_enriched
Alix,Teppel,Alix Teppel,"Head of Marketing and Brand Partnerships, Paramount Sports Entertainment",Paramount,Big Media Networks & Studios,Media & Publishing,Head,alix.teppel@paramount.com,,http://www.linkedin.com/in/alixcolbyteppel,new_enriched
Nicole,Parlapiano,Nicole Parlapiano,Chief Marketing Officer,Tubi,Streaming Platforms,Media & Publishing,C-Suite,nicole@tubi.tv,,http://www.linkedin.com/in/nicoleparlapiano,new_enriched
Poornima,Sharma,Poornima Sharma,"Head of Marketing Partnerships, India",Netflix,Streaming Platforms,Media & Publishing,Head,psharma@netflix.com,,http://www.linkedin.com/in/poornima-sharma-9a91262a,new_enriched
Emma,Lloyd,Emma Lloyd,Vice President Partnerships EMEA,Netflix,Streaming Platforms,Media & Publishing,C-Suite,emmal@netflix.com,,http://www.linkedin.com/in/emmalloyd,new_enriched
Vijay,Rao,Vijay Rao,"Senior Vice President, Partnerships",Tubi,Streaming Platforms,Media & Publishing,C-Suite,vrao@tubi.tv,,http://www.linkedin.com/in/vijayrao74,new_enriched
Shai,Trichter,Shai Trichter,"Head of Brand & Operations, Sports Marketing",Prime Video & Amazon MGM Studios,Alt Sneaker & Comfort Footwear,Fashion & Apparel,Head,shaitric@amazon.com,,http://www.linkedin.com/in/shaitrichter,new_enriched
Pamela,Levine,Pamela Levine,"Vice President, Marketing - UCAN",Netflix,Streaming Platforms,Media & Publishing,C-Suite,pamelal@netflix.com,,http://www.linkedin.com/in/pamela-levine,new_enriched
Lilly,Ng,Lilly Ng,Chief Marketing Officer,Apple,Other Enterprise,Other,C-Suite,lng@apple.com,,http://www.linkedin.com/in/lillyng1,new_enriched
Ashraful,Alam,Ashraful Alam,Chief Marketing Officer,Apple,Other Enterprise,Other,C-Suite,aalam@apple.com,,http://www.linkedin.com/in/ashraful-alam-a11b89257,new_enriched
Don,Moss,Don Moss,CMO/Executive Director of Marketing,iHeartMedia,Audio Streaming & Podcasts,Music & Live,C-Suite,don.moss@murgadoautogroup.com,,http://www.linkedin.com/in/donmoss,new_enriched
James,Finn,James Finn,"SVP, Global Head of Brand and Content Marketing",Audible,Education/Learning,Creator & Learning,VP,finn@audible.com,,http://www.linkedin.com/in/james-finn-marketing-ny,new_enriched
Tim,Katz,Tim Katz,"VP, Partnerships",YouTube,Other Enterprise,Other,VP,timkatz@youtube.com,,http://www.linkedin.com/in/tim-katz-bb89867,new_enriched
Kishan,Balgobin,Kishan Balgobin,"Head of Partnerships, AirPlay",Apple,Other Enterprise,Other,Head,kishan@apple.com,,http://www.linkedin.com/in/kishanbalgobin,new_enriched
Jess,Kessler,Jess Kessler,"Head of Brand & Content Marketing, North America","Audible, Inc.",Audio Streaming & Podcasts,Music & Live,Head,jesskess@audible.com,,http://www.linkedin.com/in/jesskessler,new_enriched
Dana,Kelly-Apolinario,Dana Kelly-Apolinario,"VP of Marketing Solutions, Strategic Partnerships Group",iHeartMedia,Audio Streaming & Podcasts,Music & Live,VP,danakelly@iheartmedia.com,,http://www.linkedin.com/in/danalisakelly,new_enriched
Gabriella,McLaughlin,Gabriella McLaughlin,Chief Marketing Officer,Reebok,Athletic Footwear/Apparel Giants,Sports & Athletics,C-Suite,gabriella.m@reebok.com,,http://www.linkedin.com/in/gabriella-weiser,new_enriched
Rodney,Rambo,Rodney Rambo,Chief Marketing Officer,Converse,Athletic Footwear/Apparel Giants,Sports & Athletics,C-Suite,rodney.rambo@converse.com,,http://www.linkedin.com/in/rodney-rambo-99a415a,new_enriched
Guilherme,Ayala,Guilherme Ayala,Chief Marketing Officer,Reebok,Athletic Footwear/Apparel Giants,Sports & Athletics,C-Suite,ayalag@reebok.com,,http://www.linkedin.com/in/guilhermemendesayala,new_enriched
Matias,Schiro,Matias Schiro,Chief Marketing Officer,Converse,Athletic Footwear/Apparel Giants,Sports & Athletics,C-Suite,matias.schiro@converse.com.mx,,http://www.linkedin.com/in/schiromatias,new_enriched
Ali,Cameron,Ali Cameron,Head of Marketing & Brand - Canada,Nike,Athletic Footwear/Apparel Giants,Sports & Athletics,Head,ali.cameron@nike.com,,http://www.linkedin.com/in/alilcameron,new_enriched
Diego,Legname,Diego Legname,Latam Senior Marketing Director (CMO),Nike,Athletic Footwear/Apparel Giants,Sports & Athletics,C-Suite,diego.legname@nike.com,,http://www.linkedin.com/in/diegolegname,new_enriched
Kelly,Graham,Kelly Graham,Vice President Marketing,adidas,Athletic Footwear/Apparel Giants,Sports & Athletics,C-Suite,kelly.graham@adidas.com,,http://www.linkedin.com/in/kelly-graham-80214613,new_enriched
Sean,Tindale,Sean Tindale,Head of Brand,the LEGO Group,Global Toys & Games,Retail & Home,Head,sean.tindale@lego.com,,http://www.linkedin.com/in/seantindale,new_enriched
Preben,Moller,Preben Moller,"Head of Marketing, Brand, and Innovation.",the LEGO Group,Global Toys & Games,Retail & Home,Head,preben.moeller@lego.com,,http://www.linkedin.com/in/preben-m%c3%b8ller-59678a10,new_enriched
Mariano,Sampietro,Mariano Sampietro,VP Head of Marketing,the LEGO Group,Global Toys & Games,Retail & Home,VP,mariano.sampietro@lego.com,,http://www.linkedin.com/in/marianosampietro,new_enriched
Erik,Jobson,Erik Jobson,Vice President Marketing,"Mattel, Inc.",Global Toys & Games,Retail & Home,C-Suite,erik.jobson@mattel.com,,http://www.linkedin.com/in/erik-jobson-9b35866,new_enriched
Sheanna,Patelmaster,Sheanna Patelmaster,Head of Brand Governance,the LEGO Group,Global Toys & Games,Retail & Home,Head,sheanna.patelmaster@lego.com,,http://www.linkedin.com/in/sheanna-patelmaster-661b1412b,new_enriched
Kayla,Bogucki,Kayla Bogucki,"Global Head of Marketing, Mattel Brand","Mattel, Inc.",Global Toys & Games,Retail & Home,Head,kayla.bogucki@mattel.com,,http://www.linkedin.com/in/kaylabogucki,new_enriched
Justine,McKenny,Justine McKenny,"Senior Director, Head of Marketing",the LEGO Group,Global Toys & Games,Retail & Home,Head,justine.mckenny@lego.com,,http://www.linkedin.com/in/justine-mckenny-382169a3,new_enriched
Claire,Waugh,Claire Waugh,Senior Vice President Marketing,the LEGO Group,Global Toys & Games,Retail & Home,C-Suite,claire.waugh@lego.com,,http://www.linkedin.com/in/claire-waugh-863b8171,new_enriched
Ana,Pereira,Ana Pereira,"VP Marketing and Sales, International",Spin Master,Global Toys & Games,Retail & Home,VP,anap@spinmaster.com,,http://www.linkedin.com/in/ana-pereira-229b07,new_enriched
Jeff,Jenkins,Jeff Jenkins,Chief Marketing Officer,Sam's Club,Big Box Retailers,Retail & Home,C-Suite,jeff.jenkins@samsclub.com,,http://www.linkedin.com/in/jeffmjenkins,new_enriched
Jennie,Weber,Jennie Weber,Chief Marketing Officer,CubeSmart,Other Enterprise,Other,C-Suite,jennie.weber@bestbuy.com,,http://www.linkedin.com/in/jennie-weber-31802531,new_enriched
Javier,Andrade,Javier Andrade,SVP / CMO,Walmart de Mexico y Centroamérica,Big Box Retailers,Retail & Home,C-Suite,javier.andrade@walmart.com,,http://www.linkedin.com/in/javier-andrade-vp,new_enriched
Deniz,Anders,Deniz Anders,"EVP, Chief Marketing Officer",Nordstrom,Big Box Retailers,Retail & Home,C-Suite,deniz.anders@nordstrom.com,,http://www.linkedin.com/in/deniz-anders-99073146,new_enriched
William,White,William White,"Chief Marketing Officer, Walmart",Walmart,Big Box Retailers,Retail & Home,C-Suite,william.white@walmart.com,,http://www.linkedin.com/in/williamallenwhite,new_enriched
David,Good,David Good,Vice President Media + Marketing,Academy Sports + Outdoors,Big Box Retailers,Retail & Home,C-Suite,david.good@academy.com,,http://www.linkedin.com/in/david-good-33577bb,new_enriched
Greta,Hanson,Greta Hanson,Vice President Marketing,Target,Other Enterprise,Other,C-Suite,greta.hanson@target.com,,http://www.linkedin.com/in/greta-hanson-5319265,new_enriched
Gigi,Guerra,Gigi Guerra,"VP, Marketing, Creative Curation (Partnerships & Experiential)",Target,Other Enterprise,Other,VP,gigi.guerra@target.com,,http://www.linkedin.com/in/gigi-guerra,new_enriched
Barbra,Sainsurin,Barbra Sainsurin,Global Chief Marketing Officer,Anthropologie,DTC Apparel Mall Brands,Fashion & Apparel,C-Suite,bsainsurin@anthropologie.com,,http://www.linkedin.com/in/barbra-sainsurin-33b8404,new_enriched
Ellie,Whiteford,Ellie Whiteford,SVP Marketing,Madewell,DTC Apparel Mall Brands,Fashion & Apparel,VP,ellie.whiteford@madewell.com,,http://www.linkedin.com/in/ellie-whiteford-37641833,new_enriched
Selena,Kohng,Selena Kohng,Head of Brand Voice,Anthropologie,DTC Apparel Mall Brands,Fashion & Apparel,Head,skohng@anthropologie.com,,http://www.linkedin.com/in/selenakohng,new_enriched
Kyla,Flax,Kyla Flax,Head of Brand and Creative Styling,Anthropologie,DTC Apparel Mall Brands,Fashion & Apparel,Head,kflax@anthropologie.com,,http://www.linkedin.com/in/kyla-flax-2a107450,new_enriched
Tim,Castree,Tim Castree,Chief Marketing Officer,DoorDash,Ride Share & Delivery,Auto & Mobility,C-Suite,tim.castree@doordash.com,,http://www.linkedin.com/in/tim-castree-a96a4b4b,new_enriched
Lucinda,Barlow,Lucinda Barlow,International CMO,Uber,Other Enterprise,Other,C-Suite,lucindab@uber.com,,http://www.linkedin.com/in/lucindabarlow,new_enriched
Marnie,Kain,Marnie Kain,"Vice President, Head of Brand Marketing",Grubhub,Ride Share & Delivery,Auto & Mobility,C-Suite,mkain@grubhub.com,,http://www.linkedin.com/in/marnie-kain-95024a8,new_enriched
Michelle,Fry,Michelle Fry,Head of Partnerships,DoorDash,Ride Share & Delivery,Auto & Mobility,Head,michelle.fry@doordash.com,,http://www.linkedin.com/in/michelleafry,new_enriched
Elena,Mari,Elena Mari,Head of Marketing,Uber,Other Enterprise,Other,Head,elena.mari@uber.com,,http://www.linkedin.com/in/elenamari85,new_enriched
Kirstie,McCarter,Kirstie McCarter,"Senior Director, Head of Partnerships",Instacart,Ride Share & Delivery,Auto & Mobility,Head,kirstie.mccarter@instacart.com,,http://www.linkedin.com/in/kirstiemccarter,new_enriched
Kate,Coyne,Kate Coyne,Head of Partnerships,Uber,Other Enterprise,Other,Head,kcoyne@uber.com,,http://www.linkedin.com/in/kate-coyne,new_enriched
Jennifer,Richardi,Jennifer Richardi,Head of Brand & Creative,DoorDash,Ride Share & Delivery,Auto & Mobility,Head,jennifer.richardi@doordash.com,,http://www.linkedin.com/in/jennifer-richardi,new_enriched
Chanil,Silva,Chanil Silva,Head of Partnerships & Strategic Initiatives,Uber,Other Enterprise,Other,Head,cdesilva@uber.com,,http://www.linkedin.com/in/cndesilva,new_enriched
Carly,Steinberg,Carly Steinberg,"Senior Director, Head of Marketing, Canada",DoorDash,Ride Share & Delivery,Auto & Mobility,Head,carly.steinberg@doordash.com,,http://www.linkedin.com/in/carlysteinberg,new_enriched
Nicole,C,Nicole C,Chief Marketing Officer,United Airlines,Airlines,Travel & Hospitality,C-Suite,nicole.c@united.com,,http://www.linkedin.com/in/nicole-c-519b0b206,new_enriched
Caroline,Clayton,Caroline Clayton,SVP Communications and Chief Marketing Officer,American Airlines,Airlines,Travel & Hospitality,C-Suite,caroline.clayton@aa.com,,http://www.linkedin.com/in/caroline-clayton-47835877,new_enriched
Jennifer,Bridie,Jennifer Bridie,Vice President Marketing,Southwest Airlines,Airlines,Travel & Hospitality,C-Suite,jennifer.bridie@wnco.com,,http://www.linkedin.com/in/jennifer-bridie-ab97107,new_enriched
Nancy,Clark,Nancy Clark,"Vice President Partnerships, Emirates Skywards",Emirates,Airlines,Travel & Hospitality,C-Suite,nancy.clark@emirates.com,,http://www.linkedin.com/in/nancy-clark-19986752,new_enriched
Marc,Mueller,Marc Mueller,Head of Brand Management,Lufthansa,Airlines,Travel & Hospitality,Head,alexander.mueller@dlh.de,,http://www.linkedin.com/in/marcamueller,new_enriched
Emmakate,Young,Emmakate Young,Head of Brand Marketing,Delta Air Lines,Airlines,Travel & Hospitality,Head,emmakate.young@delta.com,,http://www.linkedin.com/in/emmakate,new_enriched
Hannah,Critien,Hannah Critien,Head of Brand,British Airways,Airlines,Travel & Hospitality,Head,hannah.critien@ba.com,,http://www.linkedin.com/in/hannah-critien,new_enriched
Emma,Coveney,Emma Coveney,Head of Marketing,British Airways,Airlines,Travel & Hospitality,Head,emma.coveney@ba.com,,http://www.linkedin.com/in/emmalcoveney,new_enriched
Cindy,Richter,Cindy Richter,Head of Marketing,Lufthansa,Airlines,Travel & Hospitality,Head,cindy.richter@dlh.de,,http://www.linkedin.com/in/cindy-richter-b70443157,new_enriched
Thomas,Poltronieri,Thomas Poltronieri,Head of Marketing Italy,Singapore Airlines,Airlines,Travel & Hospitality,Head,thomas_poltronieri@singaporeair.com.sg,,http://www.linkedin.com/in/thomaspoltronieri,new_enriched
Jerret,West,Jerret West,Chief Marketing Officer,Roblox,Video Game Publishers,Gaming,C-Suite,jerretw@roblox.com,,http://www.linkedin.com/in/jerretw,new_enriched
Andrew,O'Sullivan,Andrew O'Sullivan,CMO,Electronic Arts (EA),Video Game Publishers,Gaming,C-Suite,aosullivan@ea.com,,http://www.linkedin.com/in/andrewo5ullivan,new_enriched
Noah,Gerard-Grossman,Noah Gerard-Grossman,"Head of Partnerships, Americas",Unity,Video Game Publishers,Gaming,Head,noah.gerardgrossman@unity3d.com,,http://www.linkedin.com/in/noahgerardgrossman,new_enriched
Josh,Moskovitz,Josh Moskovitz,Vice President of Marketing,Rockstar Games,Video Game Publishers,Gaming,C-Suite,josh.moskovitz@rockstargames.com,,http://www.linkedin.com/in/josh-moskovitz-16b80817,new_enriched
Eva,Suarez,Eva Suarez,Head of Partnerships Esport EMEA,Riot Games,Video Game Publishers,Gaming,Head,esuarez@riotgames.com,,http://www.linkedin.com/in/evasuareztellechea,new_enriched
Nate,Nanzer,Nate Nanzer,"SVP, Partnerships and Monetization",Epic Games,Video Game Publishers,Gaming,VP,nate.nanzer@epicgames.com,,http://www.linkedin.com/in/nate-nanzer-25bb44,new_enriched
Tyler,Bahl,Tyler Bahl,"Vice President and Head of Marketing, Call of Duty",Activision,Video Game Publishers,Gaming,C-Suite,tyler.bahl@activision.com,,http://www.linkedin.com/in/tylerbahl,new_enriched
Nahum,Shemesh,Nahum Shemesh,"Regional Vice President, Partnerships & Sales - APAC",Unity,Video Game Publishers,Gaming,C-Suite,nahum.shemesh@unity3d.com,,http://www.linkedin.com/in/nahum-shemesh-8528723,new_enriched
Danny,Ruiz,Danny Ruiz,"Head of Marketing, U.S.",Ubisoft,Video Game Publishers,Gaming,Head,danny.ruiz@ubisoft.com,,http://www.linkedin.com/in/danny-ruiz-marketing,new_enriched
Kate,Zibell,Kate Zibell,Chief Marketing Officer,Turtle Beach,Gaming Hardware & Peripherals,Gaming,C-Suite,kate.zibell@turtlebeach.com,,http://www.linkedin.com/in/kate-zibell-58a5302,new_enriched
Kim,Denapoli,Kim Denapoli,"SVP, Head of Brand",Turtle Beach,Gaming Hardware & Peripherals,Gaming,VP,kim.denapoli@turtlebeach.com,,http://www.linkedin.com/in/kim-denapoli,new_enriched
Jim,Urbaitis,Jim Urbaitis,"SVP, Marketing and Consumer Experience",Nintendo,Gaming Hardware & Peripherals,Gaming,VP,jameur02@noa.nintendo.com,,http://www.linkedin.com/in/jimurbaitis,new_enriched
Bob,Picunko,Bob Picunko,"Head of Marketing, Americas",Razer Inc.,Consumer Electronics Peripherals,Tech & SaaS,Head,bob.picunko@razer.com,,http://www.linkedin.com/in/bobpicunko,new_enriched
Jeremiah,Andrick,Jeremiah Andrick,"Vice President Marketing, Software & DTC",SteelSeries,Consumer Electronics Peripherals,Tech & SaaS,C-Suite,jeremiah.andrick@steelseries.com,,http://www.linkedin.com/in/jandrick,new_enriched
Scott,Harter,Scott Harter,Head of Licensing & Partnerships,SteelSeries,Consumer Electronics Peripherals,Tech & SaaS,Head,scott.harter@steelseries.com,,http://www.linkedin.com/in/scott-allan-harter,new_enriched
Melissa,Tomlinson,Melissa Tomlinson,"Head of Americas, VP of Sales and Marketing",SteelSeries,Consumer Electronics Peripherals,Tech & SaaS,VP,melissa.tomlinson@steelseries.com,,http://www.linkedin.com/in/melissa-tomlinson-720b224,new_enriched
Andrew,Tagher,Andrew Tagher,Head of Global Partnerships,Logitech G,Consumer Electronics Peripherals,Tech & SaaS,Head,atagher@logitech.com,,http://www.linkedin.com/in/andrewtagher,new_enriched
Beatrice,Benson,Beatrice Benson,Global Head of Retail Brand Marketing,Razer Inc.,Consumer Electronics Peripherals,Tech & SaaS,Head,beatrice.benson@razer.com,,http://www.linkedin.com/in/beatrice-benson,new_enriched
Jenn,Garbach,Jenn Garbach,Chief Marketing Officer,PNC,Other Enterprise,Other,C-Suite,jenn.garbach@pnc.com,,http://www.linkedin.com/in/jenngarbach,new_enriched
Michael,Lacorazza,Michael Lacorazza,Chief Marketing Officer,U.S. Bank,Big Banks,Finance & Fintech,C-Suite,michael.lacorazza@usbank.com,,http://www.linkedin.com/in/lacorazza,new_enriched
Elle,Kross,Elle Kross,Head of Brand Marketing,Wells Fargo,Big Banks,Finance & Fintech,Head,elle.kross@wellsfargo.com,,http://www.linkedin.com/in/ellekross,new_enriched
Brett,Susser,Brett Susser,VP - Partnerships,Synchrony,Big Banks,Finance & Fintech,VP,brett.susser@syf.com,,http://www.linkedin.com/in/brett-susser-b2929090,new_enriched
David,Pourjahan,David Pourjahan,Head of Partnerships – Avvance,U.S. Bank,Big Banks,Finance & Fintech,Head,david.pourjahan@usbank.com,,http://www.linkedin.com/in/davidpourjahan,new_enriched
Julie,Nichols,Julie Nichols,"Senior Vice President, Marketing Director",Bank of America,Big Banks,Finance & Fintech,C-Suite,jnichols8@bofa.com,,http://www.linkedin.com/in/nicholsjulie,new_enriched
Brandi,Ward,Brandi Ward,"VP, Marketing Director",Bank of America,Big Banks,Finance & Fintech,VP,brandi.ward@bofa.com,,http://www.linkedin.com/in/brandihardin,new_enriched
Dani,Dody,Dani Dody,"SVP, Marketing Director",Bank of America,Big Banks,Finance & Fintech,VP,danielle.dody@bofa.com,,http://www.linkedin.com/in/dani-dody-4895669,new_enriched
Stephanie,Halseide,Stephanie Halseide,VP of Marketing,Wells Fargo,Big Banks,Finance & Fintech,VP,stephanie.halseide@wellsfargo.com,,http://www.linkedin.com/in/stephanie-halseide,new_enriched
Silvia,Hidalgo-Chaves,Silvia Hidalgo-Chaves,"VP, Marketing",Synchrony,Big Banks,Finance & Fintech,VP,silvia.hidalgo-chaves@syf.com,,http://www.linkedin.com/in/silviahidalgochaves,new_enriched
Kelly,Mahoney,Kelly Mahoney,Chief Marketing Officer,Ulta Beauty,Beauty Retailers & Fast Fashion,Fashion & Apparel,C-Suite,kmahoney@ulta.com,,http://www.linkedin.com/in/kelly-mahoney-3546806,new_enriched
Zena,Arnold,Zena Arnold,Chief Marketing Officer,SEPHORA,Beauty Retailers & Fast Fashion,Fashion & Apparel,C-Suite,zena.arnold@sephora.com,,http://www.linkedin.com/in/zenasrivatsaarnold,new_enriched
Molly,Miao,Molly Miao,CMO,SHEIN,Beauty Retailers & Fast Fashion,Fashion & Apparel,C-Suite,molly@shein.com,,http://www.linkedin.com/in/molly-miao-7b2995165,new_enriched
Capucine,Joulot,Capucine Joulot,Head of Brand Marketing-Europe,SEPHORA,Beauty Retailers & Fast Fashion,Fashion & Apparel,Head,capucine.joulot@sephora.fr,,http://www.linkedin.com/in/capucine-joulot-434b9736,new_enriched
Emily,Maxey,Emily Maxey,VP Marketing,Ulta Beauty,Beauty Retailers & Fast Fashion,Fashion & Apparel,VP,emaxey@ulta.com,,http://www.linkedin.com/in/emily-maxey-2841676,new_enriched
Olive,Leatherwood,Olive Leatherwood,Head of Brand Communications,SSENSE,Beauty Retailers & Fast Fashion,Fashion & Apparel,Head,olivia.leatherwood@ssense.com,,http://www.linkedin.com/in/oleatherwood,new_enriched
Nicole,Solorzano,Nicole Solorzano,Chief Marketing Officer,"Glossier, Inc.",Celebrity Beauty Brands,Beauty & Personal Care,C-Suite,nicole.solorzano@glossier.com,,http://www.linkedin.com/in/nicolegervais456,new_enriched
Angela,Simpson,Angela Simpson,Chief Marketing Officer,Haus Labs By Lady Gaga,Celebrity Beauty Brands,Beauty & Personal Care,C-Suite,asimpson@hauslabs.com,,http://www.linkedin.com/in/angela-simpson-88715148,new_enriched
Ashley,Murphy,Ashley Murphy,Chief Marketing Officer,Rare Beauty,Celebrity Beauty Brands,Beauty & Personal Care,C-Suite,ashley@rarebeauty.com,,http://www.linkedin.com/in/ashley-murphy-64bb4033,new_enriched
Kenya,Eldridge,Kenya Eldridge,Senior Vice President Marketing,Haus Labs,Celebrity Beauty Brands,Beauty & Personal Care,C-Suite,keldridge@hauslabs.com,,http://www.linkedin.com/in/kenya-eldridge-60561b,new_enriched
Allison,Matthews,Allison Matthews,Vice President Global Marketing,Milk Makeup,Celebrity Beauty Brands,Beauty & Personal Care,C-Suite,amatthews@milkmakeup.com,,http://www.linkedin.com/in/allison-lauria-matthews-435a7023,new_enriched
Namtan,Changrew,Namtan Changrew,"Regional Head of Brand & Community, APAC",Milk Makeup,Celebrity Beauty Brands,Beauty & Personal Care,Head,namtan@milkmakeup.com,,http://www.linkedin.com/in/pimpatchangrew,new_enriched
Deanna,Federico,Deanna Federico,"Vice President, Retail Marketing",Rare Beauty,Celebrity Beauty Brands,Beauty & Personal Care,C-Suite,deanna@rarebeauty.com,,http://www.linkedin.com/in/deanna-marie-federico-488a2715,new_enriched
Artavia,Everson,Artavia Everson,"Senior Director, Consumer Marketing",Rare Beauty,Celebrity Beauty Brands,Beauty & Personal Care,Director,artavia.everson@rarebeauty.com,,http://www.linkedin.com/in/artavianicoleee,new_enriched
Tiffany,Moreno-Pamaran,Tiffany Moreno-Pamaran,Chief Marketing Officer & Assortment Analyst,"PETCO Animal Supplies, Inc. Corporate Office",Pet Retail & Services,Retail & Home,C-Suite,tiffany.moreno-pamaran@petco.com,,http://www.linkedin.com/in/tiffany-moreno-pamaran-8a74b45,new_enriched
Bradley,Breuer,Bradley Breuer,Senior Vice President Marketing,PetSmart,Pet Retail & Services,Retail & Home,C-Suite,bbreuer@petsmart.com,,http://www.linkedin.com/in/bradleybreuer,new_enriched
Amanda,Nelson,Amanda Nelson,Vice President Marketing,BARK,Other Enterprise,Other,C-Suite,amandanelson@barkbox.com,,http://www.linkedin.com/in/amanda-nelson-a090652,new_enriched
Jessica,Sonnenberg,Jessica Sonnenberg,Head of Partnerships & Membership/Loyalty Marketing,Petco,Pet Retail & Services,Retail & Home,Head,jessica.sonnenberg@petco.com,,http://www.linkedin.com/in/jessicalsonnenberg,new_enriched
Brad,Foley,Brad Foley,"Vice President, Marketing",PHD Media,Media Buying Agencies,Agencies & Rights Holders,C-Suite,brad.foley@petco.com,,http://www.linkedin.com/in/bradfoleysfdc,new_enriched
Carter,Hirtle,Carter Hirtle,Director Marketing,Chewy,Pet Retail & Services,Retail & Home,Director,chirtle@chewy.com,,http://www.linkedin.com/in/carter-hirtle-9b03129a,new_enriched
Kevin,McWhorter,Kevin McWhorter,VP of Insurance Partnerships,Trupanion,Pet Retail & Services,Retail & Home,VP,kevin.mcwhorter@trupanion.com,,http://www.linkedin.com/in/kevinmcwhorter,new_enriched
Prateek,Ranjan,Prateek Ranjan,Head of Marketing — Emerging Businesses & AI Transformation,Chewy,Pet Retail & Services,Retail & Home,Head,pranjan@chewy.com,,http://www.linkedin.com/in/prateekranjan9,new_enriched
Myongok,Yoon,Myongok Yoon,Head of Communications & Chief Marketing Officer /M.D 전무,General Motors,Auto OEMs,Auto & Mobility,C-Suite,myongok.yoon@gm.com,,http://www.linkedin.com/in/myongok-yoon-92b90634,new_enriched
Michael,Mueller,Michael Mueller,Senior Vice President Marketing,AUDI AG,Auto OEMs,Auto & Mobility,C-Suite,michael.mueller@audi.de,,http://www.linkedin.com/in/dr-michael-mueller-8072429a,new_enriched
Marco,Antonio Perez,Marco Antonio Perez,Executive Marketing Director (CMO Mexico),General Motors,Auto OEMs,Auto & Mobility,C-Suite,marco.perez@gm.com,,http://www.linkedin.com/in/marcopl4,new_enriched
Leigh,Moynihan,Leigh Moynihan,"Vice President of Marketing, North America",BMW Group US,Auto OEMs,Auto & Mobility,C-Suite,leigh.moynihan@bmwna.com,,http://www.linkedin.com/in/leigh-moynihan,new_enriched
Michael,Cope,Michael Cope,"Senior Director, Integrated Marketing (Ford Europe CMO)",Ford Motor Company,Auto OEMs,Auto & Mobility,C-Suite,mcope10@ford.com,,http://www.linkedin.com/in/michael-p-cope,new_enriched
Elena,Funk,Elena Funk,Head of Brand & Marketing Communication,Hyundai Motor Deutschland GmbH,Auto OEMs,Auto & Mobility,Head,elena.funk@hyundai.de,,http://www.linkedin.com/in/elena-funk-5573a084,new_enriched
Jennifer,Symington,Jennifer Symington,"Assistant Vice President, Marketing","American Honda Motor Company, Inc.",Auto OEMs,Auto & Mobility,C-Suite,jennifer_symington@na.honda.com,,http://www.linkedin.com/in/jenniferwirthsymington,new_enriched
Claudia,Stratmann,Claudia Stratmann,"Chief Marketing Officer, Customer Care and Aftersales",General Motors,Auto OEMs,Auto & Mobility,C-Suite,claudia.stratmann@gm.com,,http://www.linkedin.com/in/claudiastratmann,new_enriched
Rachel,Curry,Rachel Curry,Head of Brand Strategy and Communications,BMW Group US,Auto OEMs,Auto & Mobility,Head,rachel.curry@bmwusa.com,,http://www.linkedin.com/in/rachelcurry,new_enriched
Tanja,Roth,Tanja Roth,Head of Branded Entertainment & Brand Partnerships,Mercedes-Benz AG,Auto OEMs,Auto & Mobility,Head,tanja.roth@mercedes-benz.com,,http://www.linkedin.com/in/tanja-roth-3342ab156,new_enriched
Jennifer,Ilecki,Jennifer Ilecki,Chief Marketing Officer,Humana,Healthcare & Insurance Payers,Finance & Fintech,C-Suite,jilecki@humana.com,,http://www.linkedin.com/in/jennilecki,new_enriched
Carrah,Kalat,Carrah Kalat,"Chief Marketing Officer, Aetna - CVS Health","Aetna, a CVS Health Company",Healthcare & Insurance Payers,Finance & Fintech,C-Suite,cmkalat@aetna.com,,http://www.linkedin.com/in/carrah-kalat-5771109,new_enriched
Kristy,Lorusso,Kristy Lorusso,National Chief Marketing Officer,Kaiser Permanente,Healthcare & Insurance Payers,Finance & Fintech,C-Suite,kristy.g.lorusso@kp.org,,http://www.linkedin.com/in/kristy-lorusso,new_enriched
Julie,Stroud,Julie Stroud,Intermountain Regional Vice President (CMO),Humana,Healthcare & Insurance Payers,Finance & Fintech,C-Suite,jstroud8@humana.com,,http://www.linkedin.com/in/drjulie-stroud,new_enriched
Jessica,Henely,Jessica Henely,"Vice President, Marketing","Aetna, a CVS Health Company",Healthcare & Insurance Payers,Finance & Fintech,C-Suite,jrhenely@aetna.com,,http://www.linkedin.com/in/jessicahenely,new_enriched
Carrie,Grant,Carrie Grant,VP of Marketing,United Health Group,Healthcare & Insurance Payers,Finance & Fintech,VP,carrie_grant@uhc.com,,http://www.linkedin.com/in/carrie-grant-66807a14,new_enriched
Ann,Jackson,Ann Jackson,"Vice President, Marketing",Optum (UnitedHealth Group),Healthcare & Insurance Payers,Finance & Fintech,C-Suite,ann_m_jackson@uhc.com,,http://www.linkedin.com/in/anngjackson,new_enriched
Paul,Hatch,Paul Hatch,"Vice President of Marketing, CenterWell",Humana,Healthcare & Insurance Payers,Finance & Fintech,C-Suite,phatch@humana.com,,http://www.linkedin.com/in/hatchpaul,new_enriched
Missy,Mele,Missy Mele,VP of Partnerships & Activations,Vuori,Athleisure & Yoga Apparel,Fashion & Apparel,VP,missy.mele@vuori.com,,http://www.linkedin.com/in/missy-mele-09090219,new_enriched
Carolyn,Pyle,Carolyn Pyle,Director of Marketing Planning,Alo Yoga,Athleisure & Yoga Apparel,Fashion & Apparel,Director,carolyn.pyle@aloyoga.com,,http://www.linkedin.com/in/carolyn-pyle,new_enriched
Chelsea,Webb,Chelsea Webb,Director of Marketing Operations,Vuori,Athleisure & Yoga Apparel,Fashion & Apparel,Director,cwebb@vuoriclothing.com,,http://www.linkedin.com/in/chelsea-webb-2080721b,new_enriched
Jacob,Bradbury,Jacob Bradbury,"VP, Marketing & CRM Analytics",lululemon,Athleisure & Yoga Apparel,Fashion & Apparel,VP,jbradbury@lululemon.com,,http://www.linkedin.com/in/jacobbradbury,new_enriched
Ruth,How,Ruth How,"Director Marketing & Partnerships, EMEA",lululemon,Athleisure & Yoga Apparel,Fashion & Apparel,Director,rhow@lululemon.com,,http://www.linkedin.com/in/ruthhow,new_enriched
Carey,Krug,Carey Krug,Chief Marketing Officer,Abercrombie & Fitch Co.,Fast Fashion & Iconic Retail,Fashion & Apparel,C-Suite,carey_krug@anfcorp.com,,http://www.linkedin.com/in/careycollinskrug,new_enriched
John,Ehrnst,John Ehrnst,Global CMO,H&M,Fast Fashion & Iconic Retail,Fashion & Apparel,C-Suite,john.ehrnst@hm.com,,http://www.linkedin.com/in/john-ehrnst-01737264,new_enriched
Megan,Brophy,Megan Brophy,Vice President of Marketing,Abercrombie & Fitch Co.,Fast Fashion & Iconic Retail,Fashion & Apparel,C-Suite,megan_brophy@anfcorp.com,,http://www.linkedin.com/in/megan-brophy-1452b14,new_enriched
Jim,Dierker,Jim Dierker,Vice President of Marketing,Victoria's Secret Direct Marketing,Fast Fashion & Iconic Retail,Fashion & Apparel,C-Suite,jdierker@victoria.com,,http://www.linkedin.com/in/jim-dierker-4b8a6a3,new_enriched
Jessica,Dennis-Capiraso,Jessica Dennis-Capiraso,Senior Vice President Marketing - VS Brand,Victoria’s Secret & Co.,Other Enterprise,Other,C-Suite,jdennis@victoria.com,,http://www.linkedin.com/in/jessica-dennis-capiraso-18024a8,new_enriched
Nicolas,Cessot,Nicolas Cessot,Head of Marketing,UNIQLO,Fast Fashion & Iconic Retail,Fashion & Apparel,Head,nicolas.cessot@uniqlo-usa.com,,http://www.linkedin.com/in/nicolas-cessot,new_enriched
Sam,Knight,Sam Knight,Head of Marketing,H&M,Fast Fashion & Iconic Retail,Fashion & Apparel,Head,sam.knight@hm.com,,http://www.linkedin.com/in/sam-knight-,new_enriched
Nidhi,Rastogi,Nidhi Rastogi,"Director/ Head of Marketing & CSR, India",UNIQLO,Fast Fashion & Iconic Retail,Fashion & Apparel,Head,nidhi.rastogi@fastretailing.com,,http://www.linkedin.com/in/nidhirastogi,new_enriched
Alessandro,Poggi,Alessandro Poggi,Head of Marketing & PR Italy,UNIQLO,Fast Fashion & Iconic Retail,Fashion & Apparel,Head,alessandro.poggi@fastretailing.com,,http://www.linkedin.com/in/alessandro-poggi-4726bb13,new_enriched
Laura,Pietrantonio,Laura Pietrantonio,Head of Marketing & Communications ANZ,H&M,Fast Fashion & Iconic Retail,Fashion & Apparel,Head,laura.pietrantonio@hm.com,,http://www.linkedin.com/in/laura-pietrantonio-81081245,new_enriched
Jonathan,Kiman,Jonathan Kiman,Chief Marketing Officer,Burberry,Luxury Fashion & Jewelry,Fashion & Apparel,C-Suite,jonathanz.kiman@burberry.com,,http://www.linkedin.com/in/jonathan-kiman-2139702a,new_enriched
Olivia,Howland,Olivia Howland,VP Marketing,Burberry,Luxury Fashion & Jewelry,Fashion & Apparel,VP,olivia.howland@burberry.com,,http://www.linkedin.com/in/olivia-howland-4b567a1b,new_enriched
Andra,Mielnicki,Andra Mielnicki,"Chief Marketing Officer, North America",Cartier,Luxury Fashion & Jewelry,Fashion & Apparel,C-Suite,andra.mielnicki@cartier.com,,http://www.linkedin.com/in/andramielnicki,new_enriched
Arnaud,Carrez,Arnaud Carrez,"Senior Vice President, Chief Marketing Officer - Cartier International",Cartier,Luxury Fashion & Jewelry,Fashion & Apparel,C-Suite,arnaud.carrez@cartier.com,,http://www.linkedin.com/in/arnaud-carrez-29245714,new_enriched
Berangere,Boulon,Berangere Boulon,"Vice President Marketing, Europe",Tiffany & Co.,Luxury Fashion & Jewelry,Fashion & Apparel,C-Suite,berangere.boulon@tiffany.com,,http://www.linkedin.com/in/berangereboulon,new_enriched
Alix,Hamilton,Alix Hamilton,"Vice President, Marketing, Communications & Events",Tiffany & Co.,Luxury Fashion & Jewelry,Fashion & Apparel,C-Suite,alix.hamilton@tiffany.com,,http://www.linkedin.com/in/alix-t-hamilton,new_enriched
Blair,Trader,Blair Trader,Vice President Marketing and Communications,Burberry,Luxury Fashion & Jewelry,Fashion & Apparel,C-Suite,blair.trader@burberry.com,,http://www.linkedin.com/in/blair-trader-7b981125,new_enriched
Isabelle,Morel-Verzeroli,Isabelle Morel-Verzeroli,"Vice President Marketing, Merchandising & Communications",Cartier North America,Luxury Fashion & Jewelry,Fashion & Apparel,C-Suite,isabelle.verzeroli@cartier.com,,http://www.linkedin.com/in/isabellemorelverzeroli,new_enriched
Liz,Dong,Liz Dong,"VP Marketing, Creative & Digital",Burberry,Luxury Fashion & Jewelry,Fashion & Apparel,VP,liz.dong@burberry.com,,http://www.linkedin.com/in/liz-dong-a9262512,new_enriched
Thomas,Ranese,Thomas Ranese,Chief Marketing Officer,Intuit,Consumer Fintech Apps,Tech & SaaS,C-Suite,thomas_ranese@intuit.com,,http://www.linkedin.com/in/thomasranese,new_enriched
Alicia,Chrapaty,Alicia Chrapaty,Chief Marketing Officer,H&R Block,Consumer Fintech Apps,Tech & SaaS,C-Suite,alicia.chrapaty@hrblock.com,,http://www.linkedin.com/in/alicia-chrapaty-2a69453,new_enriched
Kim,Rosenblum,Kim Rosenblum,Chief Marketing Officer,AARP Services Inc.,Other Enterprise,Other,C-Suite,kim.rosenblum@betterment.com,,http://www.linkedin.com/in/kimrosenblumnyc,new_enriched
Jamie,Kelly,Jamie Kelly,VP of Marketing,Wealthfront,Consumer Fintech Apps,Tech & SaaS,VP,jamiekelly@wealthfront.com,,http://www.linkedin.com/in/ljameskelly,new_enriched
Simon,Shulman,Simon Shulman,Vice President Marketing Technology,Acorns,Consumer Fintech Apps,Tech & SaaS,C-Suite,simon.shulman@acorns.com,,http://www.linkedin.com/in/simon-shulman,new_enriched
Nick,Macrae,Nick Macrae,Head of Marketing — International & Crypto,Robinhood,Consumer Fintech Apps,Tech & SaaS,Head,nick.macrae@robinhood.com,,http://www.linkedin.com/in/njmacrae,new_enriched
Cathleen,Ryan,Cathleen Ryan,SVP Marketing,Intuit,Consumer Fintech Apps,Tech & SaaS,VP,cathleen_ryan@intuit.com,,http://www.linkedin.com/in/cathleenryan,new_enriched
Dustin,Kroeger,Dustin Kroeger,"Vice President, Head of Marketing, ProTax Group",Intuit,Consumer Fintech Apps,Tech & SaaS,C-Suite,dustin_kroeger@intuit.com,,http://www.linkedin.com/in/kroeger1,new_enriched
Ryan,Haggerty,Ryan Haggerty,Vice President of Marketing & Innovation,HOPWTR,Emerging Beverage & Wellness,Food & Beverage,C-Suite,ryan.h@hopwtr.com,,http://www.linkedin.com/in/ryan-haggerty-4a289330,new_enriched
Alexa,Wyatt,Alexa Wyatt,Director of Marketing,Arrae,Emerging Beverage & Wellness,Food & Beverage,Director,alexa@arrae.com,,http://www.linkedin.com/in/alexa-wyatt-ba756a29,new_enriched
Rosalie,Kennedy,Rosalie Kennedy,Senior Director of Marketing,Athletic Brewing Co.,Emerging Beverage & Wellness,Food & Beverage,Director,rosaliek@athleticbrewing.com,,http://www.linkedin.com/in/rosalie-kennedy-3710701a,new_enriched
Babs,Smith,Babs Smith,Director - Trade Marketing,Athletic Brewing Co.,Emerging Beverage & Wellness,Food & Beverage,Director,babs.smith@athleticbrewing.com,,http://www.linkedin.com/in/babs-erwin,new_enriched
Gerri,Townsend,Gerri Townsend,"Senior Director, Product Marketing",Ritual,Other Enterprise,Other,Director,gerri@ritual.com,,http://www.linkedin.com/in/gerri-townsend-46905b31,new_enriched
Meredith,Joselow,Meredith Joselow,"Director of Product Marketing, Reproductive Health",Ritual,Other Enterprise,Other,Director,meredith.bilski@ritual.com,,http://www.linkedin.com/in/meredith-bilski-joselow-a2b87a46,new_enriched
Meghan,Lang,Meghan Lang,"Project Manager, Marketing",Athletic Brewing Co.,Emerging Beverage & Wellness,Food & Beverage,Manager,meghan.lang@athleticbrewing.com,,http://www.linkedin.com/in/megthriplang,new_enriched
Madison,Weaver,Madison Weaver,Influencer Marketing Manager,Athletic Brewing Co.,Emerging Beverage & Wellness,Food & Beverage,Manager,madison.weaver@athleticbrewing.com,,http://www.linkedin.com/in/madison-sudano-weaver-51756a94,new_enriched
Erin,Oles,Erin Oles,"President, Chief Marketing Officer",Salesforce,Enterprise SaaS Giants,Tech & SaaS,C-Suite,eoles@salesforce.com,,http://www.linkedin.com/in/erin-oles-866317b,new_enriched
Patrick,Stokes,Patrick Stokes,President and CMO,Salesforce,Enterprise SaaS Giants,Tech & SaaS,C-Suite,pstokes@salesforce.com,,http://www.linkedin.com/in/patricks,new_enriched
Simon,Mouyal,Simon Mouyal,Chief Marketing Officer,ServiceNow,Enterprise SaaS Giants,Tech & SaaS,C-Suite,simon.mouyal@servicenow.com,,http://www.linkedin.com/in/simon-mouyal,new_enriched
Hagen,Heubach,Hagen Heubach,Chief Marketing Officer,SAP,Other Enterprise,Other,C-Suite,hagen.heubach@sap.com,,http://www.linkedin.com/in/hagenheubach,new_enriched
Stacy,Martinet,Stacy Martinet,CMO,Adobe,Enterprise SaaS Giants,Tech & SaaS,C-Suite,smartine@adobe.com,,http://www.linkedin.com/in/stacymgreen,new_enriched
Nicholas,Angela,Nicholas Angela,Chief Marketing Officer,Oracle,Enterprise SaaS Giants,Tech & SaaS,C-Suite,nangela@aconex.com,,http://www.linkedin.com/in/nicholas-angela-379705242,new_enriched
Christopher,Metoyer,Christopher Metoyer,Head of Brand Marketing,Atlassian,Enterprise SaaS Giants,Tech & SaaS,Head,cmetoyer2@atlassian.com,,http://www.linkedin.com/in/christophermetoyer,new_enriched
Craig,McNary,Craig McNary,Head of Brand Marketing - XBOX,Microsoft,Enterprise SaaS Giants,Tech & SaaS,Head,cmcnary@microsoft.com,,http://www.linkedin.com/in/craigmcnary,new_enriched
Curtis,Posner,Curtis Posner,Head of Partnerships and Development,Atlassian,Enterprise SaaS Giants,Tech & SaaS,Head,cposner@atlassian.com,,http://www.linkedin.com/in/curtisposner,new_enriched
Jim,Squires,Jim Squires,Chief Marketing Officer,"Reddit, Inc.",Social Media Platforms,Media & Publishing,C-Suite,jim.squires@reddit.com,,http://www.linkedin.com/in/jimcsquires,new_enriched
Hussain,Al-Hajjar,Hussain Al-Hajjar,Head of Partnerships,Snap Inc.,Social Media Platforms,Media & Publishing,Head,hajjar@snap.com,,http://www.linkedin.com/in/hussainalhajjar,new_enriched
Max,Goldberg,Max Goldberg,Head of Partnerships,LinkedIn,Social Media Platforms,Media & Publishing,Head,maxgoldberg@linkedin.com,,http://www.linkedin.com/in/maxgoldberg1,new_enriched
Ankit,Goyle,Ankit Goyle,Head of Marketing,Snap Inc.,Social Media Platforms,Media & Publishing,Head,agoyle@snapchat.com,,http://www.linkedin.com/in/ankitgoyle,new_enriched
TJ,Blease,TJ Blease,Head of Brand Reputation Marketing,TikTok,Social Media Platforms,Media & Publishing,Head,tj@tiktok.com,,http://www.linkedin.com/in/tjblease,new_enriched
Davang,Shah,Davang Shah,VP of Marketing,LinkedIn,Social Media Platforms,Media & Publishing,VP,dashah@linkedin.com,,http://www.linkedin.com/in/davang-shah,new_enriched
Zara,Easton,Zara Easton,Group Head of Brand & Product Marketing EMEA,LinkedIn,Social Media Platforms,Media & Publishing,Head,zeaston@linkedin.com,,http://www.linkedin.com/in/zaraeaston,new_enriched
Kim,Lefko,Kim Lefko,Chief Marketing Officer,Ace Hardware Corporation,Home Improvement & Big Box Home,Retail & Home,C-Suite,klefko@acehardware.com,,http://www.linkedin.com/in/kimlefko,new_enriched
Jeff,Gooding,Jeff Gooding,Corporate Vice President - Marketing,Ace Hardware,Home Improvement & Big Box Home,Retail & Home,C-Suite,jgood@acehardware.com,,http://www.linkedin.com/in/jeff-gooding-1944b71,new_enriched
Karen,Bloomfield,Karen Bloomfield,Vice President of Marketing- Ace Hardware Home Services,Ace Hardware Corporation,Home Improvement & Big Box Home,Retail & Home,C-Suite,kbloo@acehardware.com,,http://www.linkedin.com/in/karen-bloomfield0225,new_enriched
Kate,Jameson,Kate Jameson,Head of Brand,boohoo,Fast Fashion DTC,Fashion & Apparel,Head,kate.jameson@boohoo.com,,http://www.linkedin.com/in/kate-jameson-460a6652,new_enriched
Megan,Atherton,Megan Atherton,Head of Brand,boohoo,Fast Fashion DTC,Fashion & Apparel,Head,megan.atherton@boohoo.com,,http://www.linkedin.com/in/meganatherton,new_enriched
Ashley,Wilson,Ashley Wilson,"Head of Brand, Men’s",Gymshark,Fast Fashion DTC,Fashion & Apparel,Head,a.wilson@gymshark.com,,http://www.linkedin.com/in/ashley-wilson-52b14063,new_enriched
Hannah,Hastings,Hannah Hastings,Head of Brand (Women),Gymshark,Fast Fashion DTC,Fashion & Apparel,Head,hannah.hastings@gymshark.com,,http://www.linkedin.com/in/hannahhastings,new_enriched
Jennifer,Blow,Jennifer Blow,Head of Brand Communications,Myprotein,Fast Fashion DTC,Fashion & Apparel,Head,jennifer@myprotein.com,,http://www.linkedin.com/in/jennifer-blow,new_enriched
Olivia,Poletti,Olivia Poletti,Senior Director of Marketing,Reformation,Fast Fashion DTC,Fashion & Apparel,Director,olivia.poletti@thereformation.com,,http://www.linkedin.com/in/olivia-poletti-625931b4,new_enriched
Tom,Hill,Tom Hill,Marketing Director,PrettyLittleThing.com,Fast Fashion DTC,Fashion & Apparel,Director,tom.hill@prettylittlething.com,,http://www.linkedin.com/in/tom-hill-1930b532,new_enriched
Lauren,Cohan,Lauren Cohan,Chief Creative/ Brand Officer,Reformation,Fast Fashion DTC,Fashion & Apparel,C-Suite,lauren.cohan@thereformation.com,,http://www.linkedin.com/in/lauren-caris-cohan-23abb4191,new_enriched
Evelyn,Parada,Evelyn Parada,Influencer Marketing Manager,Fashion Nova,Alt Sneaker & Comfort Footwear,Fashion & Apparel,Manager,evelyn@fashionnova.com,,http://www.linkedin.com/in/eparada-thelyndiaries,new_enriched
Megan,Streeter,Megan Streeter,Chief Marketing Officer,Prose,Other Enterprise,Other,C-Suite,megan.streeter@prosehair.com,,http://www.linkedin.com/in/meganstreeter,new_enriched
Debbie,Woloshin,Debbie Woloshin,Chief Marketing Officer,Stitch Fix,Telehealth & Personal Care Subscriptions,Beauty & Personal Care,C-Suite,debbie.woloshin@stitchfix.com,,http://www.linkedin.com/in/debbiewoloshin,new_enriched
Nicholas,Wedewer,Nicholas Wedewer,VP Growth Marketing,hims & hers,DTC Telehealth & Wellness,Health & Wellness,VP,nwedewer@forhims.com,,http://www.linkedin.com/in/nicholas-wedewer-29814a6,new_enriched
Alexandrine,Delrue,Alexandrine Delrue,"VP, Brand Marketing",Prose,Other Enterprise,Other,VP,alexandrine@prose.com,,http://www.linkedin.com/in/a-delrue,new_enriched
Alexandra,Pellicano,Alexandra Pellicano,Director of Brand Marketing,Stitch Fix,Telehealth & Personal Care Subscriptions,Beauty & Personal Care,Director,alexandra.pellicano@stitchfix.com,,http://www.linkedin.com/in/alexandrablickley,new_enriched
Hannah,Schaefer,Hannah Schaefer,"SVP, Integrated Marketing",hims & hers,DTC Telehealth & Wellness,Health & Wellness,VP,hannah@forhims.com,,http://www.linkedin.com/in/hannahschaefer,new_enriched
Chris,Barcinas,Chris Barcinas,"Sr. Director, Growth Marketing",hims & hers,DTC Telehealth & Wellness,Health & Wellness,Director,cbarcinas@forhims.com,,http://www.linkedin.com/in/chrisbarcinas,new_enriched
Emily,Spaulding,Emily Spaulding,Senior Director of Product Marketing,Curology,DTC Telehealth & Wellness,Health & Wellness,Director,emily.spaulding@curology.com,,http://www.linkedin.com/in/emilyspaulding,new_enriched
Margot,Sidman,Margot Sidman,Senior Director of Acquisition Marketing,Prose,Other Enterprise,Other,Director,margot.sidman@prosehair.com,,http://www.linkedin.com/in/margot-sidman-04644571,new_enriched
Danielle,Neff,Danielle Neff,Head of Brand Voice & Copy,Stitch Fix,Telehealth & Personal Care Subscriptions,Beauty & Personal Care,Head,danielle.neff@stitchfix.com,,http://www.linkedin.com/in/danielleraymondneff,new_enriched
Leslie,Berland,Leslie Berland,CMO,Verizon,Consumer Telecom Giants,Telecom & Connectivity,C-Suite,leslie.berland@verizon.com,,http://www.linkedin.com/in/leslie-berland-1741781,new_enriched
Wendy,Martin,Wendy Martin,Chief Marketing Officer,Cricket Wireless,Telecom & Wireless,Telecom & Connectivity,C-Suite,wendy.martin@cricketwireless.com,,http://www.linkedin.com/in/wendy-martin-5wtm,new_enriched
Allan,Samson,Allan Samson,EVP and Chief Marketing Officer,T-Mobile,Consumer Telecom Giants,Telecom & Connectivity,C-Suite,allan.samson@t-mobile.com,,http://www.linkedin.com/in/allansamson,new_enriched
Kaley,Gagnon,Kaley Gagnon,VP of Marketing,T-Mobile,Consumer Telecom Giants,Telecom & Connectivity,VP,katherine.gagnon@t-mobile.com,,http://www.linkedin.com/in/kaley-gagnon,new_enriched
Maurice,James,Maurice James,"Vice President, Marketing",T-Mobile,Consumer Telecom Giants,Telecom & Connectivity,C-Suite,maurice.james@t-mobile.com,,http://www.linkedin.com/in/mauricejames,new_enriched
Sam,Jackson,Sam Jackson,VP of Marketing,AT&T,Consumer Telecom Giants,Telecom & Connectivity,VP,sam.jackson@att.com,,http://www.linkedin.com/in/sam-jackson-56a965174,new_enriched
Mo,Katibeh,Mo Katibeh,Chief Marketing Officer - Business,Seattle Arts & Lectures,Other Enterprise,Other,C-Suite,mo.katibeh@t-mobile.com,,http://www.linkedin.com/in/mokatibeh,new_enriched
Brenna,Davis,Brenna Davis,Vice President of Marketing,Boost Mobile,Telecom & Wireless,Telecom & Connectivity,C-Suite,brenna.davis@echostar.com,,http://www.linkedin.com/in/brennad,new_enriched
Jenna,Larsson,Jenna Larsson,Head of Brand & Content Strategy,Mint Mobile,Telecom & Wireless,Telecom & Connectivity,Head,jenna@ultra.me,,http://www.linkedin.com/in/jennalarsson,new_enriched
Vsevolod,Plokhov,Vsevolod Plokhov,Chief Marketing Officer,Samsung Electronics,Consumer Electronics Giants,Tech & SaaS,C-Suite,plokhov.v@samsung.com,,http://www.linkedin.com/in/sevat,new_enriched
Benjamin,Braun,Benjamin Braun,Chief Marketing Officer (Europe),Samsung Electronics,Consumer Electronics Giants,Tech & SaaS,C-Suite,b.braun@samsung.com,,http://www.linkedin.com/in/braunbenjamin,new_enriched
Jeannie,Lee,Jeannie Lee,Head of Brand & Corporate Marketing,LG Electronics,Consumer Electronics Giants,Tech & SaaS,Head,jeannie.lee@lge.com,,http://www.linkedin.com/in/mktgjeannie,new_enriched
Sandy,Yang,Sandy Yang,"VP, Head of Marketing",飞利浦,Other Enterprise,Other,VP,sandy.yang@philips.com,,http://www.linkedin.com/in/sandy-yang-79653311,new_enriched
Laura,Donaldson,Laura Donaldson,Director/Head of Brand Marketing (Mobile),Samsung Electronics,Consumer Electronics Giants,Tech & SaaS,Head,l.donaldson@samsung.com,,http://www.linkedin.com/in/donaldsonlaura,new_enriched
Dong-Jin,Kim,Dong-Jin Kim,Chief Marketing Officer (Europe),LG Electronics,Consumer Electronics Giants,Tech & SaaS,C-Suite,d.kim@lge.com,,http://www.linkedin.com/in/%eb%8f%99%ec%a7%84-%ea%b9%80-738565261,new_enriched
Stacey,Politi,Stacey Politi,Chief Marketing Officer,IPSY,Beauty Subscription Boxes,Beauty & Personal Care,C-Suite,stacey@ipsy.com,,http://www.linkedin.com/in/staceypoliti,new_enriched
Elena,Lecue,Elena Lecue,CMO,Scentbird,Beauty Subscription Boxes,Beauty & Personal Care,C-Suite,elena.lecue@scentbird.com,,http://www.linkedin.com/in/elena-lecue,new_enriched
Michelle,Celis,Michelle Celis,Vice President Global Marketing,DRUNK ELEPHANT,Beauty Subscription Boxes,Beauty & Personal Care,C-Suite,mcelis@drunkelephant.com,,http://www.linkedin.com/in/michelle-celis-b532b53,new_enriched
Moira,Curran,Moira Curran,Head of Brand Marketing,IPSY,Beauty Subscription Boxes,Beauty & Personal Care,Head,moiracurran@ipsy.com,,http://www.linkedin.com/in/moiracurran,new_enriched
Elise,Monts,Elise Monts,Head of Marketing & Communication,Allure,Other Enterprise,Other,Head,elise.ddm@allure.eu.com,,http://www.linkedin.com/in/elise-ddm,new_enriched
Caroline,Keeping,Caroline Keeping,Marketing Operations Director,Beauty Pie,Beauty Subscription Boxes,Beauty & Personal Care,Director,caroline.keeping@beautypie.com,,http://www.linkedin.com/in/caroline-keeping-56381016,new_enriched
Suzie,Jang,Suzie Jang,Director of Brand Marketing,IPSY,Beauty Subscription Boxes,Beauty & Personal Care,Director,suziejang@ipsy.com,,http://www.linkedin.com/in/suziejang,new_enriched
Anna,Nametko,Anna Nametko,"Director, US Marketing",DRUNK ELEPHANT,Beauty Subscription Boxes,Beauty & Personal Care,Director,anametko@drunkelephant.com,,http://www.linkedin.com/in/annacitarella,new_enriched
Carolee,McKay,Carolee McKay,Director of Integrated Marketing,Sunday Riley,Beauty Subscription Boxes,Beauty & Personal Care,Director,carolee.mckay@sundayriley.com,,http://www.linkedin.com/in/carolee-mckay-39524176,new_enriched
Smeeta,Khetarpaul,Smeeta Khetarpaul,"SVP, Head of Marketing",The Children's Place,Kids Apparel & Baby Brands,Fashion & Apparel,VP,skhetarpaul@childrensplace.com,,http://www.linkedin.com/in/smeetak,new_enriched
Kaelin,Mason,Kaelin Mason,Senior Director of Marketing (GTM),Carters Inc.,Kids Apparel & Baby Brands,Fashion & Apparel,Director,kaelin.mason@carters.com,,http://www.linkedin.com/in/kaelinleonard,new_enriched
Aubrie,Corey,Aubrie Corey,"Vice President, Brand Marketing",Carters Inc.,Kids Apparel & Baby Brands,Fashion & Apparel,C-Suite,aubrie.corey@carters.com,,http://www.linkedin.com/in/aubriecorey,new_enriched
Nina,Whalen,Nina Whalen,"VP, Performance Marketing",Monica + Andy,Kids Apparel & Baby Brands,Fashion & Apparel,VP,nina@monicaandandy.com,,http://www.linkedin.com/in/nina-whalen-5983ab28,new_enriched
Samantha,Berngard,Samantha Berngard,Head of Brand Experience,Monica + Andy,Kids Apparel & Baby Brands,Fashion & Apparel,Head,samantha@monicaandandy.com,,http://www.linkedin.com/in/samantha-berngard-8b2676a,new_enriched
Madeline,Seyler,Madeline Seyler,Growth Marketing Director,Primary.com,Kids Apparel & Baby Brands,Fashion & Apparel,Director,mseyler@primary.com,,http://www.linkedin.com/in/madelineseyler,new_enriched
Teddy,Quinn,Teddy Quinn,"Vice President, Growth Marketing",Primary.com,Kids Apparel & Baby Brands,Fashion & Apparel,C-Suite,tquinn@primary.com,,http://www.linkedin.com/in/teddyquinn,new_enriched
Michelle,Tucci,Michelle Tucci,Vice President Retail Marketing & Visual Merchandising,The Children's Place,Kids Apparel & Baby Brands,Fashion & Apparel,C-Suite,mgiessner@childrensplace.com,,http://www.linkedin.com/in/michelle-tucci-giessner-21ba437,new_enriched
Johncia,Bartley,Johncia Bartley,Vice President Consumer Insights and Multi-Cultural Marketing,Carters Inc.,Kids Apparel & Baby Brands,Fashion & Apparel,C-Suite,johncia.bartley@carters.com,,http://www.linkedin.com/in/johncia-bartley-mba-62712335,new_enriched
Hayley,Rehm,Hayley Rehm,"Director of Brand Marketing, Carter's",Carters Inc.,Kids Apparel & Baby Brands,Fashion & Apparel,Director,hayley.rehm@carters.com,,http://www.linkedin.com/in/hayleybrooks,new_enriched
Amber,Minson,Amber Minson,Chief Marketing Officer,Sleep Number Corporation,Mattress & Bedding,Retail & Home,C-Suite,amber.minson@sleepnumber.com,,http://www.linkedin.com/in/amberminson,new_enriched
Jaime,Rooney,Jaime Rooney,Vice President Brand and Product Marketing,Sleep Number Corporation,Mattress & Bedding,Retail & Home,C-Suite,jaime.rooney@sleepnumber.com,,http://www.linkedin.com/in/jaime-rooney-4372603,new_enriched
Jennifer,Eisner,Jennifer Eisner,Director of Brand Marketing,Boll & Branch,Mattress & Bedding,Retail & Home,Director,jeisner@bollandbranch.com,,http://www.linkedin.com/in/jenmillereisner,new_enriched
Jane,Shanahan,Jane Shanahan,"Director, Commercial Marketing",Casper,Other Enterprise,Other,Director,janeanne.shanahan@casper.com,,http://www.linkedin.com/in/jane-anne-shanahan-93b3041a,new_enriched
James,Destefano,James Destefano,"Sr. Director, Customer & Commercial Marketing",Casper,Other Enterprise,Other,Director,james.destefano@casper.com,,http://www.linkedin.com/in/james-a-destefano,new_enriched
Kevin,Erickson,Kevin Erickson,Senior Director of Performance Marketing,Sleep Number Corporation,Mattress & Bedding,Retail & Home,Director,kevin.erickson@sleepnumber.com,,http://www.linkedin.com/in/kevin-erickson-424a541b,new_enriched
Jennifer,Hiltz,Jennifer Hiltz,Marketing Manager,TEMPUR Canada,Water & Hydration,Food & Beverage,Manager,jennifer.hiltz@tempurpedic.com,,http://www.linkedin.com/in/jennifer-hiltz-b5a4873,new_enriched
Jerry,Gaines,Jerry Gaines,Vice President of Brand Marketing,StockX,Trading Cards & Sneaker Resale,Fashion & Apparel,C-Suite,jerrygaines@stockx.com,,http://www.linkedin.com/in/jerry-gaines-3265355,new_enriched
Jason,Howarth,Jason Howarth,Senior Vice President of Marketing & Athlete Relations,Panini America,Trading Cards & Sneaker Resale,Fashion & Apparel,C-Suite,jhowarth@paniniamerica.net,,http://www.linkedin.com/in/sportsmarketingguy,new_enriched
Scott,Prusha,Scott Prusha,Senior Director of Marketing,Panini America,Trading Cards & Sneaker Resale,Fashion & Apparel,Director,sprusha@paniniamerica.net,,http://www.linkedin.com/in/prusha,new_enriched
Andrea,Kelly,Andrea Kelly,"Sr. Director, Marketing New Products",The Topps Company,Trading Cards & Sneaker Resale,Fashion & Apparel,Director,andrea.kelly@topps.com,,http://www.linkedin.com/in/andrea-kelly-a114a0a,new_enriched
Devvrat,Oza,Devvrat Oza,"Senior Director, Growth Marketing and Operations",StockX,Trading Cards & Sneaker Resale,Fashion & Apparel,Director,devvratoza@stockx.com,,http://www.linkedin.com/in/devvrat-oza-03117623,new_enriched
Laura,Flatley,Laura Flatley,Director of Live Marketing,StockX,Trading Cards & Sneaker Resale,Fashion & Apparel,Director,lauraflatley@stockx.com,,http://www.linkedin.com/in/lauraflatley,new_enriched
Clare,Leedman,Clare Leedman,"Director, Product Marketing",GOAT Group,Trading Cards & Sneaker Resale,Fashion & Apparel,Director,clare.leedman@goat.com,,http://www.linkedin.com/in/clareleedman,new_enriched
Amanda,Pannara,Amanda Pannara,"Associate Director, Marketing Operations",GOAT Group,Trading Cards & Sneaker Resale,Fashion & Apparel,Director,amanda@goat.com,,http://www.linkedin.com/in/amandapannara,new_enriched
Austin,Feld,Austin Feld,Digital Collectables Marketing Lead,Panini America,Trading Cards & Sneaker Resale,Fashion & Apparel,Other,afeld@paniniamerica.net,,http://www.linkedin.com/in/austin-feld,new_enriched
AJ,Mazza,AJ Mazza,"VP, Marketing Partnerships",FanDuel,Sportsbook & Sports Betting,Sports & Athletics,VP,aj.mazza@fanduel.com,,http://www.linkedin.com/in/ajmazza,new_enriched
Josh,Jones,Josh Jones,Chief Marketing Officer,"Caesars Entertainment, Inc.",Sportsbook & Sports Betting,Sports & Athletics,C-Suite,jjones@caesars.com,,http://www.linkedin.com/in/josh-jones-84858914,new_enriched
Stephanie,Sherman,Stephanie Sherman,Chief Marketing Officer,DraftKings Inc.,Sportsbook & Sports Betting,Sports & Athletics,C-Suite,ssherman@draftkings.com,,http://www.linkedin.com/in/stephanietsherman,new_enriched
Simon,Kennedy,Simon Kennedy,Chief Marketing Officer,PointsBet,Sportsbook & Sports Betting,Sports & Athletics,C-Suite,simon.kennedy@pointsbet.com,,http://www.linkedin.com/in/sikennedy,new_enriched
Randy,Spencer,Randy Spencer,Vice President of Marketing,Caesars Entertainment Corporation,Sportsbook & Sports Betting,Sports & Athletics,C-Suite,spencerr@caesars.com,,http://www.linkedin.com/in/randy-spencer-1b46261a,new_enriched
Meg,Ryan,Meg Ryan,VP Marketing,DraftKings Inc.,Sportsbook & Sports Betting,Sports & Athletics,VP,m.ryan@draftkings.com,,http://www.linkedin.com/in/meganayaryan,new_enriched
Sandie,McNamara,Sandie McNamara,VP of Marketing,Harrah's Entertainment,Other Enterprise,Other,VP,smcnamara@caesars.com,,http://www.linkedin.com/in/sandie-mcnamara-08a3558,new_enriched
D'Ann,Glenn,D'Ann Glenn,VP of Marketing,Harrah's Entertainment,Other Enterprise,Other,VP,dglenn@caesars.com,,http://www.linkedin.com/in/d-ann-glenn-60002a20,new_enriched
Ari,Avishay,Ari Avishay,"SVP, Marketing",FanDuel,Sportsbook & Sports Betting,Sports & Athletics,VP,ari.avishay@fanduel.com,,http://www.linkedin.com/in/ariavishay,new_enriched
Marie,Lee,Marie Lee,Chief Marketing Officer,Princess Cruises,Cruise Lines,Travel & Hospitality,C-Suite,mlee@princesscruises.com,,http://www.linkedin.com/in/marie-lee-63a65b5,new_enriched
Maria,Miller,Maria Miller,Senior Vice President of Marketing,Norwegian Cruise Line,Cruise Lines,Travel & Hospitality,C-Suite,mmiller@ncl.com,,http://www.linkedin.com/in/maria-m-miller-b55a8027,new_enriched
Billy,Chinique,Billy Chinique,"Vice President, Marketing & Digital Innovation",Virgin Voyages,Cruise Lines,Travel & Hospitality,C-Suite,billy.bohan@virginvoyages.com,,http://www.linkedin.com/in/billy-bohan-chinique,new_enriched
Michelle,Flandreau,Michelle Flandreau,"Vice President, Marketing and eCommerce - Marketing & North America Sales",Holland America Line,Cruise Lines,Travel & Hospitality,C-Suite,mflandreau@hollandamerica.com,,http://www.linkedin.com/in/michelleflandreau,new_enriched
Jason,Krimmel,Jason Krimmel,"Chief Sales & Marketing Officer, International",Norwegian Cruise Line Holdings Ltd.,Cruise Lines,Travel & Hospitality,C-Suite,jkrimmel@ncl.com,,http://www.linkedin.com/in/krimmeljason,new_enriched
Elayane,Merriwether,Elayane Merriwether,Head of Global Brand & Social,Virgin Voyages,Cruise Lines,Travel & Hospitality,Head,elayane.merriwether@virginvoyages.com,,http://www.linkedin.com/in/elayanemerriwether,new_enriched
Kirk,Neal,Kirk Neal,"Vice President, Strategic Partnerships",Carnival Cruise Line,Cruise Lines,Travel & Hospitality,C-Suite,kneal@carnival.com,,http://www.linkedin.com/in/kirk-neal-aaa01a28,new_enriched
Alexander,Middelmann,Alexander Middelmann,Chief Marketing Officer,BREITLING,Luxury Watches,Fashion & Apparel,C-Suite,alexander.middelmann@breitling.com,,http://www.linkedin.com/in/alexander-middelmann,new_enriched
Jancu,Koenig,Jancu Koenig,Chief Marketing Officer,BREITLING,Luxury Watches,Fashion & Apparel,C-Suite,jancu.koenig@breitling.com,,http://www.linkedin.com/in/jancu-koenig-15b252,new_enriched
Carla,Wilke,Carla Wilke,Chief Marketing Officer,Citizen Watch America,Luxury Watches,Fashion & Apparel,C-Suite,cwilke@citizenwatchgroup.com,,http://www.linkedin.com/in/carlawilke,new_enriched
George,Ciz,George Ciz,Chief Marketing Officer,TAG Heuer,Luxury Watches,Fashion & Apparel,C-Suite,george.ciz@tagheuer.com,,http://www.linkedin.com/in/george-ciz-54049319,new_enriched
Ryan,Cooney,Ryan Cooney,VP of Marketing,TAG Heuer,Luxury Watches,Fashion & Apparel,VP,ryan.cooney@tagheuer.com,,http://www.linkedin.com/in/ryancooneybio,new_enriched
Janelle,Anderson,Janelle Anderson,Global CMO (Interim),"Fossil Group, Inc.",Luxury Watches,Fashion & Apparel,C-Suite,janderson@fossil.com,,http://www.linkedin.com/in/janelle-anderson-595010376,new_enriched
Lisa,Cross,Lisa Cross,Head of Marketing and Communications,ROLEX,Luxury Watches,Fashion & Apparel,Head,lisa.cross@rolex.com,,http://www.linkedin.com/in/lisa-cross-1109ba3,new_enriched
Tom,Manger,Tom Manger,Omega Head of Marketing,Swatch Group,Luxury Watches,Fashion & Apparel,Head,tom.manger@uk.swatchgroup.com,,http://www.linkedin.com/in/tom-manger-3135333,new_enriched
Michelle,Leo,Michelle Leo,Senior Vice President Marketing,Citizen Watch America,Luxury Watches,Fashion & Apparel,C-Suite,mleo@citizenwatchgroup.com,,http://www.linkedin.com/in/michelle-leo-779b8b5,new_enriched
Patricia,Schmoyer,Patricia Schmoyer,Vice President Marketing Bulova Brand,Citizen Watch America,Luxury Watches,Fashion & Apparel,C-Suite,pschmoyer@citizenwatchgroup.com,,http://www.linkedin.com/in/patricia-schmoyer-bb8a6258,new_enriched
Chris,Curtin,Chris Curtin,Chief Marketing Officer,USAA,Insurance Carriers (Auto/Home/Life),Finance & Fintech,C-Suite,chris.curtin@usaa.com,,http://www.linkedin.com/in/christophercurtin,new_enriched
Jenna,Lebel,Jenna Lebel,Chief Marketing Officer,Liberty Mutual Insurance,Insurance Carriers (Auto/Home/Life),Finance & Fintech,C-Suite,jenna.lebel@libertymutual.com,,http://www.linkedin.com/in/jennalebel,new_enriched
Mari,Pumarejo,Mari Pumarejo,Chief Marketing Officer,Progressive Insurance,Insurance Carriers (Auto/Home/Life),Finance & Fintech,C-Suite,maribel_pumarejo@progressive.com,,http://www.linkedin.com/in/maripumarejo,new_enriched
Ann,Bair,Ann Bair,Chief Marketing Officer and Executive Vice President,Nationwide,Insurance Carriers (Auto/Home/Life),Finance & Fintech,C-Suite,baira2@nationwide.com,,http://www.linkedin.com/in/annbair,new_enriched
Rachel,Woods,Rachel Woods,Vice President Marketing,Allstate,Insurance Carriers (Auto/Home/Life),Finance & Fintech,C-Suite,rachelwoods@allstate.com,,http://www.linkedin.com/in/rachel-woods-7021327,new_enriched
Yogini,Biswas,Yogini Biswas,"Chief Marketing Officer, Life Insurance Company",USAA,Insurance Carriers (Auto/Home/Life),Finance & Fintech,C-Suite,yogini.biswas@usaa.com,,http://www.linkedin.com/in/yoginibiswas,new_enriched
Joyce,Chagan,Joyce Chagan,Head of Brand Strategy & Insights,Farmers Insurance,Insurance Carriers (Auto/Home/Life),Finance & Fintech,Head,joyce.chagan@farmersinsurance.com,,http://www.linkedin.com/in/joycechagan,new_enriched
Eric,Gallion,Eric Gallion,Senior Vice President & Head of Strategic Partnerships,Farmers Insurance,Insurance Carriers (Auto/Home/Life),Finance & Fintech,C-Suite,eric.gallion@farmersinsurance.com,,http://www.linkedin.com/in/ericgallion27,new_enriched
Susan,Smart,Susan Smart,"Head, Brand Marketing & Communications",Lightspeed HQ,Other Enterprise,Other,Other,susan.smart@lightspeedhq.com,,http://www.linkedin.com/in/susan-smart-3045b7216,new_enriched
Hannah,Kelly,Hannah Kelly,Chief Marketing Officer,"Resy, American Express Global Dining Network",POS & Restaurant SaaS,Food & Beverage,C-Suite,hkelly@resy.com,,http://www.linkedin.com/in/hannah-e-kelly,new_enriched
Lindsey,Irvine,Lindsey Irvine,CMO,Square,Other Enterprise,Other,C-Suite,lindsey.irvine@nebius.com,,http://www.linkedin.com/in/lindseyirvine,new_enriched
Vigyan,Ahirwar,Vigyan Ahirwar,VP Marketing,Clover,Other Enterprise,Other,VP,vigyan.ahirwar@clover.com,,http://www.linkedin.com/in/vigyanahirwar,new_enriched
Ethan,Cooper,Ethan Cooper,"Founder, VP of Marketing",Toast,Other Enterprise,Other,C-Suite,ethan.cooper@toasttab.com,,http://www.linkedin.com/in/ethan--cooper,new_enriched
Kelly,Esten,Kelly Esten,"CMO and COO, Enterprise",Toast,Other Enterprise,Other,C-Suite,kesten@toasttab.com,,http://www.linkedin.com/in/kellysennatt,new_enriched
Cristina,Astorri,Cristina Astorri,Head of Marketing,Lightspeed Commerce,POS & Restaurant SaaS,Food & Beverage,Head,cristina.astorri@lightspeedhq.com,,http://www.linkedin.com/in/cristina-astorri,new_enriched
Blake,Nelson,Blake Nelson,"Senior Director, Marketing",Toast,Other Enterprise,Other,Director,blake.nelson@toasttab.com,,http://www.linkedin.com/in/blake-nelson-30a8521b,new_enriched
Matt,Morris,Matt Morris,Head of Marketing — North America,Lightspeed Commerce,POS & Restaurant SaaS,Food & Beverage,Head,matt.morris@lightspeedhq.com,,http://www.linkedin.com/in/mattpmorris,new_enriched
Lizzie,Barclay,Lizzie Barclay,"SVP, Head of International Marketing",Square,Other Enterprise,Other,VP,lizzie@squareup.com,,http://www.linkedin.com/in/lizzie-barclay-15776914,new_enriched
Ashton,Good,Ashton Good,Senior Director of Marketing,"Arlo Technologies, Inc.",Smart Home Security,Tech & SaaS,Director,agood@arlo.com,,http://www.linkedin.com/in/ashtongood,new_enriched
Anna,Patel,Anna Patel,Senior Director Growth Analytics,SimpliSafe,Smart Home Security,Tech & SaaS,Director,anna.patel@simplisafe.com,,http://www.linkedin.com/in/anna-regan-patel,new_enriched
Cortney,Mundy,Cortney Mundy,"Vice President, Marketing Operations",ADT,Other Enterprise,Other,C-Suite,cortneymundy@adt.com,,http://www.linkedin.com/in/cortney-mundy,new_enriched
Holly,Mero,Holly Mero,"Sr. Director, Marketing Operations & Product Marketing",Vivint,Smart Home Security,Tech & SaaS,Director,hmero@vivint.com,,http://www.linkedin.com/in/holly-mero-84695b38,new_enriched
Daniel,Rueckert,Daniel Rueckert,Director of Brand Marketing,Vivint,Smart Home Security,Tech & SaaS,Director,daniel.rueckert@vivint.com,,http://www.linkedin.com/in/daniel-rueckert,new_enriched
Cavan,Reichmann,Cavan Reichmann,Chief Marketing Officer,Persona Nutrition,Vitamins & Supplements Retail,Food & Beverage,C-Suite,cavan@personanutrition.com,,http://www.linkedin.com/in/cavan,new_enriched
James,Clark,James Clark,Chief Marketing Officer,Naked Nutrition,Vitamins & Supplements Retail,Food & Beverage,C-Suite,james@nakednutrition.com,,http://www.linkedin.com/in/clarkjamesc,new_enriched
Lauren,Mannetti,Lauren Mannetti,"SVP, Chief Marketing Officer",GNC,Vitamins & Supplements Retail,Food & Beverage,C-Suite,lauren-mannetti@gnc-hq.com,,http://www.linkedin.com/in/lsmart,new_enriched
Susan,Bosiljevac,Susan Bosiljevac,"VP, Marketing",GNC,Vitamins & Supplements Retail,Food & Beverage,VP,susan-bosiljevac@gnc-hq.com,,http://www.linkedin.com/in/susan-bosiljevac-244819100,new_enriched
Alli,Kosiarek,Alli Kosiarek,Chief Marketing Officer & Manager,GNC,Vitamins & Supplements Retail,Food & Beverage,C-Suite,alli.kosiarek@gnc.com,,http://www.linkedin.com/in/alli-kosiarek-866327b0,new_enriched
John,Learish,John Learish,SVP/Head of Marketing (Former),GNC,Vitamins & Supplements Retail,Food & Beverage,VP,john-learish@gnc-hq.com,,http://www.linkedin.com/in/john-learish-3b046810,new_enriched
Emma,McNamara,Emma McNamara,Store Manager and Marketing Coordinator,GNC,Vitamins & Supplements Retail,Food & Beverage,C-Suite,emma.mcnamara@gnc.com,,http://www.linkedin.com/in/emma-mcnamara-66a8071a7,new_enriched
Dianne,Ramlochan,Dianne Ramlochan,Vice President Digital Marketing,GNC,Vitamins & Supplements Retail,Food & Beverage,C-Suite,dianne-ramlochan@gnc-hq.com,,http://www.linkedin.com/in/dianneramlochan,new_enriched
Karli,Bainbridge,Karli Bainbridge,CMO: Brooklyn Brewery & Hoplark,paperboy ventures,Other Enterprise,Other,C-Suite,kbainbridge@brooklynbrewery.com,,http://www.linkedin.com/in/karlibainbridge,new_enriched
Jen,Holtzman,Jen Holtzman,Director of Marketing Programming,"D.G. Yuengling & Son, Inc.",Alt Sneaker & Comfort Footwear,Fashion & Apparel,Director,jholtzman@yuengling.com,,http://www.linkedin.com/in/jen-holtzman-45362075,new_enriched
Kelsey,Ireland,Kelsey Ireland,Senior Director of Marketing: Creative & Operations,New Belgium Brewing,Craft Beer & Spirits,Food & Beverage,Director,kelsey.ireland@newbelgium.com,,http://www.linkedin.com/in/kelseymireland,new_enriched
Will,Mestayer,Will Mestayer,Sr. Director Integrated Marketing,Sierra Nevada Brewing Co.,Craft Beer & Spirits,Food & Beverage,Director,will.mestayer@sierranevada.com,,http://www.linkedin.com/in/willmestayer,new_enriched
Paul,Gerdes,Paul Gerdes,Field Marketing Manager,New Belgium Brewing,Craft Beer & Spirits,Food & Beverage,Manager,pgerdes@newbelgium.com,,http://www.linkedin.com/in/paul-gerdes-88a5a03b8,new_enriched
Dre,Lapsys,Dre Lapsys,Field Marketing Manager,New Belgium Brewing,Craft Beer & Spirits,Food & Beverage,Manager,dlapsys@newbelgium.com,,http://www.linkedin.com/in/dre-lap%c5%a1ys-60253628,new_enriched
Jack,Vigneron,Jack Vigneron,Field Marketing Manager,New Belgium Brewing,Craft Beer & Spirits,Food & Beverage,Manager,jvigneron@newbelgium.com,,http://www.linkedin.com/in/jack-vigneron-4a386731,new_enriched
Danitza,Mattei,Danitza Mattei,"Marketing Manager, Hospitality","D.G.Yuengling & Son, Inc.",Alt Sneaker & Comfort Footwear,Fashion & Apparel,Manager,dmattei@yuenglingdhk.com,,http://www.linkedin.com/in/danitza-mattei-247514b3,new_enriched
Geoff,Seeley,Geoff Seeley,CMO,PayPal,BNPL & Digital Wallets,Finance & Fintech,C-Suite,geoffs@paypal.com,,http://www.linkedin.com/in/geoff-seeley-aa9b319,new_enriched
Caitlin,Hoey,Caitlin Hoey,Head of Marketing,PayPal,BNPL & Digital Wallets,Finance & Fintech,Head,choey@paypal.com,,http://www.linkedin.com/in/caitlin-hoey-au,new_enriched
Erin,Endres,Erin Endres,Chief Marketing Officer,Briogeo Hair Care,Hair Care Brands,Beauty & Personal Care,C-Suite,erin@briogeohair.com,,http://www.linkedin.com/in/erinendres,new_enriched
Daniel,Juarez Molano,Daniel Juarez Molano,CMO Chief Marketing Officer - Grandes Cuentas,Olaplex España,Hair Care Brands,Beauty & Personal Care,C-Suite,daniel.juarezmolano@olaplex.com,,http://www.linkedin.com/in/daniel-juarez-molano-68b3b9102,new_enriched
Kara,Cascio-Mariana,Kara Cascio-Mariana,,,Other Enterprise,Other,Other,kcasciomariana@livingproof.com,,http://www.linkedin.com/in/karacascio,new_enriched
Naqi,Sheriff,Naqi Sheriff,Vice President Sales and Marketing,Mielle Organics LLC,Hair Care Brands,Beauty & Personal Care,C-Suite,nsheriff@mielleorganics.com,,http://www.linkedin.com/in/naqi-sheriff,new_enriched
Nicole,Martini,Nicole Martini,"Vice President, North America Sales & Marketing",OLAPLEX,Hair Care Brands,Beauty & Personal Care,C-Suite,nicole.martini@olaplex.com,,http://www.linkedin.com/in/nicole-a-martini-872a266,new_enriched
Cailin,McCarthy,Cailin McCarthy,"VP, Global Brand Marketing",OLAPLEX,Hair Care Brands,Beauty & Personal Care,VP,cailin.mccarthy@olaplex.com,,http://www.linkedin.com/in/cailinmccarthy,new_enriched
Allie,Mann,Allie Mann,"Senior Director, Global Marketing",OLAPLEX,Hair Care Brands,Beauty & Personal Care,Director,allie.mann@olaplex.com,,http://www.linkedin.com/in/allievasilakis,new_enriched
Caitlin,Murtha,Caitlin Murtha,"Senior Vice President, Global Brand Marketing & Operations",OLAPLEX,Hair Care Brands,Beauty & Personal Care,C-Suite,caitlin.murtha@olaplex.com,,http://www.linkedin.com/in/caitlinmurtha,new_enriched
Sofia,Beja,Sofia Beja,"Senior Director, Influencer Marketing",OLAPLEX,Hair Care Brands,Beauty & Personal Care,Director,sofia.beja@olaplex.com,,http://www.linkedin.com/in/sofia-beja-678a9657,new_enriched
Alandra,Maka,Alandra Maka,"Vice President, Consumer Marketing","Living Proof, Inc.",Hair Care Brands,Beauty & Personal Care,C-Suite,amaka@livingproof.com,,http://www.linkedin.com/in/alandramaka,new_enriched
Schlender,Adam,Schlender Adam,Director of Marketing,DJI,Camera & Drones,Tech & SaaS,Director,adam.schlender@dji.com,,http://www.linkedin.com/in/schlender-adam-41507382,new_enriched
Mari,Ikonen,Mari Ikonen,Head of Marketing & PR - UK,Leica Camera Ltd,Camera & Drones,Tech & SaaS,Head,mari.ikonen@leica-camera.com,,http://www.linkedin.com/in/mariikonen,new_enriched
Yatish,Suvarna,Yatish Suvarna,"Director of Marketing and Communications, India",GoPro,Camera & Drones,Tech & SaaS,Director,ysuvarna@gopro.com,,http://www.linkedin.com/in/yatish-suvarna-41422b31a,new_enriched
Alicia,Cheney,Alicia Cheney,"Director, Marketing Operations and Events",GoPro,Camera & Drones,Tech & SaaS,Director,acheney@gopro.com,,http://www.linkedin.com/in/alicia-cheney-8031914,new_enriched
Junmin,Qu,Junmin Qu,"Head of Marketing, NA, Latam, APEC",DJI,Camera & Drones,Tech & SaaS,Head,junmin.qu@dji.com,,http://www.linkedin.com/in/junmin-qu-b9a4b9117,new_enriched
Lisa,Baxt,Lisa Baxt,Marketing Director,SIGMA America,Camera & Drones,Tech & SaaS,Director,lbaxt@sigmaphoto.com,,http://www.linkedin.com/in/lisabaxt,new_enriched
Michael,Maholias,Michael Maholias,"Director, Global Social Marketing",GoPro,Camera & Drones,Tech & SaaS,Director,mmaholias@gopro.com,,http://www.linkedin.com/in/michaelmaholias,new_enriched
Christina,Zhang,Christina Zhang,Vice President of Sales & Marketing,DJI,Camera & Drones,Tech & SaaS,C-Suite,christina.zhang@dji.com,,http://www.linkedin.com/in/christina-zhang-58809a30,new_enriched
Suresh,Chekuri,Suresh Chekuri,"Sr. Director, North America Sales/Global Channel Marketing/Retail Experience at GoPro",GoPro,Camera & Drones,Tech & SaaS,Director,schekuri@gopro.com,,http://www.linkedin.com/in/sureshchekuri,new_enriched
Rachel,Winnall,Rachel Winnall,"VP, Brand Marketing",Chomps,Better-For-You Snack Bars,Food & Beverage,VP,rachel.winnall@chomps.com,,http://www.linkedin.com/in/rachelwinnall,new_enriched
Jill,Delelle,Jill Delelle,Director of Digital Marketing and Media,KIND,Other Enterprise,Other,Director,jdelelle@kindsnacks.com,,http://www.linkedin.com/in/jill-delelle-8bab3a3,new_enriched
Deedee,McCoy,Deedee McCoy,"Director, Omnichannel Marketing at Chomps",Chomps,Better-For-You Snack Bars,Food & Beverage,Director,deedee@chomps.com,,http://www.linkedin.com/in/deedeemccoy,new_enriched
Anthony,Derojas,Anthony Derojas,"Sr. Director, Media, Digital Marketing & Experience",KIND,Other Enterprise,Other,Director,aderojas@kindsnacks.com,,http://www.linkedin.com/in/anthony-derojas-41210b8,new_enriched
Noelia,Lopez,Noelia Lopez,Senior Director of Trade Marketing and Sales Operations,KIND,Other Enterprise,Other,Director,nlopez@kindsnacks.com,,http://www.linkedin.com/in/noelia-l%c3%b3pez-794b6926,new_enriched
Brent,Gleckler,Brent Gleckler,Chief Marketing Officer,Nestlé Purina North America,Global Pet Food Brands,Food & Beverage,C-Suite,bgleckler@purina.com,,http://www.linkedin.com/in/brent-gleckler,new_enriched
Susan,Molenda,Susan Molenda,Vice President Marketing,Nestlé Purina North America,Global Pet Food Brands,Food & Beverage,C-Suite,smolenda@purina.com,,http://www.linkedin.com/in/susan-molenda-368ab833a,new_enriched
Joyce,Fang,Joyce Fang,Head of Marketing,Royal Canin,Global Pet Food Brands,Food & Beverage,Head,joyce.fang@royalcanin.com,,http://www.linkedin.com/in/joycefxm,new_enriched
Nicole,Gaynor,Nicole Gaynor,Director of Marketing,Royal Canin,Global Pet Food Brands,Food & Beverage,Director,nicole.gaynor@royalcanin.com,,http://www.linkedin.com/in/nicolemgaynor,new_enriched
Emily,Cloud,Emily Cloud,Director of Marketing,Nestlé Purina North America,Global Pet Food Brands,Food & Beverage,Director,emily.cloud@purina.nestle.com,,http://www.linkedin.com/in/emily-cloud-65741619,new_enriched
Damian,Rubens,Damian Rubens,Marketing Director - Pillar Head,Royal Canin,Global Pet Food Brands,Food & Beverage,Director,damian.rubens@royalcanin.com,,http://www.linkedin.com/in/damian-rubens-4b80496,new_enriched
Abby,Goss,Abby Goss,"Director, Marketing Transformation",Nestlé Purina North America,Global Pet Food Brands,Food & Beverage,Director,abby.goss@purina.nestle.com,,http://www.linkedin.com/in/abby-goss-58443524,new_enriched
Lipika,Ganguli,Lipika Ganguli,Marketing Director,Royal Canin,Global Pet Food Brands,Food & Beverage,Director,lipika.ganguli@royalcanin.us,,http://www.linkedin.com/in/lipika-ganguli-285aa04,new_enriched
Joela,Grenard,Joela Grenard,Marketing Director,Hill's Pet Nutrition,Global Pet Food Brands,Food & Beverage,Director,joela_grenard@hillspet.com,,http://www.linkedin.com/in/joelakemp,new_enriched
Thierry,Mousseigne,Thierry Mousseigne,Europe Sales & Marketing Vice President,Royal Canin,Global Pet Food Brands,Food & Beverage,C-Suite,thierry.mousseigne@royalcanin.com,,http://www.linkedin.com/in/thierry-mousseigne,new_enriched
Carine,McGinnity,Carine McGinnity,Global Head of Brand Communications & Culture,Aesop,Home Fragrance & Prestige Beauty Retail,Beauty & Personal Care,Head,carine.mcginnity@aesop.com,,http://www.linkedin.com/in/carinemcginnity,new_enriched
Tony,Nguyen,Tony Nguyen,"Head of Marketing, Australia & New Zealand",Aesop,Home Fragrance & Prestige Beauty Retail,Beauty & Personal Care,Head,tony.nguyen@aesop.com,,http://www.linkedin.com/in/tony-nguyen-76798733,new_enriched
Nataly,Avila,Nataly Avila,"Vice President, Global Marketing",Aveda,Home Fragrance & Prestige Beauty Retail,Beauty & Personal Care,C-Suite,navila@aveda.com,,http://www.linkedin.com/in/natalyavila,new_enriched
Becky,Murphy,Becky Murphy,Marketing Manager,Aveda,Home Fragrance & Prestige Beauty Retail,Beauty & Personal Care,Manager,bmurphy@aveda.com,,http://www.linkedin.com/in/becky-murphy-6631894,new_enriched
Sandy,Zappia,Sandy Zappia,Marketing Director,Aveda,Home Fragrance & Prestige Beauty Retail,Beauty & Personal Care,Director,szappia@aveda.com,,http://www.linkedin.com/in/sandy-zappia-8309408,new_enriched
Maggie,He,Maggie He,"Head of International Marketing, Global",BYREDO,Home Fragrance & Prestige Beauty Retail,Beauty & Personal Care,Head,mhe@byredo.com,,http://www.linkedin.com/in/maggiehe62,new_enriched
Sarah,Hogarty,Sarah Hogarty,Chief Marketing Officer,Brooklyn Museum,Fine Art Museums,Art & Culture,C-Suite,sarah.baileyhogarty@brooklynmuseum.org,,http://www.linkedin.com/in/sarah-bailey-hogarty,new_enriched
Brianna,Lowndes,Brianna Lowndes,Chief Marketing Officer,Whitney Museum of American Art,Fine Art Museums,Art & Culture,C-Suite,brianna_lowndes@whitney.org,,http://www.linkedin.com/in/brianna-lowndes-8101255,new_enriched
Nick,Gilmer,Nick Gilmer,Head of Marketing,Tate,Art & Culture,Art & Culture,Head,nick.gilmer@tate.org.uk,,http://www.linkedin.com/in/nickgilmer,new_enriched
Katie,Rahn,Katie Rahn,"Senior Vice President, Marketing and Communications",Art Institute of Chicago,Fine Art Museums,Art & Culture,C-Suite,krahn@artic.edu,,http://www.linkedin.com/in/katie-rahn-9a16414,new_enriched
Gabriela,Pupin,Gabriela Pupin,"Associate Director, Marketing",The Museum of Modern Art,Fine Art Museums,Art & Culture,Director,gabriela_pupin@moma.org,,http://www.linkedin.com/in/gabrielapupin,new_enriched
Alexandra,Nguy,Alexandra Nguy,Director of Marketing & Sales,SFMOMA San Francisco Museum of Modern Art,Fine Art Museums,Art & Culture,Director,anguy@sfmoma.org,,http://www.linkedin.com/in/alexnguy,new_enriched
Alex,Barber,Alex Barber,"Associate Director, Marketing",Guggenheim Museum,Fine Art Museums,Art & Culture,Director,abarber@guggenheim.org,,http://www.linkedin.com/in/alexandrasbarber,new_enriched
Laura,Moran,Laura Moran,"Associate Director, Marketing",Walker Art Center,Fine Art Museums,Art & Culture,Director,laura.moran@walkerart.org,,http://www.linkedin.com/in/lr-moran,new_enriched
Nadia,Abudi,Nadia Abudi,Head of Marketing and Media Strategy,Whitney Museum of American Art,Fine Art Museums,Art & Culture,Head,nadia_abudi@whitney.org,,http://www.linkedin.com/in/nadia-abudi,new_enriched
Yasmine,Vatere,Yasmine Vatere,Assistant Director Brand Management and Marketing,Getty,Art & Culture,Art & Culture,Director,yvatere@getty.edu,,http://www.linkedin.com/in/yasminevatere,new_enriched
Beth,Henry,Beth Henry,Chief Marketing Officer,Curative,Other Enterprise,Other,C-Suite,elizabethhenry@curative.com,,http://www.linkedin.com/in/bethhenry88,new_enriched
Jessica,Scodary,Jessica Scodary,Vice President Marketing,Curative,Other Enterprise,Other,C-Suite,jessicagelzer@curative.com,,http://www.linkedin.com/in/jessicascodary,new_enriched
Emily,Samms,Emily Samms,"Director, Marketing",Amwell,Telehealth Providers,Health & Wellness,Director,emily.samms@americanwell.com,,http://www.linkedin.com/in/emilyfulton,new_enriched
Joe,Sawyer,Joe Sawyer,Director of Marketing,American Well,Art & Culture,Art & Culture,Director,joe@avizia.com,,http://www.linkedin.com/in/joe-sawyer-88282ab,new_enriched
Christopher,Joslin,Christopher Joslin,"VP, Partnerships & Innovation",Teladoc Health,Telehealth Providers,Health & Wellness,VP,cjoslin@teladochealth.com,,http://www.linkedin.com/in/christopher-joslin-06834425,new_enriched
Sara,Boraston,Sara Boraston,Sr. Director of Marketing,Teladoc Health,Telehealth Providers,Health & Wellness,Director,sara.boraston@teladochealth.com,,http://www.linkedin.com/in/saraboraston,new_enriched
Eric,Chang,Eric Chang,"Vice President, Solution Marketing",Teladoc Health,Telehealth Providers,Health & Wellness,C-Suite,eric.chang@teladochealth.com,,http://www.linkedin.com/in/ericchang50,new_enriched
Alexandra,Dimillo,Alexandra Dimillo,Director of Growth Marketing,Curative,Other Enterprise,Other,Director,alexandradimillo@curative.com,,http://www.linkedin.com/in/alexdurandimillo,new_enriched
Dominic,Gazzuolo,Dominic Gazzuolo,Director of Performance Marketing,Carbon Health,Alt Sneaker & Comfort Footwear,Fashion & Apparel,Director,dgazzuolo@carbonhealth.com,,http://www.linkedin.com/in/dominic-gazzuolo-8021b3103,new_enriched
Joshua,Dunsby,Joshua Dunsby,"Vice President, Client Advocacy and Enterprise Partnerships",One Medical,Telehealth Providers,Health & Wellness,C-Suite,jdunsby@onemedical.com,,http://www.linkedin.com/in/joshua-dunsby-phd-9121719,new_enriched
Julie,Smith,Julie Smith,Head of Brand Marketing,Stripe,Payments Infrastructure,Finance & Fintech,Head,jasmith@stripe.com,,http://www.linkedin.com/in/julieannsmith,new_enriched
Leah,Rasori,Leah Rasori,Chief Marketing Officer,Global Payments Inc.,Payments Infrastructure,Finance & Fintech,C-Suite,leahk.rasori@globalpay.com,,http://www.linkedin.com/in/leahrasori,new_enriched
Jonathan,Soffin,Jonathan Soffin,Chief Marketing Officer,Marqeta,Payments Infrastructure,Finance & Fintech,C-Suite,jsoffin@marqeta.com,,http://www.linkedin.com/in/jonathan-soffin-a6ba22,new_enriched
Nadia,Qureshi,Nadia Qureshi,"VP, Global Head of Partnerships",Adyen,Payments Infrastructure,Finance & Fintech,VP,nadia.qureshi@adyen.com,,http://www.linkedin.com/in/nadia-q,new_enriched
Susan,Vaillancourt,Susan Vaillancourt,"Head of Marketing, B2B Solutions (Business Unit CMO)",Global Payments Inc.,Payments Infrastructure,Finance & Fintech,C-Suite,susan.vaillancourt@globalpayments.com,,http://www.linkedin.com/in/susan-v-883110,new_enriched
Mitchell,Jenkins,Mitchell Jenkins,"Vice President, Head of Partnerships - Strategic Segment",Fiserv,Payments Infrastructure,Finance & Fintech,C-Suite,mitchell.jenkins@fiserv.com,,http://www.linkedin.com/in/mitchell-jenkins,new_enriched
Vincent,Bahk,Vincent Bahk,"SVP, Head of Marketing",FIS,Other Enterprise,Other,VP,vincent.bahk@fisglobal.com,,http://www.linkedin.com/in/vincentbahk,new_enriched
Kyle,Smith,Kyle Smith,"SVP, Global Head of Brand Marketing",FIS,Other Enterprise,Other,VP,kyle.smith@fisglobal.com,,http://www.linkedin.com/in/kyle-smith-fis,new_enriched
Chris,Sheridan,Chris Sheridan,Head of Partnerships,Mercury,Other Enterprise,Other,Head,sheridan@mercury.com,,http://www.linkedin.com/in/chrissheridan,new_enriched
Rachel,Oatway,Rachel Oatway,"VP, Marketing",Mercury,Other Enterprise,Other,VP,rachel@mercury.com,,http://www.linkedin.com/in/rachel-moncton-oatway,new_enriched
Brad,Kleinschmidt,Brad Kleinschmidt,Sr. Director & CMO,Eli Lilly and Company,Pharmaceutical Giants,Health & Wellness,C-Suite,kleinschmidt_brad_p@lilly.com,,http://www.linkedin.com/in/bradkleinschmidt,new_enriched
Tayllit,Aherdan,Tayllit Aherdan,Vice President and Chief Marketing Officer,Eli Lilly and Company,Pharmaceutical Giants,Health & Wellness,C-Suite,aherdan_tayllit@lilly.com,,http://www.linkedin.com/in/tayllit-aherdan-3816042,new_enriched
James,Farrelly,James Farrelly,CMO,Pfizer,Pharmaceutical Giants,Health & Wellness,C-Suite,james.farrelly@pfizer.com,,http://www.linkedin.com/in/jamesfarrelly,new_enriched
Joanna,Loewenstein,Joanna Loewenstein,CMO,Eli Lilly and Company,Pharmaceutical Giants,Health & Wellness,C-Suite,joanna.loewenstein@atria.org,,http://www.linkedin.com/in/joanna-loewenstein-17978980,new_enriched
Ahmed,Abdelkhalek,Ahmed Abdelkhalek,"AVP, Chief Marketing Officer",Eli Lilly and Company,Pharmaceutical Giants,Health & Wellness,C-Suite,abdelkhalek_ahmed@lilly.com,,http://www.linkedin.com/in/ahmed-abdelkhalek-b5164b16,new_enriched
Durga,Bobba,Durga Bobba,Vice President Marketing,GSK,Pharmaceutical Giants,Health & Wellness,C-Suite,durga.p.bobba@gsk.com,,http://www.linkedin.com/in/durga-bobba,new_enriched
Emily,Friedman,Emily Friedman,"Vice President, Marketing",Pfizer,Pharmaceutical Giants,Health & Wellness,C-Suite,emily.friedman@pfizer.com,,http://www.linkedin.com/in/friedmanemily,new_enriched
Elizabeth,Krueger,Elizabeth Krueger,Vice President Marketing,Eli Lilly and Company,Pharmaceutical Giants,Health & Wellness,C-Suite,krueger_elizabeth_winters@lilly.com,,http://www.linkedin.com/in/elizabeth-krueger-2b2196b,new_enriched
Nathan,Patton,Nathan Patton,Vice President Marketing,Roche,Pharmaceutical Giants,Health & Wellness,C-Suite,nathan.patton@roche.com,,http://www.linkedin.com/in/nathanpatton,new_enriched
Kristi,Reeves-Pennington,Kristi Reeves-Pennington,Vice President Marketing,GSK,Pharmaceutical Giants,Health & Wellness,C-Suite,kristi.s.reeves@gsk.com,,http://www.linkedin.com/in/kristi-reeves-pennington,new_enriched
Matthew,Bown,Matthew Bown,"Vice President, Partnerships",AEG,Concert Promoters & Festivals,Music & Live,C-Suite,mbown@aegworldwide.com,,http://www.linkedin.com/in/matthew-bown-8569139,new_enriched
Maureen,Valker-Barlow,Maureen Valker-Barlow,SVP Partnerships,Insomniac Events,Major Live Entertainment Venues,Music & Live,VP,maureen.valker@insomniac.com,,http://www.linkedin.com/in/maureenvalker,new_enriched
Paul,Samuels,Paul Samuels,"President, Global Partnerships",AEG,Concert Promoters & Festivals,Music & Live,C-Suite,paul.samuels@aegworldwide.co.uk,,http://www.linkedin.com/in/paul-samuels-7164834,new_enriched
Nick,Baker,Nick Baker,"President & Chief Operating Officer, Global Partnerships",AEG,Concert Promoters & Festivals,Music & Live,C-Suite,nbaker@aegworldwide.com,,http://www.linkedin.com/in/nickbackeraeg,new_enriched
Patrick,Dentler,Patrick Dentler,Marketing Director,C3 Presents,Major Live Entertainment Venues,Music & Live,Director,pdentler@c3presents.com,,http://www.linkedin.com/in/pfdentler,new_enriched
Denise,Door,Denise Door,CMO,Mars,Other Enterprise,Other,C-Suite,denise.door@effem.com,,http://www.linkedin.com/in/denisedoor,new_enriched
Ayesha,Huda,Ayesha Huda,Chief Marketing Officer,Mars,Other Enterprise,Other,C-Suite,ayesha.huda@effem.com,,http://www.linkedin.com/in/ayesha-huda-3009b218,new_enriched
Nikhil,Rao,Nikhil Rao,Chief Marketing Officer and DComm Director,Mars,Other Enterprise,Other,C-Suite,nikhil.rao@effem.com,,http://www.linkedin.com/in/nikhilrao2,new_enriched
Eduardo,Lemos,Eduardo Lemos,CMO,Kellanova,Snack & Confection Giants,Food & Beverage,C-Suite,eduardo.lemos@kellanova.com,,http://www.linkedin.com/in/eduardo-lemos-0849115,new_enriched
Paul,Humphries,Paul Humphries,Chief Marketing Officer,Kellanova,Snack & Confection Giants,Food & Beverage,C-Suite,paul.humphries@kellanova.com,,http://www.linkedin.com/in/paul-humphries-48a895b,new_enriched
Nitin,Saini,Nitin Saini,Vice President Marketing (CMO),Mondelēz International,Snack & Confection Giants,Food & Beverage,C-Suite,nitin.saini@mdlz.com,,http://www.linkedin.com/in/nitin-saini-9555091,new_enriched
Ben,Wicks,Ben Wicks,"Chief Marketing Officer / Vice President - Marketing, ANZ",Mondelēz International,Snack & Confection Giants,Food & Beverage,C-Suite,bwicks@mdlz.com,,http://www.linkedin.com/in/ben-wicks,new_enriched
Jennifer,Brain-Mennes,Jennifer Brain-Mennes,"VP, Global Head of Digital Marketing & Partnerships",Mondelēz International,Snack & Confection Giants,Food & Beverage,VP,jennifer.mennes@mdlz.com,,http://www.linkedin.com/in/jenniferbrainmennes,new_enriched
Mary,Page,Mary Page,CMO,Ferrero,Snack & Confection Giants,Food & Beverage,C-Suite,mary.page@ferrero.com,,http://www.linkedin.com/in/mary-page-287a38261,new_enriched
Luca,Ferraro,Luca Ferraro,Head of Global Chief Marketing Officer Staff,Ferrero,Snack & Confection Giants,Food & Beverage,C-Suite,luca.ferraro@ferrero.com,,http://www.linkedin.com/in/luca-ferraro-2b52a811,new_enriched
Alex,Griffin,Alex Griffin,Chief Marketing Officer,On AG,Alt Sneaker & Comfort Footwear,Fashion & Apparel,C-Suite,alex@on-running.com,,http://www.linkedin.com/in/alex-griffin-93a7913,new_enriched
Kelly,Olmstead,Kelly Olmstead,Chief Marketing Officer,Allbirds,Alt Sneaker & Comfort Footwear,Fashion & Apparel,C-Suite,kelly.olmstead@allbirds.com,,http://www.linkedin.com/in/kelly-olmstead-04492a4,new_enriched
Greg,White,Greg White,CMO of the Americas,On,Other Enterprise,Other,C-Suite,greg.white@on-running.com,,http://www.linkedin.com/in/whitegm,new_enriched
Emma,Smith,Emma Smith,"Head of Brand, Apparel",On,Other Enterprise,Other,Head,emma.smith@on-running.com,,http://www.linkedin.com/in/emmalarsensmith,new_enriched
Laura,Bevan,Laura Bevan,"Head of Brand, Running",On,Other Enterprise,Other,Head,laura.bevan@on-running.com,,http://www.linkedin.com/in/laurabevan15,new_enriched
Olivia,Ragan,Olivia Ragan,"Head of Brand Communications, North America",On,Other Enterprise,Other,Head,olivia.ragan@on-running.com,,http://www.linkedin.com/in/oragan,new_enriched
Gareth,Evans,Gareth Evans,Senior Director of Marketing EMEA,On,Other Enterprise,Other,Director,gareth.evans@on-running.com,,http://www.linkedin.com/in/gareth-evans-51a81720,new_enriched
Dario,Arfelli,Dario Arfelli,Head of Marketing,Philips,Consumer Electronics Giants,Tech & SaaS,Head,dario.arfelli@philips.com,,http://www.linkedin.com/in/arfelli,new_enriched
Ivone,Miranda,Ivone Miranda,Head of Marketing,Philips,Consumer Electronics Giants,Tech & SaaS,Head,ivone.lima.miranda@philips.com,,http://www.linkedin.com/in/ivonelimamiranda,new_enriched
Elena,Visentini,Elena Visentini,Head of Marketing,Philips,Consumer Electronics Giants,Tech & SaaS,Head,elena.visentini@philips.com,,http://www.linkedin.com/in/elena-visentini,new_enriched
Jason,Deeken,Jason Deeken,Head of Marketing,Philips,Consumer Electronics Giants,Tech & SaaS,Head,jason.deeken@philips.com,,http://www.linkedin.com/in/deeken,new_enriched
Ken,Peters,Ken Peters,"Head of Brand and Communications, NA",Philips,Consumer Electronics Giants,Tech & SaaS,Head,ken.peters@philips.com,,http://www.linkedin.com/in/kgpeters,new_enriched
Daniel,Milliken,Daniel Milliken,"VP, Head of Marketing Health Systems",Philips,Consumer Electronics Giants,Tech & SaaS,VP,daniel.milliken@philips.com,,http://www.linkedin.com/in/daniel-milliken,new_enriched
Minh,Nguyen,Minh Nguyen,"Vice President, Head of Marketing & Strategy, International",Philips,Consumer Electronics Giants,Tech & SaaS,C-Suite,minh.nguyen@philips.com,,http://www.linkedin.com/in/minh-nguyen-93687822,new_enriched
Elizabeth,Littlewood,Elizabeth Littlewood,Head of Brand and Communications Europe Region,Philips,Consumer Electronics Giants,Tech & SaaS,Head,elizabeth.littlewood@philips.com,,http://www.linkedin.com/in/elizabethlittlewood,new_enriched
Emma,Humbey,Emma Humbey,UKI Head of Marketing,Philips,Consumer Electronics Giants,Tech & SaaS,Head,emma.humbey@philips.com,,http://www.linkedin.com/in/emmahumbey,new_enriched
Mark,Olszewski,Mark Olszewski,"Vice President, Head of Marketing and Product Management, Computed Tomography",Philips,Consumer Electronics Giants,Tech & SaaS,C-Suite,mark.olszewski@philips.com,,http://www.linkedin.com/in/markeolszewski,new_enriched
Geraldine,Tunnell,Geraldine Tunnell,Chief Marketing Officer,Dell Technologies,Consumer Tech Hardware,Tech & SaaS,C-Suite,geraldine_tunnell@dell.com,,http://www.linkedin.com/in/geraldine-tunnell-5161b0,new_enriched
Flynn,Maloy,Flynn Maloy,Chief Marketing Officer,Lenovo,Consumer Tech Hardware,Tech & SaaS,C-Suite,fmaloy@lenovo.com,,http://www.linkedin.com/in/flynnmaloy,new_enriched
Robert,Dacunger,Robert Dacunger,Chief Marketing Officer,Dell EMC,Other Enterprise,Other,C-Suite,robert@dell.com,,http://www.linkedin.com/in/robert-dacunger-247662185,new_enriched
Bharti,Gautam,Bharti Gautam,Computer Science,Fresher Jobs,Other Enterprise,Other,Other,gautam.bharti@dell.com,,http://www.linkedin.com/in/bharti-gautam-285a421b7,new_enriched
Soham,Vaidya,Soham Vaidya,Head - Brand Marketing (Strategy),OnePlus,Consumer Tech Hardware,Tech & SaaS,Head,soham.vaidya@oneplus.com,,http://www.linkedin.com/in/soham-vaidya-76750976,new_enriched
Alexandra,Prasch,Alexandra Prasch,Head of Partnerships - Global Marketing,HP,Other Enterprise,Other,Head,alexandra.prasch@hp.com,,http://www.linkedin.com/in/alexandra-prasch,new_enriched
Saurabh,Pandey,Saurabh Pandey,Head of Marketing,HP,Other Enterprise,Other,Head,saurabh.pandey@hp.com,,http://www.linkedin.com/in/pandey3,new_enriched
Tim,Webster,Tim Webster,Head of Brand Sales,HP,Other Enterprise,Other,Head,tim@hp.com,,http://www.linkedin.com/in/tim-webster-bb00406,new_enriched
Paeivi,Kivikoski-Lahtinen,Paeivi Kivikoski-Lahtinen,Head of Marketing,Dell Technologies,Consumer Tech Hardware,Tech & SaaS,Head,paivi.kivikoski@dell.com,,http://www.linkedin.com/in/paivi-kivikoski-lahtinen,new_enriched
Tomi,Adrias,Tomi Adrias,Head of Marketing,Xiaomi Technology,Consumer Tech Hardware,Tech & SaaS,Head,tomiadrias@xiaomi.com,,http://www.linkedin.com/in/tomi-adrias-1117b8a7,new_enriched
Priya,Gill,Priya Gill,Chief Marketing Officer,Iterable,Customer Engagement SaaS,Tech & SaaS,C-Suite,priya.gill@iterable.com,,http://www.linkedin.com/in/priya-gill-56774020,new_enriched
Jason,Lyman,Jason Lyman,Chief Marketing Officer,Customer.io,Customer Engagement SaaS,Tech & SaaS,C-Suite,jason.lyman@customer.io,,http://www.linkedin.com/in/jason-lyman1,new_enriched
Maria,Robinson,Maria Robinson,CMO,Airship,Customer Engagement SaaS,Tech & SaaS,C-Suite,maria.robinson@airship.com,,http://www.linkedin.com/in/mariarobinsoncmo,new_enriched
John,Ashton,John Ashton,"VP, Head of Partnerships",Braze,Customer Engagement SaaS,Tech & SaaS,VP,john.ashton@braze.com,,http://www.linkedin.com/in/jecashton,new_enriched
Rohitkumar,Nair,Rohitkumar Nair,Senior Vice President Marketing,MoEngage,Customer Engagement SaaS,Tech & SaaS,C-Suite,rohit.nair@moengage.com,,http://www.linkedin.com/in/rohitkumar-nair-33b3448,new_enriched
Al,Harnisch,Al Harnisch,Global Head of Partnerships,OneSignal,Customer Engagement SaaS,Tech & SaaS,Head,alharnisch@onesignal.com,,http://www.linkedin.com/in/aharnisch3,new_enriched
Julia,Fare,Julia Fare,"SVP, Global Partnerships & Alliances",Braze,Customer Engagement SaaS,Tech & SaaS,VP,julia.fare@braze.com,,http://www.linkedin.com/in/juliafare,new_enriched
Zon,Tay-Lim,Zon Tay-Lim,"VP Marketing, APJ & Menat",Braze,Customer Engagement SaaS,Tech & SaaS,VP,zon@braze.com,,http://www.linkedin.com/in/zon-lim,new_enriched
Ural,Cebeci,Ural Cebeci,"Vice President Marketing, Global Demand Generation",Braze,Customer Engagement SaaS,Tech & SaaS,C-Suite,ural.cebeci@braze.com,,http://www.linkedin.com/in/uralcebeci,new_enriched
Antonio,Guzman,Antonio Guzman,"Senior Director, Marketing",Braze,Customer Engagement SaaS,Tech & SaaS,Director,antonio.guzman@braze.com,,http://www.linkedin.com/in/antonioguzman,new_enriched
Steven,Young,Steven Young,Global Chief Marketing Officer,Aura,Other Enterprise,Other,C-Suite,steven.young@aura.com,,http://www.linkedin.com/in/steventristanyoung,new_enriched
Connie,Wang,Connie Wang,"SVP, Marketing & Communications",Headspace,Meditation & Mindfulness Apps,Health & Wellness,VP,connie.wang@headspace.com,,http://www.linkedin.com/in/conniechanwang,new_enriched
Ashley,Barbera,Ashley Barbera,Head of Partnerships,Waking Up,Meditation & Mindfulness Apps,Health & Wellness,Head,ashley@wakingup.com,,http://www.linkedin.com/in/aperly2,new_enriched
Kirsten,Tang,Kirsten Tang,Head of Partnerships,Calm,Other Enterprise,Other,Head,kirsten.tang@calm.com,,http://www.linkedin.com/in/kirstenmtang,new_enriched
Shiraz,Buehlbecker,Shiraz Buehlbecker,Head of Global Partnerships,Shine,Other Enterprise,Other,Head,shiraz.buehlbecker@shine.fr,,http://www.linkedin.com/in/shiraz-b-034aa0a5,new_enriched
Renaud,Ploquin,Renaud Ploquin,Head of Growth Partnerships EMEA,Calm,Other Enterprise,Other,Head,renaud.ploquin@calm.com,,http://www.linkedin.com/in/renaud-ploquin-452b2,new_enriched
Terence,Lim,Terence Lim,Vice President Strategic Partnerships,Headspace,Meditation & Mindfulness Apps,Health & Wellness,C-Suite,terence.lim@headspace.com,,http://www.linkedin.com/in/terencel1m,new_enriched
Rachel,Kramer,Rachel Kramer,Head of Health Plan Partnerships,Headspace,Meditation & Mindfulness Apps,Health & Wellness,Head,rachel.kramer@headspace.com,,http://www.linkedin.com/in/rachel-kramer-3159114a,new_enriched
Elisheva,Wexler,Elisheva Wexler,"Vice President, Marketing",Breethe,Meditation & Mindfulness Apps,Health & Wellness,C-Suite,elisheva@breethe.com,,http://www.linkedin.com/in/elisheva-wexler-4a124713,new_enriched
Jen,Eaves,Jen Eaves,"VP of Marketing, B2B",Aura,Other Enterprise,Other,VP,jennifer.eaves@aura.com,,http://www.linkedin.com/in/jennifereaves,new_enriched
Shannon,Topper,Shannon Topper,"Head of Partnerships, NFL",National Football League (NFL),US Pro Sports Leagues,Sports & Athletics,Head,shannon.topper@nfl.com,,http://www.linkedin.com/in/shannontopper,new_enriched
Genisha,Metcalf,Genisha Metcalf,Head of Partnerships NBA Foundation,National Basketball Association (NBA),US Pro Sports Leagues,Sports & Athletics,Head,gmetcalf@nba.com,,http://www.linkedin.com/in/genisha-metcalf,new_enriched
Brian,Jennings,Brian Jennings,Executive VP Marketing,National Hockey League,NHL Teams & League,Sports & Athletics,VP,bjennings@nhl.com,,http://www.linkedin.com/in/brian-jennings-463743a,new_enriched
Casey,Hall,Casey Hall,"SVP, Marketing & Innovation",National Hockey League (NHL),NHL Teams & League,Sports & Athletics,VP,chall@nhl.com,,http://www.linkedin.com/in/caseymhall,new_enriched
Teddy,Kaplan,Teddy Kaplan,"Vice President, Head of New Media Partnerships",National Basketball Association (NBA),US Pro Sports Leagues,Sports & Athletics,C-Suite,tkaplan@nba.com,,http://www.linkedin.com/in/teddy-kaplan,new_enriched
Scott,Nelson,Scott Nelson,Chief Marketing Officer,Buffalo Wild Wings,Casual Dining Chains,Food & Beverage,C-Suite,snelson@buffalowildwings.com,,http://www.linkedin.com/in/scott-nelson-aa8800a,new_enriched
Michelle,Chin,Michelle Chin,Chief Marketing Officer,Applebee's Neighborhood Grill + Bar,Casual Dining Chains,Food & Beverage,C-Suite,michelle.chin@applebees.com,,http://www.linkedin.com/in/chinmichelle,new_enriched
Jaime,Bunker,Jaime Bunker,"SVP | Head of Marketing, Olive Garden",Olive Garden,Casual Dining Chains,Food & Beverage,VP,jbunker@olivegarden.com,,http://www.linkedin.com/in/jaime-allen-bunker-a8b7443,new_enriched
Lauren,Perez,Lauren Perez,Senior Vice President of Global Marketing,TGI Fridays,Casual Dining Chains,Food & Beverage,C-Suite,lauren.perez@fridays.com,,http://www.linkedin.com/in/lauren-smaron-perez-0020558,new_enriched
Tony,McMaster,Tony McMaster,Vice President Marketing,IHOP,Casual Dining Chains,Food & Beverage,C-Suite,tony.mcmaster@ihop.com,,http://www.linkedin.com/in/tonymcmaster,new_enriched
Sarah,Wheatley,Sarah Wheatley,Head of Brand Marketing,TGI Fridays,Casual Dining Chains,Food & Beverage,Head,sarah.wheatley@tgifridays.co.uk,,http://www.linkedin.com/in/sarah-wheatley-4b13b8b9,new_enriched
Pamela,Jones,Pamela Jones,Vice President of Marketing,Neighborhood Restaurant Partners /dba Applebee's,Casual Dining Chains,Food & Beverage,C-Suite,pjones@nrpflorida.com,,http://www.linkedin.com/in/pamela-jones-2b384850,new_enriched
Kristen,Bowman,Kristen Bowman,"Vice President, Integrated Marketing Communications",Buffalo Wild Wings,Casual Dining Chains,Food & Beverage,C-Suite,kbowman@inspirebrands.com,,http://www.linkedin.com/in/kristen-bowman-3231b845,new_enriched
Karl,Lucas,Karl Lucas,"VP, Calendar Planning & Field Marketing",Denny's,Casual Dining Chains,Food & Beverage,VP,klucas@dennys.com,,http://www.linkedin.com/in/karl-lucas,new_enriched
Dani,Ingram,Dani Ingram,"Executive Director, Marketing",Applebee's Neighborhood Grill + Bar,Casual Dining Chains,Food & Beverage,Director,dani.ingram@applebees.com,,http://www.linkedin.com/in/dani-ingram,new_enriched
Elle,Gail,Elle Gail,"Vice President, Global Brand Marketing & Partnerships",Stanley 1913,Outdoor Drinkware & Coolers,Sports & Athletics,C-Suite,elle.gail@stanley1913.com,,http://www.linkedin.com/in/ellegail,new_enriched
Ankit,Chotai,Ankit Chotai,"Head of Marketing, Japan & SEA",YETI,Outdoor Drinkware & Coolers,Sports & Athletics,Head,ankit.chotai@yeti.com,,http://www.linkedin.com/in/ankitchotai,new_enriched
Kelley,Deneen,Kelley Deneen,"Director, Marketing Operations & Finance",YETI,Outdoor Drinkware & Coolers,Sports & Athletics,Director,kelley.deneen@yeti.com,,http://www.linkedin.com/in/kelley-deneen-6b719b5,new_enriched
Courtney,Barry,Courtney Barry,"Sr. Director, Marketing Operations",YETI,Outdoor Drinkware & Coolers,Sports & Athletics,Director,courtney.barry@yeti.com,,http://www.linkedin.com/in/courtney-barry-293b97306,new_enriched
Giuseppe,Mele,Giuseppe Mele,Director of Brand Marketing,YETI,Outdoor Drinkware & Coolers,Sports & Athletics,Director,giuseppe.mele@yeti.com,,http://www.linkedin.com/in/giuseppe-mele-3b26512,new_enriched
Leighann,Bakunas,Leighann Bakunas,"Director | Food, Beverage, and Music Marketing",YETI,Outdoor Drinkware & Coolers,Sports & Athletics,Director,leighann.bakunas@yeti.com,,http://www.linkedin.com/in/leighann-bakunas-99250a7,new_enriched
Petra,Perry,Petra Perry,Qantas Group - Chief Marketing Officer,Qantas,International Airlines,Travel & Hospitality,C-Suite,petra.perry@qantasloyalty.com,,http://www.linkedin.com/in/petra-perry-5ba3b859,new_enriched
Jose,Proyeneu,Jose Proyeneu,VP of Marketing,Qantas,International Airlines,Travel & Hospitality,VP,jose.proyeneu@qantas.com,,http://www.linkedin.com/in/jose-proyeneu-4101aa1a,new_enriched
Kenya,Ichino,Kenya Ichino,"Vice President, Marketing and Sales",All Nippon Airways,International Airlines,Travel & Hospitality,C-Suite,k.ichino@ana.co.jp,,http://www.linkedin.com/in/kenya-ichino-513161b4,new_enriched
Richard,Jones,Richard Jones,"Vice President Marketing and Sales, Americas",Cathay Pacific,International Airlines,Travel & Hospitality,C-Suite,richard_jones@cathaypacific.com,,http://www.linkedin.com/in/richardjones-syd,new_enriched
Stephan,Heinz,Stephan Heinz,VP Partnerships and Monetisation,LATAM Airlines,International Airlines,Travel & Hospitality,VP,stephan.heinz@latam.com,,http://www.linkedin.com/in/stephanheinz,new_enriched
Oliver,Johnson,Oliver Johnson,"Head of Partnerships, Retail, Qantas Loyalty",Qantas,International Airlines,Travel & Hospitality,Head,oliver.johnson@qantas.com.au,,http://www.linkedin.com/in/oliver-johnson-79b2b31b,new_enriched
Beatriz,Rioja,Beatriz Rioja,Head of Brand,Iberia,International Airlines,Travel & Hospitality,Head,brioja@iberia.es,,http://www.linkedin.com/in/beatriz-rioja-garcia-izquierdo-10875729,new_enriched
Happy,Lam,Happy Lam,"Head of Brand & Marketing, China",Cathay Pacific,International Airlines,Travel & Hospitality,Head,happy_lam@cathaypacific.com,,http://www.linkedin.com/in/happylam,new_enriched
Gabriella,Lechner,Gabriella Lechner,"Director, Marketing and Sales Communications",Air Canada,International Airlines,Travel & Hospitality,Director,ava.kibalian@aircanada.ca,,http://www.linkedin.com/in/gabriella-lechner-270a1815,new_enriched
Sonia,Khosla,Sonia Khosla,Head of Marketing APAC Emeai Latam,Air Canada,International Airlines,Travel & Hospitality,Head,sonia.khosla@aircanada.ca,,http://www.linkedin.com/in/sonia-khosla-95083550,new_enriched
Kate,Watson,Kate Watson,Head of Marketing,Vinomofo,DTC Wine Clubs & Wine Media,Media & Publishing,Head,kate.watson@vinomofo.com,,http://www.linkedin.com/in/kate-watson-digital,new_enriched
Brendan,Sanders,Brendan Sanders,Head of Performance Marketing,Vinomofo,DTC Wine Clubs & Wine Media,Media & Publishing,Head,brendan.sanders@vinomofo.com,,http://www.linkedin.com/in/brendansanders,new_enriched
Marina,Black,Marina Black,VP of Sales and Marketing,Wine Enthusiast,DTC Wine Clubs & Wine Media,Media & Publishing,VP,mresto@wineenthusiast.com,,http://www.linkedin.com/in/marinaresto,new_enriched
Claire,McShane,Claire McShane,Head of Customer Marketing,Naked Wines,DTC Wine Clubs & Wine Media,Media & Publishing,Head,claire.mcshane@nakedwines.com.au,,http://www.linkedin.com/in/clairemcshane,new_enriched
Michaela,Deyo,Michaela Deyo,Director of Growth Marketing,Wine Enthusiast,DTC Wine Clubs & Wine Media,Media & Publishing,Director,mdeyo@wineenthusiast.com,,http://www.linkedin.com/in/michaelasdeyo,new_enriched
Nathalie,Mercado,Nathalie Mercado,Marketing Manager,Wine Enthusiast,DTC Wine Clubs & Wine Media,Media & Publishing,Manager,nathaliem@greystonbakery.com,,http://www.linkedin.com/in/nathalie-mercado-54a76656,new_enriched
Nicole,Macneill,Nicole Macneill,Vice President Brand Marketing,Once Upon a Farm,Baby Food & Toddler Nutrition,Food & Beverage,C-Suite,nicole@uponafarm.com,,http://www.linkedin.com/in/nicolemacneill,new_enriched
Carmen,Trinidad,Carmen Trinidad,"Marketing & Brand Director, North America",Kabrita North America,Baby Food & Toddler Nutrition,Food & Beverage,Director,carmen.trinidad@kabrita.com,,http://www.linkedin.com/in/carmen-trinidad-320225aa,new_enriched
Chris,Mucklow-Norell,Chris Mucklow-Norell,Head of Brand Marketing & Partnerships,Monzo,Neobanks & Challenger Banks,Finance & Fintech,Head,chrismucklownorell@monzo.com,,http://www.linkedin.com/in/chris-mucklow-norell-712b206b,new_enriched
Ellie,Cross,Ellie Cross,Head of Brand Partnerships,Starling,Neobanks & Challenger Banks,Finance & Fintech,Head,ellie.cross@starlingbank.com,,http://www.linkedin.com/in/ellie-cross,new_enriched
Cian,Weeresinghe,Cian Weeresinghe,Chief Marketing Officer,Wise Ltd.,Neobanks & Challenger Banks,Finance & Fintech,C-Suite,cian.weeresinghe@wise.com,,http://www.linkedin.com/in/cianw,new_enriched
Michele,Rousseau,Michele Rousseau,Chief Marketing Officer,Starling Bank,Neobanks & Challenger Banks,Finance & Fintech,C-Suite,michele.rousseau@starlingbank.com,,http://www.linkedin.com/in/mirousseau,new_enriched
Tobi,Fink,Tobi Fink,Head of Brand Activation,Revolut,Neobanks & Challenger Banks,Finance & Fintech,Head,tobias.fink@revolut.com,,http://www.linkedin.com/in/tobi-fink-b93113116,new_enriched
Kim,Maniovich,Kim Maniovich,"Global Head of Marketing, Revolut Business",Revolut,Neobanks & Challenger Banks,Finance & Fintech,Head,kim.maniovich@revolut.com,,http://www.linkedin.com/in/kimmaniovich,new_enriched
Natalie,Malevsky,Natalie Malevsky,Head of Brand Strategy,Monzo Bank,Neobanks & Challenger Banks,Finance & Fintech,Head,nataliemalevsky@monzo.com,,http://www.linkedin.com/in/nataliemalevsky,new_enriched
Covadonga,Calvo,Covadonga Calvo,Director Marketing Management,N26,Neobanks & Challenger Banks,Finance & Fintech,Director,covadonga.garcia@n26.com,,http://www.linkedin.com/in/covadongagarciacalvo,new_enriched
Nick,McInally,Nick McInally,Vice President Global Marketing,Callaway Golf,Golf Equipment Brands,Sports & Athletics,C-Suite,nick.mcinally@callawaygolf.com,,http://www.linkedin.com/in/nick-mcinally-a3a3626,new_enriched
Josh,Talge,Josh Talge,Vice President of Marketing -- Titleist Golf Clubs,Acushnet Company,Golf Equipment Brands,Sports & Athletics,C-Suite,josh_talge@acushnetgolf.com,,http://www.linkedin.com/in/joshtalge,new_enriched
Nick,Raffaele,Nick Raffaele,VP Sports Marketing,Callaway Golf,Golf Equipment Brands,Sports & Athletics,VP,nick.raffaele@callawaygolf.com,,http://www.linkedin.com/in/nick-raffaele-044b429,new_enriched
Brian,Bush,Brian Bush,Director of Product Marketing,PING,Other Enterprise,Other,Director,bbush@ping.com,,http://www.linkedin.com/in/brian-bush-436149b,new_enriched
Luke,Epp,Luke Epp,Marketing Director - Cobra Golf,COBRA PUMA GOLF,Golf Equipment Brands,Sports & Athletics,Director,luke.epp@cobrapuma.com,,http://www.linkedin.com/in/lukeepp,new_enriched
David,Vogrin,David Vogrin,Director of Marketing,Bridgestone Golf,Golf Equipment Brands,Sports & Athletics,Director,david.vogrin@bridgestonegolf.com,,http://www.linkedin.com/in/david-vogrin-20a0021,new_enriched
Stephen,Demare,Stephen Demare,"Sr. Director, Marketing",Acushnet Company,Golf Equipment Brands,Sports & Athletics,Director,stephen_demare@acushnetgolf.com,,http://www.linkedin.com/in/stephen-demare,new_enriched
Kathy,Neumann,Kathy Neumann,"VP, CMO",Apartments.com,Real Estate & PropTech,Retail & Home,C-Suite,kneumann@costar.com,,http://www.linkedin.com/in/kathyneumann,new_enriched
Aya,Maaroufi,Aya Maaroufi,Chief Marketing Officer,Compass,Real Estate,Retail & Home,C-Suite,maya@compass.com,,http://www.linkedin.com/in/aya-maaroufi-702577351,new_enriched
Jenna,Klebanoff,Jenna Klebanoff,VP Marketing,realtor.com,Real Estate & PropTech,Retail & Home,VP,jenna.klebanoff@realtor.com,,http://www.linkedin.com/in/jennaklebanoff,new_enriched
Allie,Cote,Allie Cote,VP of Marketing,Opendoor,Real Estate & PropTech,Retail & Home,VP,allie.cote@opendoor.com,,http://www.linkedin.com/in/allie-cole-cote-59643419,new_enriched
Ben,Levine,Ben Levine,"Head of Marketing, Zillow Rentals",Zillow,Real Estate & PropTech,Retail & Home,Head,benle@zillowgroup.com,,http://www.linkedin.com/in/levineben,new_enriched
Sudhir,Subbaiah,Sudhir Subbaiah,Sr. Director Marketing,Redfin,Real Estate & PropTech,Retail & Home,Director,sudhir.subbaiah@redfin.com,,http://www.linkedin.com/in/sudhirsubbaiah,new_enriched
William,Holmes,William Holmes,Head of Partnerships,Opendoor,Real Estate & PropTech,Retail & Home,Head,will.holmes@opendoor.com,,http://www.linkedin.com/in/williamlholmes,new_enriched
Jordan,Blakley,Jordan Blakley,Senior Director of Marketing,realtor.com,Real Estate & PropTech,Retail & Home,Director,jordan.blakley@realtor.com,,http://www.linkedin.com/in/jordanblakley,new_enriched
Chris,Hood,Chris Hood,"Senior Director, Marketing, Apartments.com",Apartments.com,Real Estate & PropTech,Retail & Home,Director,chood@costar.com,,http://www.linkedin.com/in/chrishoodga,new_enriched
Felipe,Hernandez,Felipe Hernandez,VP of Marketing,Compass,Real Estate,Retail & Home,VP,felipe@compass.com,,http://www.linkedin.com/in/felipe-hernandez-23b51815,new_enriched
Andrew,Hotz,Andrew Hotz,Chief Marketing Officer,Crate & Barrel,Home Furnishings & Interior Retail,Retail & Home,C-Suite,ahotz@crateandbarrel.com,,http://www.linkedin.com/in/andrewhotz,new_enriched
Vincenzo,Riili,Vincenzo Riili,CMO | Global Marketing,IKEA,Home Furnishings & Interior Retail,Retail & Home,C-Suite,vincenzo.riili@ingka.ikea.com,,http://www.linkedin.com/in/vincenzoriili,new_enriched
Charley,Holt,Charley Holt,VP of Marketing,Mitchell Gold + Bob Williams,Home Furnishings & Interior Retail,Retail & Home,VP,charley.holt@mgbwhome.com,,http://www.linkedin.com/in/charley-holt-92a36729,new_enriched
Jen,Porter,Jen Porter,Chief Marketing & eCommerce Officer,Arhaus,Home Furnishings & Interior Retail,Retail & Home,C-Suite,jporter@arhaus.com,,http://www.linkedin.com/in/jeneporter,new_enriched
Shideh,Hashemi,Shideh Hashemi,"Country Marketing Manager (Chief Marketing Officer, IKEA US)",IKEA,Home Furnishings & Interior Retail,Retail & Home,C-Suite,shideh.hashemi@ikea.com,,http://www.linkedin.com/in/shideh-hashemi-6802241,new_enriched
Sandy,Sutro,Sandy Sutro,"Director, Brand Marketing",Crate and Barrel,Home Furnishings & Interior Retail,Retail & Home,Director,ssutro@crateandbarrel.com,,http://www.linkedin.com/in/sandysutro,new_enriched
Amy,Burton,Amy Burton,VP of Commerce and Marketing Technology,Arhaus,Home Furnishings & Interior Retail,Retail & Home,VP,aburton@arhaus.com,,http://www.linkedin.com/in/amy-j-burton,new_enriched
Ceron,Sims,Ceron Sims,Director of Marketing,Arhaus,Home Furnishings & Interior Retail,Retail & Home,Director,cmsims@arhaus.com,,http://www.linkedin.com/in/ceron-m-sims-8a45a13,new_enriched
Ami,Patel,Ami Patel,"Associate Director, Brand Marketing",CB2,Home Furnishings & Interior Retail,Retail & Home,Director,amipatel@cb2.com,,http://www.linkedin.com/in/ami-shah-patel,new_enriched
Rob,Bloom,Rob Bloom,Chief Marketing Officer,Aston Martin F1 Team,F1 Teams & Energy Sports,Sports & Athletics,C-Suite,rob.bloom@astonmartinf1.com,,http://www.linkedin.com/in/rob-bloom-4b909622,new_enriched
Francesco,Alpa,Francesco Alpa,Head of Brand Marketing Communication,Ferrari,F1 Teams & Energy Sports,Sports & Athletics,Head,francesco.alpa@ferrari.com,,http://www.linkedin.com/in/francesco-alpa-3775322,new_enriched
Marcus,Weber,Marcus Weber,Chief Marketing Officer,Red Bull,Beverage,Food & Beverage,C-Suite,marcus.weber@redbull.com,,http://www.linkedin.com/in/marcus-weber-78202013,new_enriched
Michal,Goclowski,Michal Goclowski,Global Head of Partnerships,Red Bull,Beverage,Food & Beverage,Head,michal.goclowski@redbull.com,,http://www.linkedin.com/in/michal-goclowski-59236b23,new_enriched
Shirley,D'Costa,Shirley D'Costa,Head of Partnerships,Red Bull,Beverage,Food & Beverage,Head,shirley.dcosta@redbull.com,,http://www.linkedin.com/in/shirleydcosta,new_enriched
Chris,Fischer,Chris Fischer,Head of Partnerships,Red Bull,Beverage,Food & Beverage,Head,chris.fischer@redbull.com,,http://www.linkedin.com/in/chris-fischer-4034971a,new_enriched
Suzie,Robinson,Suzie Robinson,Head of Brand,Red Bull,Beverage,Food & Beverage,Head,suzie.robinson@redbull.com,,http://www.linkedin.com/in/suzierobinson,new_enriched
Helen,Ferreira-Gomes,Helen Ferreira-Gomes,Head of Partnerships,Red Bull Racing & Red Bull Technology,F1 Teams & Energy Sports,Sports & Athletics,Head,helen.ferreira-gomes@redbullracing.com,,http://www.linkedin.com/in/helen-ferreira-gomes-43743b40,new_enriched
Ericka,McKenna,Ericka McKenna,Chief Marketing Officer,Real Chemistry,Media Holding Companies,Agencies & Rights Holders,C-Suite,emckenna@realchemistry.com,,http://www.linkedin.com/in/ericka-wilhelms-mckenna-she-her-hers-55a994a,new_enriched
Aaron,Goldman,Aaron Goldman,Chief Marketing Officer,Brandlight,Other Enterprise,Other,C-Suite,agoldman@mediaocean.com,,http://www.linkedin.com/in/aarongoldman,new_enriched
Gina,Smith,Gina Smith,CMO,Publicis Groupe,Media Holding Companies,Agencies & Rights Holders,C-Suite,gina.smith@publicis.com,,http://www.linkedin.com/in/gina-smith1,new_enriched
Nate,Nicely,Nate Nicely,"Global Chief Marketing Officer, Media",dentsu,Media Holding Companies,Agencies & Rights Holders,C-Suite,nate.nicely@dentsu.com,,http://www.linkedin.com/in/natenicely,new_enriched
Caroline,Dean,Caroline Dean,"Chief Marketing Officer, Practices",dentsu,Media Holding Companies,Agencies & Rights Holders,C-Suite,caroline.dean@dentsu.com,,http://www.linkedin.com/in/carolinejdean,new_enriched
Peter,Loftus,Peter Loftus,"Chief Marketing Officer, Publicis Creative US",Publicis Groupe,Media Holding Companies,Agencies & Rights Holders,C-Suite,peter.loftus@publicis.com,,http://www.linkedin.com/in/peter-loftus-648a1222,new_enriched
Kemi,Green,Kemi Green,"VP, Marketing",WPP,Media Holding Companies,Agencies & Rights Holders,VP,kemi.green@wpp.com,,http://www.linkedin.com/in/kemigreen,new_enriched
Corinna,Serra,Corinna Serra,Global Head of Brand,WPP,Media Holding Companies,Agencies & Rights Holders,Head,corinna.martinezserra@wpp.com,,http://www.linkedin.com/in/corinna-martinez-serra,new_enriched
Beth,Paulino,Beth Paulino,"SVP, Marketing and Communications",Real Chemistry,Media Holding Companies,Agencies & Rights Holders,VP,beth.paulino@realchemistry.com,,http://www.linkedin.com/in/beth-paulino,new_enriched
Mark,Bagley,Mark Bagley,Vice President of Marketing,Mediaocean,Media Holding Companies,Agencies & Rights Holders,C-Suite,mbagley@mediaocean.com,,http://www.linkedin.com/in/mark-bagley-59048a4,new_enriched
Wes,Weir,Wes Weir,"Vice President, Partnerships",WME | William Morris Endeavor,Sports & Entertainment Talent Agencies,Agencies & Rights Holders,C-Suite,wweir@wmeagency.com,,http://www.linkedin.com/in/wesweir,new_enriched
Kim,Berg,Kim Berg,EVP/Chief Marketing Officer,WME | William Morris Endeavor,Sports & Entertainment Talent Agencies,Agencies & Rights Holders,C-Suite,kfasting@wmeagency.com,,http://www.linkedin.com/in/kim-fasting-berg,new_enriched
Ginger,Chan,Ginger Chan,Chief Marketing Officer,WME (William Morris Endeavor),Sports & Entertainment Talent Agencies,Agencies & Rights Holders,C-Suite,gchan@wmeagency.com,,http://www.linkedin.com/in/ginger-chan,new_enriched
Alexa,Cook,Alexa Cook,Global Head of Partnerships & Sales at CAA Sports,Creative Artists Agency,Sports & Entertainment Talent Agencies,Agencies & Rights Holders,Head,alexa.cook@caa.com,,http://www.linkedin.com/in/alexa-cook-21036547,new_enriched
Sam,Chen,Sam Chen,"Executive Vice President, Partnerships & Strategic Development APAC",Creative Artists Agency,Sports & Entertainment Talent Agencies,Agencies & Rights Holders,C-Suite,samantha.chen@caa.com,,http://www.linkedin.com/in/samchenpeihua,new_enriched
Alyssa,Romano,Alyssa Romano,"Chief Marketing Officer, Talent + Properties",Octagon,Sports & Entertainment Talent Agencies,Agencies & Rights Holders,C-Suite,alyssa.romano@octagon.com,,http://www.linkedin.com/in/alyssaromano,new_enriched
Lianna,Pope,Lianna Pope,"Group Director, Global Sponsorships",Octagon,Sports & Entertainment Talent Agencies,Agencies & Rights Holders,Director,lianna.pope@octagon.com,,http://www.linkedin.com/in/lchachborn,new_enriched
Julie,Pyrcz,Julie Pyrcz,"Group Director, Golf Sponsorships",Octagon,Sports & Entertainment Talent Agencies,Agencies & Rights Holders,Director,julie.pyrcz@octagon.com,,http://www.linkedin.com/in/juliepyrcz,new_enriched
Derek,Aframe,Derek Aframe,"Executive Vice President, Head of Integrated Marketing",Octagon,Sports & Entertainment Talent Agencies,Agencies & Rights Holders,C-Suite,derek.aframe@octagon.com,,http://www.linkedin.com/in/derek-aframe-3284117,new_enriched
Matt,O'Neil,Matt O'Neil,Chief Marketing Officer,Legends Global,Sports & Entertainment Talent Agencies,Agencies & Rights Holders,C-Suite,moneil@legendsglobal.com,,http://www.linkedin.com/in/matt-o-neil-7973566,new_enriched
Rob,Simpkins,Rob Simpkins,Chief Marketing Officer,Roc Nation,Sports & Entertainment Talent Agencies,Agencies & Rights Holders,C-Suite,rsimpkins@rocnation.com,,http://www.linkedin.com/in/robsimpkinsrocnation,new_enriched
Casey,Gartland,Casey Gartland,"Senior Vice President, Partnerships",GMR Marketing,Sports & Entertainment Talent Agencies,Agencies & Rights Holders,C-Suite,cgartland@gmrmarketing.com,,http://www.linkedin.com/in/caseygartland,new_enriched
Chris,Hibbs,Chris Hibbs,"President, Legends Global Partnerships",Legends,Other Enterprise,Other,C-Suite,chibbs@legends.net,,http://www.linkedin.com/in/chrisbhibbs,new_enriched
Juli,Ferre Nadal,Juli Ferre Nadal,"Senior Vice President, Partnerships - European Sport",Legends Global,Sports & Entertainment Talent Agencies,Agencies & Rights Holders,C-Suite,jferre@legendsglobal.com,,http://www.linkedin.com/in/juliferre,new_enriched
Bianca,Edwards,Bianca Edwards,Vice President of Marketing,Roc Nation,Sports & Entertainment Talent Agencies,Agencies & Rights Holders,C-Suite,bedwards@rocnation.com,,http://www.linkedin.com/in/biancaedwards,new_enriched
Marvin,Resende,Marvin Resende,"Vice President, Branding and Strategic Partnerships",Roc Nation,Sports & Entertainment Talent Agencies,Agencies & Rights Holders,C-Suite,mresende@rocnation.com,,http://www.linkedin.com/in/marvinresende,new_enriched
Jana,Fleishman,Jana Fleishman,EVP Strategic Marketing & Business Development / Head of Communications,Roc Nation,Sports & Entertainment Talent Agencies,Agencies & Rights Holders,VP,janaf@rocnation.com,,http://www.linkedin.com/in/jana-fleishman-0742a59b,new_enriched
Stacey,Gamble,Stacey Gamble,"Vice President, Partnerships - Experience Solutions",GMR Marketing,Sports & Entertainment Talent Agencies,Agencies & Rights Holders,C-Suite,sgamble@gmrmarketing.com,,http://www.linkedin.com/in/staceygamble,new_enriched
Jamila,Thomas,Jamila Thomas,Head of Marketing- Roc Nation Distribution,Roc Nation,Sports & Entertainment Talent Agencies,Agencies & Rights Holders,Head,jamilat@rocnation.com,,http://www.linkedin.com/in/jamila-thomas-a6307b18,new_enriched
Chris,Collins,Chris Collins,"Vice President, Sponsorships",Live Nation Entertainment,Major Live Entertainment Venues,Music & Live,C-Suite,chriscollins@livenation.com,,http://www.linkedin.com/in/chriscollins703,new_enriched
Kellin,Zalneraitis,Kellin Zalneraitis,"Vice President, Sponsorship Marketing",KeyBank,Other Enterprise,Other,C-Suite,kellin_r_zalneraitis@keybank.com,,http://www.linkedin.com/in/kellinzalneraitis,new_enriched
Maria,Holmes,Maria Holmes,"VP, Director, Sponsorships",Fifth Third Bank,Other Enterprise,Other,VP,maria.holmes2@53.com,,http://www.linkedin.com/in/mariaamicone,new_enriched
Jon,Werbeck,Jon Werbeck,Head of Sponsorships,Cosm,Other Enterprise,Other,Head,jon.werbeck@cosm.com,,http://www.linkedin.com/in/jon-werbeck-b261bab,new_enriched
Julia,Moller,Julia Moller,Head of Sponsorships,Allianz Life,Other Enterprise,Other,Head,julia.gutzmoller@allianzlife.com,,http://www.linkedin.com/in/juliagutzmoller,new_enriched
Lindsey,Callinsky,Lindsey Callinsky,"Vice President, Sponsorships",VyStar Credit Union,Other Enterprise,Other,C-Suite,callinskyl@vystarcu.org,,http://www.linkedin.com/in/lindseycallinsky,new_enriched
Aqila,Collins,Aqila Collins,"VP, Sponsorship Marketing",Truist,Other Enterprise,Other,VP,aqila.collins@truist.com,,http://www.linkedin.com/in/aqila-collins-mba,new_enriched
Carol,Tarver,Carol Tarver,Head of Sponsorship Marketing,Grant Thornton LLP,Alt Sneaker & Comfort Footwear,Fashion & Apparel,Head,carol.tarver@us.gt.com,,http://www.linkedin.com/in/carol-tarver-771967158,new_enriched
Tyler,Kupper,Tyler Kupper,"Vice President, Sponsorships",Big Ten Conference,College Athletics Rights,Agencies & Rights Holders,C-Suite,tyler.kupper@btn.com,,http://www.linkedin.com/in/tylerkupper,new_enriched
Sarah,Penn,Sarah Penn,"Vice President, Sponsorship Marketing",The Carlyle Group,Finance/Fintech,Finance & Fintech,C-Suite,sarahbracy.penn@carlyle.com,,http://www.linkedin.com/in/sarah-bracy-penn-b7334b87,new_enriched
Sean,Rossi,Sean Rossi,Vice President of Global Marketing,Bose Corporation,Audio Equipment Brands,Music & Live,C-Suite,sean_rossi@bose.com,,http://www.linkedin.com/in/sean-patrick-rossi,new_enriched
Peter,Baker,Peter Baker,"Senior Director, Marketing and Communications",Audio-Technica,Audio Equipment Brands,Music & Live,Director,pbaker@atus.com,,http://www.linkedin.com/in/peter-baker-88a0783a,new_enriched
Simon,Holley,Simon Holley,Vice President Sales and Marketing,Sennheiser,Audio Equipment Brands,Music & Live,C-Suite,simon.holley@sennheiser.com,,http://www.linkedin.com/in/simon-holley-47942911,new_enriched
Leonardo,Aizpuru,Leonardo Aizpuru,Chief Marketing Officer,Nestlé Nespresso SA,Premium Kitchen Appliances,Retail & Home,C-Suite,leonardo.aizpuru@nespresso.com,,http://www.linkedin.com/in/leonardo-aizpuru-5b677b19,new_enriched
Jessica,Padula,Jessica Padula,"VP, Marketing & Head of Sustainability",Nestlé Nespresso SA,Premium Kitchen Appliances,Retail & Home,VP,jessica.padula@nespresso.com,,http://www.linkedin.com/in/jessicaalayne,new_enriched
Ryan,Stewart,Ryan Stewart,Vice President of Marketing,Cuisinart,Premium Kitchen Appliances,Retail & Home,C-Suite,ryan_stewart@conair.com,,http://www.linkedin.com/in/ryan-stewart-a12a9321,new_enriched
Allyson,Barajas,Allyson Barajas,US VP of Marketing,Breville | Sage,Premium Kitchen Appliances,Retail & Home,VP,ally.barajas@brevilleusa.com,,http://www.linkedin.com/in/allysonbarajas,new_enriched
Sean,Robbins,Sean Robbins,VP of Marketing - Coffee & Espresso,SharkNinja,Premium Kitchen Appliances,Retail & Home,VP,srobbins@sharkninja.com,,http://www.linkedin.com/in/seanrobbins,new_enriched
Rob,Thomas,Rob Thomas,VP Marketing EMEA - Ninja,SharkNinja,Premium Kitchen Appliances,Retail & Home,VP,rthomas@sharkninja.com,,http://www.linkedin.com/in/rob-thomas-2323554,new_enriched
Shelly,Johnston,Shelly Johnston,Vice President of Sponsorships,Regions Financial,Other Enterprise,Other,C-Suite,shelly.k.johnston@regions.com,,http://www.linkedin.com/in/shelly-johnston-25a0ab34,new_enriched
Jessica,Carlson,Jessica Carlson,Head of Sponsorships & Experiential,U.S. Bank,Big Banks,Finance & Fintech,Head,jessica.carlson3@usbank.com,,http://www.linkedin.com/in/jessica-carlson-7783b12,new_enriched
Esther,Gonzales,Esther Gonzales,"Vice President, Sponsorships & Partnership Marketing",U.S. Bank,Big Banks,Finance & Fintech,C-Suite,esther.gonzales1@usbank.com,,http://www.linkedin.com/in/esther-gonzales,new_enriched
Byron,Daub,Byron Daub,"Vice President, Sponsorships & Experiential Marketing",Capital One,Financial Services Giants,Finance & Fintech,C-Suite,byron.daub@capitalone.com,,http://www.linkedin.com/in/byrondaub,new_enriched
RJ,Bogardus,RJ Bogardus,VP of Sponsorships & Brand Engagement,Wells Fargo,Big Banks,Finance & Fintech,VP,rj.bogardus@wellsfargo.com,,http://www.linkedin.com/in/rj-bogardus,new_enriched
Pam,Batalis,Pam Batalis,"Senior Vice President, Sponsorships & Brand Engagement",Wells Fargo,Big Banks,Finance & Fintech,C-Suite,pamela.batalis@wellsfargo.com,,http://www.linkedin.com/in/pambatalis,new_enriched
Tommy,Volz,Tommy Volz,"VP, Sponsorships, Sports Marketing & Brand Engagement",Wells Fargo,Big Banks,Finance & Fintech,VP,thomas.volz1@wellsfargo.com,,http://www.linkedin.com/in/tommyvolz,new_enriched
Molly,Sapienza,Molly Sapienza,"SVP & Group Head, Corporate Sponsorships",PNC,Other Enterprise,Other,VP,molly.sapienza@pnc.com,,http://www.linkedin.com/in/molly-sapienza,new_enriched
Michele,Cardinal,Michele Cardinal,"EVP, Head of Brand, Sponsorships, and Integrated Marketing",Wells Fargo,Big Banks,Finance & Fintech,VP,michele.cardinal@wellsfargo.com,,http://www.linkedin.com/in/michelecardinal,new_enriched
Joy,Campbell,Joy Campbell,"Vice President, Sponsorships, Partnerships & Experiences",Mastercard,Finance/Fintech,Finance & Fintech,C-Suite,joy.campbell@mastercard.com,,http://www.linkedin.com/in/joy-campbell,new_enriched
Tom,Lloyd,Tom Lloyd,"Director, Sponsorships",Mastercard,Finance/Fintech,Finance & Fintech,Director,tom.lloyd@mastercard.com,,http://www.linkedin.com/in/tom-l-33b59736,new_enriched
Jo,Gardener,Jo Gardener,"Director, Sponsorships",Mastercard,Finance/Fintech,Finance & Fintech,Director,jo.gardener@mastercard.com,,http://www.linkedin.com/in/jo-gardener-3aa58358,new_enriched
Pablo,Saab,Pablo Saab,Director Sponsorships LAC,Mastercard,Finance/Fintech,Finance & Fintech,Director,pablo.saab@mastercard.com,,http://www.linkedin.com/in/pablo-saab-98bb8596,new_enriched
Tomas,Dolezal,Tomas Dolezal,Director Sponsorships Europe,Mastercard,Finance/Fintech,Finance & Fintech,Director,tomas.dolezal@mastercard.com,,http://www.linkedin.com/in/tomasdolezal85,new_enriched
David,Halegua,David Halegua,Regional Director of Sponsorships,Mastercard,Finance/Fintech,Finance & Fintech,Director,david.halegua@mastercard.com,,http://www.linkedin.com/in/davidhalegua,new_enriched
Luis,Araujo,Luis Araujo,"VP, Sponsorships, North America",Mastercard,Finance/Fintech,Finance & Fintech,VP,luis.araujo@mastercard.com,,http://www.linkedin.com/in/luis-araujo-zue,new_enriched
Oscar,Romo,Oscar Romo,Vice President Sponsorships & Partnerships Europe,Mastercard,Finance/Fintech,Finance & Fintech,C-Suite,oscar.romo@mastercard.com,,http://www.linkedin.com/in/oscar-romo,new_enriched
Fernando,Matos,Fernando Matos,Head of Sponsorships for Asia Pacific,Visa,Other Enterprise,Other,Head,fdematos@visa.com,,http://www.linkedin.com/in/fernando-de-matos-1a3476,new_enriched
Andres,Mociulsky,Andres Mociulsky,"Gaming & Entertainment Marketing Director, Sponsorships",Visa,Other Enterprise,Other,Director,amociuls@visa.com,,http://www.linkedin.com/in/andres-mociulsky,new_enriched
Angel,Lee,Angel Lee,"Senior Director, Head of Experiential Marketing, Sponsorships & Partnerships",Visa,Other Enterprise,Other,Head,angellee@visa.com,,http://www.linkedin.com/in/angelyy,new_enriched
Victoria,Sun,Victoria Sun,Director of Brand Marketing & Operations,Evil Geniuses,eSports Organizations,Sports & Athletics,Director,victoria.sun@evilgeniuses.gg,,http://www.linkedin.com/in/victoriasun7663,new_enriched
Evan,Mellinger,Evan Mellinger,Director of Partnership Development,100 Thieves,eSports Organizations,Sports & Athletics,Director,emellinger@100thieves.com,,http://www.linkedin.com/in/evan-s-mellinger,new_enriched
Rabie,Bensalah,Rabie Bensalah,Business Development Director,TSM,Other Enterprise,Other,Director,rabie.bensalah@tsm-maroc.com,,http://www.linkedin.com/in/rabie-bensalah-43b43110,new_enriched
Max,Richards,Max Richards,"Business Development Director, Liquid Media",Team Liquid,eSports Organizations,Sports & Athletics,Director,mrichards@teamliquid.com,,http://www.linkedin.com/in/maxjamesrichards,new_enriched
Leena,Xu,Leena Xu,Chief Revenue Officer (CRO),Sentinels,eSports Organizations,Sports & Athletics,C-Suite,leena@sentinels.gg,,http://www.linkedin.com/in/leenaxu,new_enriched
Halee,Mason,Halee Mason,Vice President of Technology and Business Development,"Cloud9 Esports, Inc.",eSports Organizations,Sports & Athletics,C-Suite,halee@cloud9.gg,,http://www.linkedin.com/in/haleemason,new_enriched
Dominic,Mueller,Dominic Mueller,Commercial Director,G2 Esports,eSports Organizations,Sports & Athletics,Director,dominic.mueller@g2esports.com,,http://www.linkedin.com/in/dominicmueller611,new_enriched
Spencer,Sherman,Spencer Sherman,"Senior Vice President, Content & Business Development",FaZe Clan,eSports Organizations,Sports & Athletics,C-Suite,spencer.sherman@fazeclan.com,,http://www.linkedin.com/in/spencer-jay-sherman,new_enriched
Gia,Erese,Gia Erese,Head of Business Development for Esports and Gaming,Team Liquid,eSports Organizations,Sports & Athletics,Head,gerese@teamliquid.com,,http://www.linkedin.com/in/gerese,new_enriched
Jennifer,Escobar,Jennifer Escobar,Head of Brand Marketing,USAA,Insurance Carriers (Auto/Home/Life),Finance & Fintech,Head,jennifer.escobar@usaa.com,,http://www.linkedin.com/in/jennifer-d-escobar,new_enriched
Jessica,Fu,Jessica Fu,Director of Brand Marketing,Allstate,Insurance Carriers (Auto/Home/Life),Finance & Fintech,Director,jessica.fu@allstate.com,,http://www.linkedin.com/in/jessicabfu,new_enriched
Patty,Morris,Patty Morris,Head of Brand - Marketing Executive,State Farm,Insurance Carriers (Auto/Home/Life),Finance & Fintech,Head,patty.morris.h5rl@statefarm.com,,http://www.linkedin.com/in/patty-morris-781a096a,new_enriched
Jim,McCoy,Jim McCoy,"Vice President Sports Marketing, Print & Promotions",Greater Columbus Sports Commission,Other Enterprise,Other,C-Suite,jim.mccoy@nationwide.com,,http://www.linkedin.com/in/jim-mccoy-92951b10,new_enriched
Dan,Frechette,Dan Frechette,"Director, Partnership Solutions",Travelers,Insurance Carriers (Auto/Home/Life),Finance & Fintech,Director,dfrechet@travelers.com,,http://www.linkedin.com/in/dan-frechette-5961a45,new_enriched
Shelly,Halsey,Shelly Halsey,Head of Partnership Management,USAA,Insurance Carriers (Auto/Home/Life),Finance & Fintech,Head,shelly.halsey@usaa.com,,http://www.linkedin.com/in/shelly-halsey-62000410a,new_enriched
Chris,Luna,Chris Luna,Director of Brand Strategy & Media Marketing Strategy,Progressive Insurance,Insurance Carriers (Auto/Home/Life),Finance & Fintech,Director,chris_luna@progressive.com,,http://www.linkedin.com/in/chris-luna-a85017b,new_enriched
Cong,Lu,Cong Lu,"Director, Media",Liberty Mutual Insurance,Insurance Carriers (Auto/Home/Life),Finance & Fintech,Director,cong.lu@libertymutual.com,,http://www.linkedin.com/in/chelseylu,new_enriched
Emily,Lahl,Emily Lahl,Media Director,Allstate,Insurance Carriers (Auto/Home/Life),Finance & Fintech,Director,emily.lahl@allstate.com,,http://www.linkedin.com/in/emily-lahl,new_enriched
Ryan,Willson,Ryan Willson,Media Director,Liberty Mutual Insurance,Insurance Carriers (Auto/Home/Life),Finance & Fintech,Director,ryan.willson@libertymutual.com,,http://www.linkedin.com/in/ryan-willson-44007860,new_enriched
Brett,Maciver,Brett Maciver,"Director, Partnership Marketing",NASCAR,NASCAR & Motorsports,Sports & Athletics,Director,bmaciver@nascar.com,,http://www.linkedin.com/in/brett-maciver-706b184,new_enriched
Kristin,Miller,Kristin Miller,"Director, Partnership Marketing",NASCAR,NASCAR & Motorsports,Sports & Athletics,Director,klmiller@nascar.com,,http://www.linkedin.com/in/kristin-miller-774654b9,new_enriched
Abbigail,Mack,Abbigail Mack,"Director, Partnership Marketing",NASCAR,NASCAR & Motorsports,Sports & Athletics,Director,amack@nascar.com,,http://www.linkedin.com/in/abbigailmack,new_enriched
Dayna,Caine,Dayna Caine,"Managing Director, Partnership Marketing Strategy",NASCAR,NASCAR & Motorsports,Sports & Athletics,Director,dcaine@nascar.com,,http://www.linkedin.com/in/daynacaine,new_enriched
Tyler,Hoke,Tyler Hoke,Sr. Director of Brand Marketing,NASCAR,NASCAR & Motorsports,Sports & Athletics,Director,thoke@nascar.com,,http://www.linkedin.com/in/tdhoke,new_enriched
Dan,Stuart,Dan Stuart,"Director, Partnership Marketing - ARCA Menards Series",NASCAR,NASCAR & Motorsports,Sports & Athletics,Director,dstuart@nascar.com,,http://www.linkedin.com/in/dan-stuart-449ab83a,new_enriched
Ashley,Guymer,Ashley Guymer,"Director, Business Development",McLaren Racing,NASCAR & Motorsports,Sports & Athletics,Director,ashley.guymer@mclaren.com,,http://www.linkedin.com/in/ashley-guymer-a3775725,new_enriched
Ashley,Ellender,Ashley Ellender,"Director, Partnership Services",NASCAR,NASCAR & Motorsports,Sports & Athletics,Director,aellender@nascar.com,,http://www.linkedin.com/in/ashley-ellender-777602190,new_enriched
Murphy,Jones,Murphy Jones,"Director, Partnership Strategy",NASCAR,NASCAR & Motorsports,Sports & Athletics,Director,mjjones@nascar.com,,http://www.linkedin.com/in/murphyjones,new_enriched
Krysten,Hoversen,Krysten Hoversen,"Director, Partnership Strategy",NASCAR,NASCAR & Motorsports,Sports & Athletics,Director,khoversen@nascar.com,,http://www.linkedin.com/in/krystenhoversen,new_enriched
Jodie,Sayer,Jodie Sayer,Head of Brand & Marketing,Arsenal F.C,Other Enterprise,Other,Head,jsayer@arsenal.co.uk,,http://www.linkedin.com/in/jodie-sayer-3a224738,new_enriched
Sandie,Brunetti,Sandie Brunetti,Head of Sponsorship Activation,Paris Saint-Germain,Global Football/Soccer Clubs,Sports & Athletics,Head,sbrunetti@psg.fr,,http://www.linkedin.com/in/sandie-brunetti-66a08b8,new_enriched
David,Vincent,David Vincent,Partnership Director,Manchester United,Global Football/Soccer Clubs,Sports & Athletics,Director,david.vincent@manutd.co.uk,,http://www.linkedin.com/in/davidvincent898,new_enriched
Laura,Lee,Laura Lee,Commercial Marketing Director,Chelsea Football Club,Global Football/Soccer Clubs,Sports & Athletics,Director,laura.lee@chelseafc.com,,http://www.linkedin.com/in/llee01,new_enriched
Joe,Hewison,Joe Hewison,Head of Brand & Consumer Marketing,Manchester United,Global Football/Soccer Clubs,Sports & Athletics,Head,joseph.hewison@manutd.co.uk,,http://www.linkedin.com/in/joe-hewison-6004761b,new_enriched
Miriam,Piacentini,Miriam Piacentini,Head of Brand and Marketing Communication,AC Milan,Global Football/Soccer Clubs,Sports & Athletics,Head,miriam.piacentini@acmilan.com,,http://www.linkedin.com/in/miriam-piacentini-04444ba,new_enriched
Paula,Serrano Riesgo,Paula Serrano Riesgo,Director of Partnership Creation,Real Madrid C.F.,Global Football/Soccer Clubs,Sports & Athletics,Director,pserrano@realmadrid.es,,http://www.linkedin.com/in/paula-serrano-riesgo-122a8121,new_enriched
Oliver,Boden,Oliver Boden,Partnership Sales Director,Chelsea Football Club,Global Football/Soccer Clubs,Sports & Athletics,Director,oliver.boden@chelseafc.com,,http://www.linkedin.com/in/oliver-boden-17b83125,new_enriched
Kel,Murphy,Kel Murphy,"Director, Partnership Solutions",Liverpool Football Club,Global Football/Soccer Clubs,Sports & Athletics,Director,kel.murphy@liverpoolfc.com,,http://www.linkedin.com/in/kel-murphy-a2a65119,new_enriched
Chloe,Nielsen,Chloe Nielsen,Global Partnership Director,Manchester United,Global Football/Soccer Clubs,Sports & Athletics,Director,chloe.nielsen@manutd.co.uk,,http://www.linkedin.com/in/chloe-nielsen-b9a6a729,new_enriched
Ian,Riddoch,Ian Riddoch,Director of Sponsorship Sales (Thailand),AEG,Concert Promoters & Festivals,Music & Live,Director,ian.riddoch@aegworldwide.com,,http://www.linkedin.com/in/ian-riddoch-9999957,new_enriched
Alexandra,Sardo,Alexandra Sardo,"Sr. Director, Partnership Strategy & Business Development",Live Nation Entertainment,Major Live Entertainment Venues,Music & Live,Director,alexandrasardo@livenation.com,,http://www.linkedin.com/in/alysardo,new_enriched
Andrea,Collins,Andrea Collins,Director of Premium & Sponsorship Sales,AEG,Concert Promoters & Festivals,Music & Live,Director,acollins@aegworldwide.com,,http://www.linkedin.com/in/andrea-collins-90181b101,new_enriched
Adam,Holmstrand,Adam Holmstrand,Director & Sales Manager Media & Sponsorship,Live Nation Entertainment,Major Live Entertainment Venues,Music & Live,Director,adam.holmstrand@livenation.com,,http://www.linkedin.com/in/adam-holmstrand-ab4901127,new_enriched
Rob,Perkins,Rob Perkins,"Vice President, Regional Sponsorship Sales",Live Nation Entertainment,Major Live Entertainment Venues,Music & Live,C-Suite,robertperkins@livenation.com,,http://www.linkedin.com/in/perkinsrob,new_enriched
Brett,Friedman,Brett Friedman,"Director, Global Partnership Sales",Madison Square Garden Entertainment Corp.,Major Live Entertainment Venues,Music & Live,Director,brett.friedman@msg.com,,http://www.linkedin.com/in/friedmanbrett,new_enriched
Abby,Tompkins,Abby Tompkins,"Director, Sponsorship Marketing",Live Nation Entertainment,Major Live Entertainment Venues,Music & Live,Director,abbytompkins@livenation.com,,http://www.linkedin.com/in/abbytompkins,new_enriched
Mike,Weaver,Mike Weaver,"Director, Corporate Partnership Management",LEARFIELD,College Athletics Rights,Agencies & Rights Holders,Director,mweaver@learfield.com,,http://www.linkedin.com/in/michaelweaver411,new_enriched
Madison,Hicks,Madison Hicks,"Director, Corporate Partnership Management",LEARFIELD,College Athletics Rights,Agencies & Rights Holders,Director,mhicks@learfield.com,,http://www.linkedin.com/in/madi-hicks,new_enriched
Chase,Belcak,Chase Belcak,"Director, Sponsorship & Ticket Sales",Playfly Sports,College Athletics Rights,Agencies & Rights Holders,Director,chase.belcak@playfly.com,,http://www.linkedin.com/in/chasebelcak,new_enriched
Logan,Davis,Logan Davis,Sr. Director of Sponsorship Sales,Playfly Sports,College Athletics Rights,Agencies & Rights Holders,Director,logan.davis@playfly.com,,http://www.linkedin.com/in/logan-davis-26a44849,new_enriched
Joshua,Himbury,Joshua Himbury,Director Sponsorship Sales - CIF Sports Properties,Playfly Sports,College Athletics Rights,Agencies & Rights Holders,Director,joshua.himbury@playfly.com,,http://www.linkedin.com/in/joshua-himbury,new_enriched
Erin,Sullivan,Erin Sullivan,"Senior Vice President, Corporate Partnership Management & Strategy",LEARFIELD,College Athletics Rights,Agencies & Rights Holders,C-Suite,erin.sullivan@learfield.com,,http://www.linkedin.com/in/erin-sullivan-026a7a52,new_enriched
Nick,Oldfather,Nick Oldfather,"Director, Partnership Activation - Big Ten Corporate Partnerships",Big Ten Conference,College Athletics Rights,Agencies & Rights Holders,Director,nick.oldfather@btn.com,,http://www.linkedin.com/in/nick-oldfather-80b37911,new_enriched
Christina,Monjarraz,Christina Monjarraz,Assistant Director- Marketing & Partnership Sales,Big 12 Conference,College Athletics Rights,Agencies & Rights Holders,Director,christina@big12sports.com,,http://www.linkedin.com/in/christina-monjarraz-710801286,new_enriched
Seth,Dewitt,Seth Dewitt,"Director, Partnership Services",Playfly Sports,College Athletics Rights,Agencies & Rights Holders,Director,seth.dewitt@playfly.com,,http://www.linkedin.com/in/sjdewitt86,new_enriched
Mallory,Berry,Mallory Berry,Director of Partnership Development,Playfly Sports,College Athletics Rights,Agencies & Rights Holders,Director,mallory.berry@playfly.com,,http://www.linkedin.com/in/mallorymberry,new_enriched
Alexander,Karapalevski,Alexander Karapalevski,President of Sponsorship Revenue,Rumble.com,Creator Economy Platforms,Creator & Learning,C-Suite,alex@rumble.com,,http://www.linkedin.com/in/alexander-karapalevski-84b21168,new_enriched
Leticia,Hirabayashi,Leticia Hirabayashi,"Director, Creator Acquisition",Patreon,Creator Economy Platforms,Creator & Learning,Director,lhirabayashi@patreon.com,,http://www.linkedin.com/in/leticia-hirabayashi-832a59b3,new_enriched
Emily,Lakin,Emily Lakin,Head of Creator Community,Patreon,Creator Economy Platforms,Creator & Learning,Head,emily.lakin@patreon.com,,http://www.linkedin.com/in/emilylakin,new_enriched
Gregory,Sherrill,Gregory Sherrill,"President of Sales, Rumble Advertising",Rumble,Creator Economy Platforms,Creator & Learning,C-Suite,greg.sherrill@rumble.com,,http://www.linkedin.com/in/gregorysherrill,new_enriched
Adam,Bauer,Adam Bauer,Global Vice President of Advertising,Discord,Creator Economy Platforms,Creator & Learning,C-Suite,adam.bauer@discordapp.com,,http://www.linkedin.com/in/adamrbauer,new_enriched
Stephanie,Hind,Stephanie Hind,Head of Top Creator Partnerships,Patreon,Creator Economy Platforms,Creator & Learning,Head,shind@patreon.com,,http://www.linkedin.com/in/stephaniehind,new_enriched
Lina,Renzina,Lina Renzina,Head of Top Creator Management,Patreon,Creator Economy Platforms,Creator & Learning,Head,lrenzina@patreon.com,,http://www.linkedin.com/in/linarenzina,new_enriched
Jen,Mozenter,Jen Mozenter,Head of Strategic Creator Partnerships,Patreon,Creator Economy Platforms,Creator & Learning,Head,jmozenter@patreon.com,,http://www.linkedin.com/in/jennifermozenter,new_enriched
Yishan,Lu,Yishan Lu,"Director of Account Management, Advertising Solutions",Discord,Creator Economy Platforms,Creator & Learning,Director,sally.lu@discordapp.com,,http://www.linkedin.com/in/sallylu,new_enriched
Edvin,Dapcevic,Edvin Dapcevic,"Director, Head of Entertainment, Advertising Solutions",Discord,Creator Economy Platforms,Creator & Learning,Head,edvin@discordapp.com,,http://www.linkedin.com/in/edap,new_enriched
Noah,Stein,Noah Stein,"Vice President, Sponsorships",CheckedUp,Other Enterprise,Other,C-Suite,noah.stein@checkedup.com,,http://www.linkedin.com/in/noahstein,new_enriched
Morgan,Moubayed,Morgan Moubayed,"Vice President, Sponsorships",Morgan Stanley,Financial Services Giants,Finance & Fintech,C-Suite,morgan.moubayed@morganstanley.com,,http://www.linkedin.com/in/morganmoubayed,new_enriched
Allie,Hahe,Allie Hahe,VP of Sponsorships,Sentinels,eSports Organizations,Sports & Athletics,VP,allie@sentinels.gg,,http://www.linkedin.com/in/alliehahe,new_enriched
Bill,Dreska,Bill Dreska,"VP, Sponsorships",MOTOTV Networks,Other Enterprise,Other,VP,bill.dreska@mototvnetwork.com,,http://www.linkedin.com/in/bill-dreska-83465219,new_enriched
Jeffrey,Jones,Jeffrey Jones,Vice President of Sponsorships,Blueprint Events,Other Enterprise,Other,C-Suite,jeff.jones@connectiv.com,,http://www.linkedin.com/in/jeffrey-jones-b6631222,new_enriched
April,Zik,April Zik,Vice President of Sponsorships,Kentucky Derby Festival,Other Enterprise,Other,C-Suite,azik@kdf.org,,http://www.linkedin.com/in/april-zik-1626249,new_enriched
Aaron,Kastner,Aaron Kastner,"Director, Corporate Partnership Marketing",Dallas Cowboys,NFL Teams (Individual Franchises),Sports & Athletics,Director,akastner@dallascowboys.net,,http://www.linkedin.com/in/aaronkastner,new_enriched
Rolla,Bradley,Rolla Bradley,"Director, Corporate Partnership Marketing",Dallas Cowboys,NFL Teams (Individual Franchises),Sports & Athletics,Director,rbradley@dallascowboys.net,,http://www.linkedin.com/in/rmbradley4,new_enriched
Katie,Stucky,Katie Stucky,"Vice President, Corporate Partnership Marketing & Operations",Dallas Cowboys,NFL Teams (Individual Franchises),Sports & Athletics,C-Suite,kstucky@dallascowboys.net,,http://www.linkedin.com/in/katie-stucky-03a9a613,new_enriched
Tyler,Potts,Tyler Potts,"Vice President, Corporate Partnership Sales & Strategy",Dallas Cowboys,NFL Teams (Individual Franchises),Sports & Athletics,C-Suite,tpotts@dallascowboys.net,,http://www.linkedin.com/in/tyler-potts-32018926,new_enriched
Cameron,O'Toole,Cameron O'Toole,"Director, Partnership Sales",San Francisco 49ers,NFL Teams (Individual Franchises),Sports & Athletics,Director,cameron.o'toole@49ers-smc.com,,http://www.linkedin.com/in/cameron-otoole,new_enriched
Kevin,Hilton,Kevin Hilton,"Executive Vice President, Corporate Partnership",San Francisco 49ers,NFL Teams (Individual Franchises),Sports & Athletics,C-Suite,kevin.hilton@49ers.com,,http://www.linkedin.com/in/kevinhilton,new_enriched
Michelle,Rosar,Michelle Rosar,"Senior Director, Partnership Marketing",San Francisco 49ers,NFL Teams (Individual Franchises),Sports & Athletics,Director,michelle.rosar@49ers.com,,http://www.linkedin.com/in/michelle-rosar,new_enriched
Poole,,Poole,Director of Partnership Sales and Activation,Pittsburgh Steelers,NFL Teams (Individual Franchises),Sports & Athletics,Director,poolea@steelers.nfl.com,,http://www.linkedin.com/in/a-j-poole-6171b76,new_enriched
Ryan,Connors,Ryan Connors,"Senior Director, Partnership Sales",San Francisco 49ers,NFL Teams (Individual Franchises),Sports & Athletics,Director,ryan.connors@49ers.com,,http://www.linkedin.com/in/ryan-connors-5366b129,new_enriched
Drew,Ferguson,Drew Ferguson,"Director, Creative Video & Corporate Partnership Video",Dallas Cowboys,NFL Teams (Individual Franchises),Sports & Athletics,Director,dferguson@dallascowboys.net,,http://www.linkedin.com/in/iamdrewferguson,new_enriched
Guillaume,Sabran,Guillaume Sabran,Head of Sponsorship & Licensing,UEFA,International Soccer Leagues & Federations,Sports & Athletics,Head,guillaume.sabran@uefa.ch,,http://www.linkedin.com/in/guillaume-sabran-49032a1,new_enriched
Nicolas,Unanue,Nicolas Unanue,Head of Partnership Sales,FIFA,International Soccer Leagues & Federations,Sports & Athletics,Head,nicolas.unanue@fifa.org,,http://www.linkedin.com/in/nicolas-unanue-b6667842,new_enriched
Aldo,Kafie,Aldo Kafie,Head of Partnership Management,FIFA,International Soccer Leagues & Federations,Sports & Athletics,Head,aldo.kafie@fifa.org,,http://www.linkedin.com/in/aldo-kafie-7958a41,new_enriched
Enrico,Scavini,Enrico Scavini,Head of Partnership Projects,Lega Serie A,International Soccer Leagues & Federations,Sports & Athletics,Head,enrico.scavini@legaseriea.it,,http://www.linkedin.com/in/enrico-scavini-90b73011a,new_enriched
Matthieu,Maignal,Matthieu Maignal,VP Sponsorship / Directeur des Partenariats,LFP - Ligue de Football Professionnel,International Soccer Leagues & Federations,Sports & Athletics,VP,matthieu.maignal@lfpmedia.fr,,http://www.linkedin.com/in/matthieumaignal,new_enriched
Maria,Lapena Reguero,Maria Lapena Reguero,Head of Brand Identity,LALIGA,International Soccer Leagues & Federations,Sports & Athletics,Head,mlapena@laliga.es,,http://www.linkedin.com/in/mar%c3%ada-lape%c3%b1a-reguero-32b68384,new_enriched
Thomas,Klar,Thomas Klar,Head of Brand Operations,UEFA,International Soccer Leagues & Federations,Sports & Athletics,Head,thomas.klar@uefa.ch,,http://www.linkedin.com/in/thomas-klar-81b6532a,new_enriched
Tom,Greenwood,Tom Greenwood,Commercial Director,The Premier League,International Soccer Leagues & Federations,Sports & Athletics,Director,tgreenwood@premierleague.com,,http://www.linkedin.com/in/tom-greenwood-24a61217,new_enriched
Michele,Ciccarese,Michele Ciccarese,Commercial & Marketing Director,Lega Serie A,International Soccer Leagues & Federations,Sports & Athletics,Director,michele.ciccarese@legaseriea.it,,http://www.linkedin.com/in/micheleciccarese,new_enriched
Jason,Climaco,Jason Climaco,"Media Director, Brand Experience",Jack in the Box,Global QSR Chains (Emerging),Food & Beverage,Director,jason.climaco@jackinthebox.com,,http://www.linkedin.com/in/jasonclimaco,new_enriched
Dustin,Britt,Dustin Britt,"Executive Director, Brand Strategy, Entertainment & Media Investment",Chick-fil-A Corporate Support Center,Global QSR Chains (Emerging),Food & Beverage,Director,dustin.britt@chick-fil-a.com,,http://www.linkedin.com/in/jdbritt,new_enriched
Kelly,Coughlin,Kelly Coughlin,Brand Director,The Wendy's Company,Global QSR Chains (Emerging),Food & Beverage,Director,kelly.coughlin@wendys.com,,http://www.linkedin.com/in/kblumenschein,new_enriched
Tevie,Givens,Tevie Givens,"Director, Brand Strategy",Chick-fil-A Corporate Support Center,Global QSR Chains (Emerging),Food & Beverage,Director,tevie.givens@cfacorp.com,,http://www.linkedin.com/in/teviegivens,new_enriched
Marykate,Lampron,Marykate Lampron,"Director, Brand Engagement",Panera Bread,Global QSR Chains (Emerging),Food & Beverage,Director,marykate.lampron@panerabread.com,,http://www.linkedin.com/in/marykatelampron,new_enriched
Jessica,Deprizio,Jessica Deprizio,"Director, Brand Marketing",Jack in the Box,Global QSR Chains (Emerging),Food & Beverage,Director,jessica.deprizio@jackinthebox.com,,http://www.linkedin.com/in/jessicadeprizio,new_enriched
Brian,Smith,Brian Smith,"Director, Brand Planning",Chick-fil-A Corporate Support Center,Global QSR Chains (Emerging),Food & Beverage,Director,brian.smith@chick-fil-a.com,,http://www.linkedin.com/in/hellobrianmsmith,new_enriched
Suzanne,Perry,Suzanne Perry,Global Media Director,KFC,QSR/Restaurants,Food & Beverage,Director,suzanne.perry@yum.com,,http://www.linkedin.com/in/suzanneperry123,new_enriched
Lindsay,Carolla,Lindsay Carolla,"Director, Media and Partnerships",The Wendy's Company,Global QSR Chains (Emerging),Food & Beverage,Director,lindsay.carolla@wendys.com,,http://www.linkedin.com/in/lindsaycarolla,new_enriched
Kendra,Dembro,Kendra Dembro,Vice President Brand Marketing,Panera Bread,Global QSR Chains (Emerging),Food & Beverage,C-Suite,kendra.dembro@panerabread.com,,http://www.linkedin.com/in/kendradembro,new_enriched
Coco,Yang,Coco Yang,"Brand Marketing and Communication Director, GCN",Logitech,Consumer Electronics Peripherals,Tech & SaaS,Director,cyang14@logitech.com,,http://www.linkedin.com/in/coco-yang-8900159a,new_enriched
Justin,Ye,Justin Ye,Brand Director,Anker Innovations LTD,Consumer Electronics Peripherals,Tech & SaaS,Director,justin.ye@anker.com,,http://www.linkedin.com/in/justin-ye-66a53984,new_enriched
Kai,Dai,Kai Dai,Global Brand Director,Anker Innovations LTD,Consumer Electronics Peripherals,Tech & SaaS,Director,kai.dai@anker.com,,http://www.linkedin.com/in/d-dai,new_enriched
Steve,Kang,Steve Kang,"Director, Global Brand Management",SteelSeries,Consumer Electronics Peripherals,Tech & SaaS,Director,steve.kang@steelseries.com,,http://www.linkedin.com/in/skang104,new_enriched
Danielle,Ouellette,Danielle Ouellette,Head of Brand and Creative Activation,Logitech,Consumer Electronics Peripherals,Tech & SaaS,Head,douellette@logitech.com,,http://www.linkedin.com/in/daniellemouellette,new_enriched
Camille,Mercier,Camille Mercier,"Director, Head of PWS New Marketing Initiatives",Logitech,Consumer Electronics Peripherals,Tech & SaaS,Head,cmercier@logitech.com,,http://www.linkedin.com/in/camille-equios-mercier-3bab8b7b,new_enriched
Jen,Wei,Jen Wei,Head of Marketing,Belkin,Consumer Electronics Peripherals,Tech & SaaS,Head,jen.wei@belkin.com,,http://www.linkedin.com/in/jen-wei-this-is-the-way,new_enriched
Paige,Lutter,Paige Lutter,Head of Global Brand Strategy & Governance,Logitech,Consumer Electronics Peripherals,Tech & SaaS,Head,plutter@logitech.com,,http://www.linkedin.com/in/paigelutter,new_enriched
Tiffany,Ross,Tiffany Ross,Director of Growth,Seed Health,DTC Telehealth & Wellness,Health & Wellness,Director,tiffany@seed.com,,http://www.linkedin.com/in/tiffanyraeross,new_enriched
Laura,Brodie,Laura Brodie,Chief Growth Officer,Ritual,Other Enterprise,Other,C-Suite,laura@ritual.com,,http://www.linkedin.com/in/laurabrodie,new_enriched
Hanna,Pandya,Hanna Pandya,"Director of Growth, Media",Ritual,Other Enterprise,Other,Director,hanna.pandya@ritual.com,,http://www.linkedin.com/in/hannaschmitz,new_enriched
Marisa,Baker,Marisa Baker,"Director, Category Growth",hims & hers,DTC Telehealth & Wellness,Health & Wellness,Director,mepstein@forhims.com,,http://www.linkedin.com/in/marisa-epstein,new_enriched
Felix,Lacroix,Felix Lacroix,"Head of Growth, Canada",hims & hers,DTC Telehealth & Wellness,Health & Wellness,Head,flacroix@forhims.com,,http://www.linkedin.com/in/felixlacroixcb,new_enriched
Sam,Miller,Sam Miller,"Head of Growth, UK",hims & hers,DTC Telehealth & Wellness,Health & Wellness,Head,samiller@forhims.com,,http://www.linkedin.com/in/sammiller1989,new_enriched
Anna,Hewson,Anna Hewson,Vice President of Brand,Ritual,Other Enterprise,Other,C-Suite,anna@ritual.com,,http://www.linkedin.com/in/anna-hewson-9252b39,new_enriched
Samson,Desta,Samson Desta,Vice President Brand Management & Partnership Development,CNN,Media/Entertainment,Media & Publishing,C-Suite,samson.desta@cnn.com,,http://www.linkedin.com/in/samson-desta-b86ba7b,new_enriched
Gail,Arena,Gail Arena,Advertising Director,The New York Times,Major News Publishers,Media & Publishing,Director,garena@nytimes.com,,http://www.linkedin.com/in/gail-arena-653a025,new_enriched
Dana,Glosman,Dana Glosman,"Executive Director, Sponsorship Sales",Bloomberg LP,Major News Publishers,Media & Publishing,Director,dglosman@bloomberg.net,,http://www.linkedin.com/in/dana-demattia-glosman-43a3166,new_enriched
Tammy,Szyba,Tammy Szyba,"Director, Advertising Finance",The New York Times,Major News Publishers,Media & Publishing,Director,tammy_szyba@nytimes.com,,http://www.linkedin.com/in/tammy-szyba,new_enriched
Chris,Woodall,Chris Woodall,Head of European Advertising,The Wall Street Journal,Major News Publishers,Media & Publishing,Head,chris.woodall@dowjones.com,,http://www.linkedin.com/in/chris-woodall-b22b6811,new_enriched
Raphael,Rennuit,Raphael Rennuit,Advertising Sales Director,The New York Times,Major News Publishers,Media & Publishing,Director,raphael.rennuit@nytimes.com,,http://www.linkedin.com/in/raphael-rennuit-0141119,new_enriched
Russell,Foxley,Russell Foxley,Head of Data (Advertising),The Guardian,Major News Publishers,Media & Publishing,Head,russell.foxley@guardian.co.uk,,http://www.linkedin.com/in/russellfoxley,new_enriched
Ben,Torres,Ben Torres,"Director, Advertising Analytics",The New York Times,Major News Publishers,Media & Publishing,Director,ben.torres@nytimes.com,,http://www.linkedin.com/in/ben-torres,new_enriched
Bukola,Olawuni,Bukola Olawuni,Advertising Sales Director,CNN,Media/Entertainment,Media & Publishing,Director,bolawuni@cnn.com,,http://www.linkedin.com/in/bukola333,new_enriched
Robin,Hartmann,Robin Hartmann,Advertising Sales Director,The New York Times,Major News Publishers,Media & Publishing,Director,rhartmann@nytimes.com,,http://www.linkedin.com/in/rhartmann1,new_enriched
Elisa,Wills,Elisa Wills,"Brand Director, North America Sports Marketing",Procter & Gamble,CPG Household & Personal Care,Beauty & Personal Care,Director,wills.em@pg.com,,http://www.linkedin.com/in/elisa-wills-932b2a14,new_enriched
Nathan,Navarro,Nathan Navarro,Director of Brand Marketing,SC Johnson,CPG Household & Personal Care,Beauty & Personal Care,Director,nathan.navarro@scjohnson.com,,http://www.linkedin.com/in/nathanbriannavarro,new_enriched
Audrey,Holmes,Audrey Holmes,Brand/Marketing Director,Procter & Gamble,CPG Household & Personal Care,Beauty & Personal Care,Director,holmes.a@pg.com,,http://www.linkedin.com/in/audrey-holmes-b2ab0893,new_enriched
Bo,Harrison,Bo Harrison,Brand and Marketing Director,Procter & Gamble,CPG Household & Personal Care,Beauty & Personal Care,Director,harrison.rk@pg.com,,http://www.linkedin.com/in/bo-harrison-2944a19,new_enriched
Brittany,Cordsen,Brittany Cordsen,Director of Brand Marketing,Procter & Gamble,CPG Household & Personal Care,Beauty & Personal Care,Director,cordsen.bk@pg.com,,http://www.linkedin.com/in/brittany-cordsen-19741191,new_enriched
Kazuki,Kamihira,Kazuki Kamihira,Director of Brand Marketing,Procter & Gamble,CPG Household & Personal Care,Beauty & Personal Care,Director,kamihira.k@pg.com,,http://www.linkedin.com/in/kazuki-kamihira-a68149171,new_enriched
Tao,Li,Tao Li,Brand Marketing Director,宝洁,Other Enterprise,Other,Director,li.t@pg.com,,http://www.linkedin.com/in/%e6%b6%9b-%e6%9d%8e-b04a701a5,new_enriched
Kelly,Cooney,Kelly Cooney,Associate Director Brand Marketing,The Clorox Company,CPG Household & Personal Care,Beauty & Personal Care,Director,kelly.cooney@thecloroxcompany.com,,http://www.linkedin.com/in/kellycooney,new_enriched
Lia,Pan,Lia Pan,"Global Brand Marketing Director, Dettol",Reckitt,CPG Household & Personal Care,Beauty & Personal Care,Director,lia.pan@reckitt.com,,http://www.linkedin.com/in/lia-p-38699b2b,new_enriched
Vadim,Maziya,Vadim Maziya,Brand Marketing Director (Oral Care),Procter & Gamble,CPG Household & Personal Care,Beauty & Personal Care,Director,maziya.v@pg.com,,http://www.linkedin.com/in/vadim-maziya,new_enriched
Julie,Lee,Julie Lee,Director Brand & Sports Marketing,"Lowe's Companies, Inc.",Home Improvement & Big Box Home,Retail & Home,Director,julie.lee@lowes.com,,http://www.linkedin.com/in/juliealee1,new_enriched
Jaclyn,Ruelle,Jaclyn Ruelle,VP Brand Marketing,Bed Bath & Beyond,Home Improvement & Big Box Home,Retail & Home,VP,jruelle@beyond.com,,http://www.linkedin.com/in/jaclynruelle,new_enriched
Amy,Kincaid,Amy Kincaid,"Associate Director, Talent Management (HR Business Partnership)",Wayfair,Home Improvement & Big Box Home,Retail & Home,Director,akincaid@wayfair.com,,http://www.linkedin.com/in/amy-kincaid-34434a1a4,new_enriched
Kristina,Panuski,Kristina Panuski,Vice President Brand and Category Marketing,"Lowe's Companies, Inc.",Home Improvement & Big Box Home,Retail & Home,C-Suite,kristina.e.panuski@lowes.com,,http://www.linkedin.com/in/kristina-panuski,new_enriched
Davenport,Robinson,Davenport Robinson,"Sr. Director, Brand and Category Marketing","Lowe's Companies, Inc.",Home Improvement & Big Box Home,Retail & Home,Director,davenport.d.robinson@lowes.com,,http://www.linkedin.com/in/sarahdavenportnoble,new_enriched
Claudia,Pitt,Claudia Pitt,"Director, Brand and Category Marketing for Pro, Services and Building Products","Lowe's Companies, Inc.",Home Improvement & Big Box Home,Retail & Home,Director,claudia.pitt@lowes.com,,http://www.linkedin.com/in/claudia-m-pitt,new_enriched
Will,Bishop,Will Bishop,Partnership Director,Autotrader,Online Auto Marketplaces,Auto & Mobility,Director,william.bishop@autotrader.co.uk,,http://www.linkedin.com/in/will-bishop-9308392,new_enriched
Stephen,Cunningham,Stephen Cunningham,Partnership Director,Autotrader,Online Auto Marketplaces,Auto & Mobility,Director,stephen.cunningham@autotrader.co.uk,,http://www.linkedin.com/in/stephenwcunningham,new_enriched
Kerry,Richards,Kerry Richards,Partnership Director,Autotrader,Online Auto Marketplaces,Auto & Mobility,Director,kerry.richards@autotrader.co.uk,,http://www.linkedin.com/in/kerry-richards-8a323770,new_enriched
James,Francis,James Francis,Partnership Director,Autotrader,Online Auto Marketplaces,Auto & Mobility,Director,james.francis@autotrader.co.uk,,http://www.linkedin.com/in/james-francis-a0801512b,new_enriched
Chris,Watson,Chris Watson,Partnership Director,Auto Trader UK,Other Enterprise,Other,Director,chris.watson@autotrader.co.uk,,http://www.linkedin.com/in/chris-watson-56a77844,new_enriched
Alex,Mather,Alex Mather,Partnership Director,Auto Trader UK,Other Enterprise,Other,Director,alex.mather@autotrader.co.uk,,http://www.linkedin.com/in/alex--mather,new_enriched
Jonathan,Jones,Jonathan Jones,Partnership Director,Autotrader,Online Auto Marketplaces,Auto & Mobility,Director,jonathan.jones@autotrader.co.uk,,http://www.linkedin.com/in/jonathan-jones-4bb85350,new_enriched
Ryan,Bell,Ryan Bell,Partnership Director,Autotrader,Online Auto Marketplaces,Auto & Mobility,Director,ryan.bell@autotrader.co.uk,,http://www.linkedin.com/in/ryan-bell-256a14111,new_enriched
Oliver,Rushton,Oliver Rushton,Senior Partnership Director,Autotrader,Online Auto Marketplaces,Auto & Mobility,Director,oliver.rushton@autotrader.co.uk,,http://www.linkedin.com/in/oliver-rushton-494a55156,new_enriched
David,Griffiths,David Griffiths,Senior Partnership Director,Autotrader,Online Auto Marketplaces,Auto & Mobility,Director,david.griffiths@autotrader.co.uk,,http://www.linkedin.com/in/david-griffiths-90345135,new_enriched
Hong-Chu,Jhon,Hong-Chu Jhon,Head of Korea Global Corporate Partnership,Major League Baseball (MLB),MLB Teams & League,Sports & Athletics,Head,hong-chu.jhon@mlb.com,,http://www.linkedin.com/in/hong-chu-jhon-5b454626,new_enriched
Ashley,Facchini,Ashley Facchini,"Senior Director, Corporate Partnership Development",Chicago Cubs,MLB Teams & League,Sports & Athletics,Director,afacchini@cubs.com,,http://www.linkedin.com/in/ashley-facchini-5b593525,new_enriched
Josh,Goldblatt,Josh Goldblatt,"Senior Director, Partnership Sales",New York Yankees,MLB Teams & League,Sports & Athletics,Director,jgoldblatt@yankees.com,,http://www.linkedin.com/in/josh-goldblatt-2a607614,new_enriched
Daniel,Gallivan,Daniel Gallivan,Vice President-Partnership Sales,New York Yankees,MLB Teams & League,Sports & Athletics,C-Suite,dgallivan@yankees.com,,http://www.linkedin.com/in/daniel-gallivan-a53bb16,new_enriched
Tim,Hedstrom,Tim Hedstrom,Senior Director Sponsorship Sales,Major League Baseball,MLB Teams & League,Sports & Athletics,Director,tim.hedstrom@mlb.com,,http://www.linkedin.com/in/tim-hedstrom-4218958,new_enriched
Jon,Houchin,Jon Houchin,"SVP, Sponsorship",Major League Baseball,MLB Teams & League,Sports & Athletics,VP,jon.houchin@mlb.com,,http://www.linkedin.com/in/jon-houchin-93747247,new_enriched
Brad,Salvatore,Brad Salvatore,"Vice President, Sponsorship & Media Sales",Major League Baseball,MLB Teams & League,Sports & Athletics,C-Suite,brad.salvatore@mlb.com,,http://www.linkedin.com/in/bradsalvatore,new_enriched
Carrie,Kwok,Carrie Kwok,"Senior Director, Media and Sponsorship Sales",Major League Baseball,MLB Teams & League,Sports & Athletics,Director,carrie.kwok@mlb.com,,http://www.linkedin.com/in/carrie-k-3839a05,new_enriched
Chris,Robertson,Chris Robertson,"Senior Director, Sponsorship Events & Operations",New York Football Giants,NFL Teams (Individual Franchises),Sports & Athletics,Director,chris.robertson@giants.nfl.net,,http://www.linkedin.com/in/chris-robertson-31445836a,new_enriched
Courtney,Coppotelli,Courtney Coppotelli,"VP, Partnership Activation - MLB Sponsorship",Major League Baseball,MLB Teams & League,Sports & Athletics,VP,courtney.coppotelli@mlb.com,,http://www.linkedin.com/in/courtney-connors-coppotelli-5823682,new_enriched
Jade,Marson,Jade Marson,Director of Global Brand Revenue Strategy,Condé Nast,Major News Publishers,Media & Publishing,Director,jade_marson@condenast.com,,http://www.linkedin.com/in/jade-marson-57347aa7,new_enriched
Nicola,Anderson,Nicola Anderson,Advertising Director,conde nast,Major News Publishers,Media & Publishing,Director,nicola.anderson@condenast.com,,http://www.linkedin.com/in/nicola-anderson-7442007,new_enriched
Christine,Wu,Christine Wu,Advertising Director,Conde Nast-Interculture,Major News Publishers,Media & Publishing,Director,christine_wu@condenast.com,,http://www.linkedin.com/in/christine-wu-84a62370,new_enriched
Thomas,Greaney,Thomas Greaney,"SVP, Revenue Product — Advertising, Subscriptions & Commerce",Condé Nast,Major News Publishers,Media & Publishing,VP,thomas_greaney@condenast.com,,http://www.linkedin.com/in/thomas-greaney-2b305963,new_enriched
Akshaya,Kolhe,Akshaya Kolhe,Revenue Head,ESPN India & South Asia,Major News Publishers,Media & Publishing,Other,akshaya.kolhe@espn.com,,http://www.linkedin.com/in/akshaya-kolhe-70b19b10,new_enriched
Kate,Sinnott,Kate Sinnott,"VP, Corporate Sponsorship",NPR,Media/Entertainment,Media & Publishing,VP,ksinnott@npr.org,,http://www.linkedin.com/in/katesinnott,new_enriched
Peri,Bannon,Peri Bannon,"Director, Advertising Yield",Condé Nast,Major News Publishers,Media & Publishing,Director,peri_bannon@condenast.com,,http://www.linkedin.com/in/peribannon,new_enriched
Chloe,Li,Chloe Li,Deputy Advertising Director,Condé Nast,Major News Publishers,Media & Publishing,Director,cli@condenast.fr,,http://www.linkedin.com/in/chloe-li-b7a77326,new_enriched
Brendan,O'Donnell,Brendan O'Donnell,"Director, Advertising Research",Condé Nast,Major News Publishers,Media & Publishing,Director,brendan_odonnell@condenast.com,,http://www.linkedin.com/in/brendan-o-donnell-2961328,new_enriched
Edward,Fritz,Edward Fritz,"Vice President, Advertising",Hearst,Major News Publishers,Media & Publishing,C-Suite,edward.fritz@hearst.com,,http://www.linkedin.com/in/fritzedward,new_enriched
Elliott,Cowburn,Elliott Cowburn,"Director, Partnership Marketing",National Hockey League (NHL),NHL Teams & League,Sports & Athletics,Director,ecowburn@nhl.com,,http://www.linkedin.com/in/elliott-cowburn-msc-78b97247,new_enriched
Mitch,Sharma,Mitch Sharma,Director - Partnership Marketing,National Hockey League (NHL),NHL Teams & League,Sports & Athletics,Director,msharma@nhl.com,,http://www.linkedin.com/in/mitchsharma,new_enriched
Andrew,Kavanagh,Andrew Kavanagh,"Senior Director, Partnership Marketing",National Hockey League (NHL),NHL Teams & League,Sports & Athletics,Director,akavanagh@nhl.com,,http://www.linkedin.com/in/andrewkavanagh9,new_enriched
Sheldon,Kiernan,Sheldon Kiernan,"Senior Director, Partnership Marketing",National Hockey League (NHL),NHL Teams & League,Sports & Athletics,Director,skiernan@nhl.com,,http://www.linkedin.com/in/sheldon-kiernan-3a966133,new_enriched
Evin,Dobson,Evin Dobson,"Senior Vice President, Partnership Marketing",National Hockey League (NHL),NHL Teams & League,Sports & Athletics,C-Suite,edobson@nhl.com,,http://www.linkedin.com/in/evin-dobson-375b1b3,new_enriched
Kristy,Reitz,Kristy Reitz,Director Brand and Design,ALDI USA,Grocery & Supermarket Chains,Retail & Home,Director,kristy.reitz@aldi.us,,http://www.linkedin.com/in/kristy-reitz-72849aab,new_enriched
Eric,Wendorff,Eric Wendorff,Wegmans Brand Culinary Director,Wegmans Food Markets,Grocery & Supermarket Chains,Retail & Home,Director,eric.wendorff@wegmans.com,,http://www.linkedin.com/in/eric-wendorff-5539b215,new_enriched
Steven,Bement,Steven Bement,Vice President Wegmans Brand,Wegmans Food Markets,Grocery & Supermarket Chains,Retail & Home,C-Suite,steve.bement@wegmans.com,,http://www.linkedin.com/in/steven-bement-357894230,new_enriched
Christopher,Cecchine,Christopher Cecchine,Vice President of Brand Experience,H-E-B,Grocery & Supermarket Chains,Retail & Home,C-Suite,cecchine.chris@heb.com,,http://www.linkedin.com/in/christophercecchine,new_enriched
Tessa,Anzalone,Tessa Anzalone,"Director, Brand Marketing & Consumer Insights",Publix Super Markets,Grocery & Supermarket Chains,Retail & Home,Director,tessa.anzalone@publix.com,,http://www.linkedin.com/in/tessa-anzalone-6a06312b,new_enriched
Julie,Blubaugh,Julie Blubaugh,Local Sourcing + Brand Development Director,Whole Foods Market,Grocery & Supermarket Chains,Retail & Home,Director,julie.blubaugh@wholefoods.com,,http://www.linkedin.com/in/julie-blubaugh-9b904478,new_enriched
Debra,Elton,Debra Elton,"Director, Own Brand Quality Assurance",H-E-B,Grocery & Supermarket Chains,Retail & Home,Director,elton.debra@heb.com,,http://www.linkedin.com/in/debra-elton-a4435630,new_enriched
Don,Hawkins,Don Hawkins,Director - Own Brand Design & Innovation,Retired,Other Enterprise,Other,Director,hawkins.don@heb.com,,http://www.linkedin.com/in/don-hawkins-a3915b8,new_enriched
Matt,Gizzi,Matt Gizzi,"Executive Director, Sports Brand Solutions - Sponsorship Activation",The Walt Disney Company,Big Media Networks & Studios,Media & Publishing,Director,matt.gizzi@disney.com,,http://www.linkedin.com/in/mattgizzi,new_enriched
Rathin,Verma,Rathin Verma,"Director, Brand Solutions",Warner Bros. Discovery,Big Media Networks & Studios,Media & Publishing,Director,rathin.verma@wbd.com,,http://www.linkedin.com/in/rathinverma,new_enriched
Carley,Strauss,Carley Strauss,Director of Integrated Marketing,Warner Bros. Discovery,Big Media Networks & Studios,Media & Publishing,Director,carley.strauss@wbd.com,,http://www.linkedin.com/in/carleystrauss,new_enriched
Alisha,Stevens,Alisha Stevens,Director Integrated Marketing,Warner Bros. Discovery,Big Media Networks & Studios,Media & Publishing,Director,alisha.stevens@wbd.com,,http://www.linkedin.com/in/alishastevens,new_enriched
